CASE_ID,ACCIDENT_YEAR,PROC_DATE,JURIS,COLLISION_DATE,COLLISION_TIME,OFFICER_ID,REPORTING_DISTRICT,DAY_OF_WEEK,CHP_SHIFT,POPULATION,CNTY_CITY_LOC,SPECIAL_COND,BEAT_TYPE,CHP_BEAT_TYPE,CITY_DIVISION_LAPD,CHP_BEAT_CLASS,BEAT_NUMBER,PRIMARY_RD,SECONDARY_RD,DISTANCE,DIRECTION,INTERSECTION,WEATHER_1,WEATHER_2,STATE_HWY_IND,CALTRANS_COUNTY,CALTRANS_DISTRICT,STATE_ROUTE,ROUTE_SUFFIX,POSTMILE_PREFIX,POSTMILE,LOCATION_TYPE,RAMP_INTERSECTION,SIDE_OF_HWY,TOW_AWAY,COLLISION_SEVERITY,NUMBER_KILLED,NUMBER_INJURED,PARTY_COUNT,PRIMARY_COLL_FACTOR,PCF_CODE_OF_VIOL,PCF_VIOL_CATEGORY,PCF_VIOLATION,PCF_VIOL_SUBSECTION,HIT_AND_RUN,TYPE_OF_COLLISION,MVIW,PED_ACTION,ROAD_SURFACE,ROAD_COND_1,ROAD_COND_2,LIGHTING,CONTROL_DEVICE,CHP_ROAD_TYPE,PEDESTRIAN_ACCIDENT,BICYCLE_ACCIDENT,MOTORCYCLE_ACCIDENT,TRUCK_ACCIDENT,NOT_PRIVATE_PROPERTY,ALCOHOL_INVOLVED,STWD_VEHTYPE_AT_FAULT,CHP_VEHTYPE_AT_FAULT,COUNT_SEVERE_INJ,COUNT_VISIBLE_INJ,COUNT_COMPLAINT_PAIN,COUNT_PED_KILLED,COUNT_PED_INJURED,COUNT_BICYCLIST_KILLED,COUNT_BICYCLIST_INJURED,COUNT_MC_KILLED,COUNT_MC_INJURED,PRIMARY_RAMP,SECONDARY_RAMP,LATITUDE,LONGITUDE,COUNTY,CITY,POINT_X,POINT_Y
6990617,2015,2015-08-29,9730,2015-07-09,0644,016537,,4,1,9,2700,0,3,5,,2,003,"RIVER RD","PINE CANYON RD",350.00,N,N,B,-,N,,,,,,,,,,Y,2,0,1,2,A,-,06,21750,,N,D,C,A,B,H,-,A,D,0,,,Y,,Y,,C,02,1,0,0,0,0,0,0,0,1,"- ","- ",36.597920000000002,-121.62633,MONTEREY,UNINCORPORATED,-121.62610436999999,36.5978353
8021890,2016,2016-04-28,2708,2016-03-09,0943,97440,,3,5,6,2708,0,0,0,,0,,FREEDOM,"NORTH SANBORN RD",0.00,,Y,A,-,N,,,,,,,,,,Y,2,0,1,2,A,-,12,21453,A,N,D,C,A,A,H,-,A,A,0,,,,,Y,,-,,1,0,0,0,0,0,0,0,0,"- ","- ",,,MONTEREY,SALINAS,-121.60134986,36.692130040000002
8617451,2017,2018-05-24,2708,2017-03-23,0558,37663,,4,5,6,2708,0,0,0,,0,010,"JOHN ST","MAGNOLIA ST",0.00,,Y,B,-,N,,,,,,,,,,,2,0,1,2,D,-,00,,,F,-,B,-,A,H,-,C,D,0,Y,,,,Y,,-,"- ",1,0,0,0,1,0,0,0,0,"- ","- ",,,MONTEREY,SALINAS,-121.62834991,36.669380070000003
8737946,2018,2018-11-27,2708,2018-10-29,1053,12507,,1,5,6,2708,0,0,0,,0,006,"NORTH MAIN ST","MENKE ST",270.00,N,N,A,-,N,,,,,,,,,,Y,2,0,1,3,A,-,09,21804,A,N,D,C,A,A,H,-,A,D,0,,,,,Y,,-,,1,0,0,0,0,0,0,0,0,"- ","- ",,,MONTEREY,SALINAS,-121.65335083007812,36.682888031005859
8986056,2019,2019-12-03,2708,2019-10-21,0735,34273,SALIN,1,5,6,2708,0,0,0,,0,005,"EAST LAUREL DR","LASSEN DR",0.00,,Y,A,-,N,,,,,,,,,,N,2,0,1,2,A,-,10,21950,A,N,G,B,B,A,H,-,A,D,0,Y,,,,Y,,A,07,1,0,0,0,1,0,0,0,0,"- ","- ",,,MONTEREY,SALINAS,,
9301714,2021,2021-10-07,2708,2021-08-09,2108,52823,,1,5,6,2708,0,0,0,,0,006,"NORTH DAVIS RD","WEST ROSSI ST",414.00,N,N,A,-,N,,,,,,,,,,Y,1,1,0,1,A,-,08,22107,,N,F,I,A,A,H,-,C,D,0,,,,,Y,,A,07,0,0,0,0,0,0,0,0,0,"- ","- ",,,MONTEREY,SALINAS,-121.67103576660156,36.689300537109375
90862784,2018,2018-11-19,9735,2018-11-01,1630,020710,,4,2,9,2700,0,2,4,,2,010,"ARROYO SECO ROAD","CLARK ROAD",5280.00,S,N,A,-,N,,,,,,,,,,Y,2,0,2,2,A,-,09,21804,A,N,D,C,A,A,H,-,A,D,0,,,,,Y,,D,22,1,0,1,0,0,0,0,0,0,"- ","- ",36.334918975830078,-121.31671142578125,MONTEREY,UNINCORPORATED,-121.31663513183594,36.334579467773438
91633508,2021,2021-11-23,9730,2021-11-15,0945,019239,,1,1,9,2700,0,1,3,,2,062,"SR-1 SB","SR-218 U.C.",1584.00,N,N,A,-,Y,,,,,,,,,,N,2,0,1,2,A,-,07,21658,A,F,B,C,A,A,H,-,A,D,0,,,,,Y,,A,01,1,0,0,0,0,0,0,0,0,"- ","- ",36.613201141357422,-121.85379791259766,MONTEREY,UNINCORPORATED,-121.85402679443359,36.613002777099609
91751626,2022,2022-04-19,9730,2022-03-21,1530,019239,,1,2,9,2700,0,2,4,,2,063,"WEST BLANCO ROAD","WEST ALISAL STREET",800.00,W,N,A,-,N,,,,,,,,,,Y,1,1,0,2,A,-,01,23152,A,F,D,C,A,A,H,-,A,A,0,,,Y,,Y,Y,A,08,0,0,0,0,0,0,0,1,0,"- ","- ",36.665081024169922,-121.68061828613281,MONTEREY,UNINCORPORATED,-121.68062591552734,36.665031433105469
92341991,2024,2024-03-19,9730,2024-03-15,2055,022137,,5,2,9,2700,0,3,5,,2,002,"MIRAMONTE RD","CARMEL VALLEY RD",300.00,N,N,A,-,N,,,,,,,,,,Y,2,0,2,1,A,-,01,23152,A,N,F,A,A,A,H,-,D,D,0,,,,,Y,Y,A,07,2,0,0,0,0,0,0,0,0,"- ","- ",36.511459350585938,-121.76976013183594,MONTEREY,UNINCORPORATED,-121.76914215087891,36.510955810546875
8609578,2018,2018-04-27,2708,2018-03-07,1845,85123,SALIN,3,5,6,2708,0,0,0,,0,010,"E MARKET","N HEBBRON AV",4.00,W,N,A,-,N,,,,,,,,,,N,2,0,1,2,A,-,10,21950,A,N,G,B,B,A,H,-,C,A,0,Y,,,,Y,,-,,1,0,0,0,1,0,0,0,0,"- ","- ",,,MONTEREY,SALINAS,-121.63173675537109,36.676551818847656
84755909,2025,2025-07-14,2712,2025-06-16,2256,1360,,1,5,3,2712,0,0,0,,0,01B,"RESERVATION RD","BLANCO RD",634.00,W,N,A,-,N,,,,,,,,,,Y,1,1,0,2,A,-,11,21954,A,N,G,B,D,A,H,-,E,D,0,Y,,,,Y,,N,60,0,0,0,1,0,0,0,0,0,"- ","- ",36.666660308837891,-121.75695037841797,MONTEREY,MARINA,-121.75853729248047,36.667831420898438
90114894,2016,2016-02-15,9730,2016-01-22,1654,019981,,5,2,4,2710,0,1,3,,2,062,"SR-1 N/B","TIOGA O/C",200.00,S,N,C,-,Y,,,,,,,,,,Y,2,0,1,2,A,-,03,22350,,N,C,C,A,B,H,-,A,D,0,,,,,Y,,A,01,1,0,0,0,0,0,0,0,0,"- ","- ",,,MONTEREY,SEASIDE,-121.84910585999999,36.61728703
90440074,2017,2018-05-25,9730,2017-04-16,1810,021120,,7,2,9,2700,0,1,3,,1,074,SR-1,"DOLAN RD.",0.00,,Y,C,-,N,,,1,,,,,,,Y,1,1,0,2,A,-,09,21801,A,N,A,C,A,B,H,-,A,D,0,,,,,Y,,A,01,0,0,0,0,0,0,0,0,0,"- ","- ",36.804110000000001,-121.78377999999999,MONTEREY,UNINCORPORATED,-121.7837966,36.804110999999999
90819626,2018,2018-09-24,9730,2018-09-14,1416,019127,,5,2,9,2700,0,3,5,,2,003,"ALTA ST","OLD STAGE RD",50.00,S,N,A,-,N,,,,,,,,,,Y,2,0,2,2,A,-,09,21802,A,N,D,C,A,A,H,-,A,A,0,,,,Y,Y,,A,08,1,1,0,0,0,0,0,0,0,"- ","- ",36.521881103515625,-121.46389007568359,MONTEREY,UNINCORPORATED,-121.46321105957031,36.521400451660156
92100171,2023,2023-06-22,9730,2023-05-27,"945 ",019315,,6,1,9,2700,0,1,3,,1,068,"SR-68 (W/B)","RESERVATION RD",1056.00,E,N,B,-,Y,MON,,68," ",R,17.504,H,,L,Y,1,1,0,1,A,-,08,22107,,N,E,8,A,A,H,-,A,D,0,,,,,Y,,D,22,0,0,0,0,0,0,0,0,0,"- ","- ",36.627571105957031,-121.67771911621094,MONTEREY,UNINCORPORATED,-121.67765808105469,36.62750244140625
92435461,2024,2024-07-10,9730,2024-06-30,1140,020335,,7,1,9,2700,0,1,3,,1,012,SR-1,"NACIMIENTO-FERGUSSON RD.",31680.00,N,N,A,-,Y,MON,,1," "," ",24.821,H,,R,N,2,0,1,1,A,-,08,22107,,N,F,A,A,A,D,-,A,D,0,,,Y,,Y,,C,02,1,0,0,0,0,0,0,0,1,"- ","- ",36.030738830566406,-121.57485198974609,MONTEREY,UNINCORPORATED,-121.57485961914062,36.030735015869141
94545469,2025,2025-01-22,9730,2025-01-12,1802,023651,,7,2,9,2700,0,2,4,,1,023,"CARMEL VALLEY ROAD","LAURELES GRADE",35.00,W,N,A,-,N,,,,,,,,,,Y,2,0,1,1,A,-,01,23152,A,N,E,I,A,A,H,-,B,D,0,,,,,Y,Y,D,22,1,0,0,0,0,0,0,0,0,"- ","- ",36.500999450683594,-121.75679016113281,MONTEREY,UNINCORPORATED,-121.75665283203125,36.500980377197266
94687739,2025,2025-05-14,9735,2025-05-07,1800,024377,,3,2,9,2700,0,3,5,,2,002,"JOLON ROAD","NEW PLEYTO ROAD",681.00,N,N,A,-,N,,,,,,,,,,Y,2,0,2,2,A,-,03,22350,,N,C,C,A,A,H,-,A,D,0,,,,,Y,,D,22,1,1,0,0,0,0,0,0,0,"- ","- ",35.905509948730469,-120.98629760742188,MONTEREY,UNINCORPORATED,-120.98624420166016,35.905448913574219
6290627,2014,2014-06-12,9730,2014-03-27,0610,18350,,4,1,9,2700,0,1,3,,1,068,"RT 68","TORERO DR",1056.00,E,N,B,-,Y,MON,5,68,-,-,14.890,H,-,W,Y,1,1,0,2,A,-,11,21954,A,N,G,B,D,A,H,-,D,D,0,Y,,,,Y,,N,60,0,0,0,1,0,0,0,0,0,"- ","- ",36.598050000000001,-121.69922,MONTEREY,UNINCORPORATED,-121.70184891,36.595294129999999
6962101,2015,2015-06-23,9730,2015-05-30,1135,016537,,6,1,9,2700,0,3,5,,2,004,"RIVER RD","COREY RD",528.00,N,N,A,-,N,,,,,,,,,,Y,2,0,1,2,A,-,11,21956,A,N,G,B,D,A,H,-,A,D,0,Y,,,,Y,,N,60,1,0,0,0,1,0,0,0,0,"- ","- ",36.590530000000001,-121.60675000000001,MONTEREY,UNINCORPORATED,-121.60695092,36.590463
9092274,2020,2020-07-20,2705,2020-03-26,0633,23717,,4,5,3,2705,0,0,0,,0,901,"S MILDREO ST","BROADWAY ST",5.00,S,N,A,-,N,,,,,,,,,,N,2,0,1,2,A,-,10,21950,A,N,G,B,B,-,H,-,C,A,0,Y,,,,Y,,I,19,1,0,0,0,1,0,0,0,0,"- ","- ",,,MONTEREY,"KING CITY",-121.131963,36.209629999999997
82054279,2023,2023-04-27,2708,2023-04-11,"22  ",85065,,2,5,6,2708,0,0,0,,0,011,"GARNER AVE","PACIFIC AVE",175.00,W,Y,A,-,N,,,,,,,,,,N,2,0,1,2,A,-,09,21804,A,F,D,G,A,A,H,-,C,D,0,,Y,Y,,Y,,L,04,1,0,0,0,0,0,1,0,0,"- ","- ",,,MONTEREY,SALINAS,-121.61679077148438,36.688129425048828
90199572,2016,2016-06-13,9730,2016-06-05,1232,019569,,7,1,9,2700,0,3,5,,2,006,"BLANCO RD","DAVIS RD",0.00,,Y,A,-,N,,,,,,,,,,Y,2,0,1,2,A,-,09,21453,C,N,D,G,A,A,H,-,A,A,0,,Y,,,Y,,L,04,1,0,0,0,0,0,1,0,0,"- ","- ",,,MONTEREY,UNINCORPORATED,-121.68510999,36.666800000000002
90758427,2018,2018-06-28,9735,2018-06-22,1615,020168,,5,2,9,2700,0,3,5,,2,001,"NACIMIENTO-FERGUSSON RD","VASQUEZ CREEK RD",217.00,E,N,A,-,N,,,,,,,,,,Y,2,0,1,1,A,-,08,22107,,N,F,A,A,A,H,-,A,D,0,,,Y,,Y,,C,02,1,0,0,0,0,0,0,0,1,"- ","- ",35.980461120605469,-121.25697326660156,MONTEREY,UNINCORPORATED,-121.25749206542969,35.980316162109375
91194378,2020,2020-02-26,9730,2020-02-16,0235,022151,,7,3,9,2700,0,2,4,,2,063,"BLANCO RD","RESERVATION RD",6.00,W,N,A,-,N,,,,,,,,,,Y,2,0,1,1,A,-,01,23152,A,N,E,I,A,A,H,-,C,A,0,,,,,Y,Y,A,01,1,0,0,0,0,0,0,0,0,"- ","- ",36.666660308837891,-121.75713348388672,MONTEREY,UNINCORPORATED,-121.75669097900391,36.66693115234375
91455015,2021,2021-04-21,9735,2021-04-18,1215,017257,,7,1,9,2700,0,1,3,,2,031,SR25,SR198,14256.00,N,N,A,-,Y,,,25,,,,,,,N,2,0,1,1,A,-,08,22107,,N,E,I,A,A,H,-,A,A,0,,,Y,,Y,,C,02,1,0,0,0,0,0,0,0,1,"- ","- ",36.209869384765625,-120.85980987548828,MONTEREY,UNINCORPORATED,-120.85980224609375,36.209785461425781
93171827,2024,2024-08-01,9730,2024-07-23,1600,023651,,2,2,9,2700,0,2,4,,1,073,"HALL ROAD","PINI ROAD",1320.00,E,N,A,-,N,,,,,,,,,,Y,2,0,1,2,A,-,03,22350,,N,C,2,A,A,H,-,A,D,0,,,,,Y,Y,D,22,1,0,0,0,0,0,0,0,0,"- ","- ",36.863910675048828,-121.71208953857422,MONTEREY,UNINCORPORATED,-121.71235656738281,36.863929748535156
9000498,2019,2019-12-19,2708,2019-10-23,1632,30347,,3,5,6,2708,0,0,0,,0,002,"E ALVIN",MCKINNON,0.00,,Y,A,-,N,,,,,,,,,,N,2,0,1,2,A,-,10,21950,A,N,G,B,B,A,H,-,A,A,0,Y,,,,Y,,-,,1,0,0,0,1,0,0,0,0,"- ","- ",,,MONTEREY,SALINAS,-121.64585113525391,36.707229614257812
81820925,2022,2022-07-20,2708,2022-07-03,2128,06240,,7,5,6,2708,0,0,0,,0,011,"BORONDA RD","RIDER AVE",0.00,,Y,A,-,N,,,,,,,,,,Y,2,0,3,2,A,-,03,22350,,N,C,C,A,A,H,-,C,D,0,,,,,Y,,A,01,1,0,2,0,0,0,0,0,0,"- ","- ",,,MONTEREY,SALINAS,-121.60016632080078,36.700199127197266
82415358,2024,2024-06-17,2706,2024-06-07,1508,215,,5,5,4,2706,0,0,0,,0,002,"TOYON DR","SHADY LANE",399.00,E,N,B,-,N,,,,,,,,,,N,2,0,1,2,A,-,03,22350,,N,H,E,A,A,H,-,A,D,0,,Y,,,Y,,L,04,1,0,0,0,0,0,1,0,0,"- ","- ",,,MONTEREY,MONTEREY,-121.91212463378906,36.589115142822266
90600315,2017,2017-11-22,9730,2017-09-10,1956,020584,,7,2,9,2700,0,2,4,,1,073,"HALL ROAD","SILL ROAD",355.00,E,N,B,-,N,,,,,,,,,,Y,1,1,1,3,A,-,11,21954,A,F,G,B,D,A,H,-,D,D,0,Y,,Y,,Y,Y,N,60,0,1,0,1,0,0,0,0,1,"- ","- ",36.864130000000003,-121.72127,MONTEREY,UNINCORPORATED,-121.72131625,36.864109999999997
91275942,2020,2020-10-23,9730,2020-07-17,0107,022129,,5,3,9,2700,0,1,3,,2,062,"SR-1 S/B","IMJIN PARKWAY OVERCROSSING",2112.00,N,N,B,-,Y,,,1,,,,,,S,Y,2,0,3,2,A,-,01,23152,G,N,A,C,A,A,H,-,C,D,0,,,,,Y,,A,01,3,0,0,0,0,0,0,0,0,"- ","- ",36.675510406494141,-121.80892181396484,MONTEREY,UNINCORPORATED,-121.80892944335938,36.675514221191406
92293609,2024,2024-01-22,9730,2024-01-14,"845 ",022137,,7,1,9,2700,0,1,3,,1,024,"RT 68","MORSE DR",1478.00,E,N,B,-,Y,MON,,68," "," ",2.548,H,,R,Y,2,0,3,2,A,-,03,22350,,N,D,C,A,B,H,-,A,D,0,,,,,Y,,A,01,1,2,0,0,0,0,0,0,0,"- ","- ",36.595638275146484,-121.92108154296875,MONTEREY,UNINCORPORATED,-121.92106628417969,36.595645904541016
92389746,2024,2024-05-14,9730,2024-03-09,2330,022442,,6,3,9,2700,0,1,2,,1,070,"UNITED STATES-101 S/B","CRAZY HORSE CANYON ROAD",1640.00,N,N,A,-,Y,MON,,101," "," ",98.751,H,,L,Y,1,1,1,2,A,-,11,21954,A,N,G,B,E,A,H,-,D,D,0,Y,,,,Y,Y,N,60,0,0,1,1,0,0,0,0,0,"- ","- ",36.822319030761719,-121.63018035888672,MONTEREY,UNINCORPORATED,-121.63019561767578,36.82232666015625
94588025,2025,2025-02-24,9730,2025-02-08,1806,023949,,6,2,9,2700,0,1,2,,1,030,"FRONT STREET","MOROSLI ROAD",739.00,S,N,A,-,N,,,,,,,,,,N,2,0,1,2,A,-,11,21954,A,N,G,B,D,A,H,-,D,D,0,Y,,,,Y,Y,N,60,1,0,0,0,1,0,0,0,0,"- ","- ",36.434268951416016,-121.34123992919922,MONTEREY,UNINCORPORATED,,
6291197,2014,2014-10-01,9735,2014-07-13,2125,19965,,7,2,9,2700,0,1,2,,1,041,"RT 101","CENTRAL AV",0.00,,Y,A,-,Y,MON,5,101,-,-,45.750,I,5,S,N,1,1,0,2,A,-,09,21802,A,N,D,C,A,A,H,-,D,A,5,,,Y,Y,Y,Y,G,26,0,0,0,0,0,0,0,0,0,"- ","- ",36.233910000000002,-121.17484,MONTEREY,UNINCORPORATED,-121.1745104,36.233829630000002
7067249,2015,2015-09-18,9735,2015-07-28,2220,19894,,2,3,9,2700,0,2,4,,1,011,"ARROYO SECO RD","SYCAMORE FLATS RD",0.00,,Y,A,-,N,,,,,,,,,,Y,2,0,1,1,C,-,18,,,N,A,H,A,A,H,-,D,D,0,,,Y,,Y,,-,"- ",1,0,0,0,0,0,0,0,1,"- ","- ",36.270560000000003,-121.38912000000001,MONTEREY,UNINCORPORATED,-121.38896998,36.270590079999998
8465460,2017,2018-10-24,2708,2017-12-10,1904,54353,,7,5,6,2708,0,0,0,,0,002,"NORTH MAIN ST","ROCHEX ST",33.00,S,N,A,-,N,,,,,,,,,,,1,1,0,2,A,-,11,21954,A,F,G,B,D,A,H,-,C,D,0,Y,,,,Y,Y,N,60,0,0,0,1,0,0,0,0,0,"- ","- ",,,MONTEREY,SALINAS,-121.65222519,36.70045013
8922449,2019,2019-09-10,2706,2019-08-14,0859,181,2706,3,5,4,2706,0,0,0,,0,002,"MADISON ST","PACIFIC ST",0.00,,Y,A,-,N,,,,,,,,,,Y,1,1,0,2,A,-,10,21950,A,N,G,B,B,A,H,-,A,A,0,Y,,,Y,Y,,F,21,0,0,0,1,0,0,0,0,0,"- ","- ",,,MONTEREY,MONTEREY,-121.89710235595703,36.596809387207031
9640536,2023,2025-06-30,2710,2023-01-12,1759,40416,2710,4,5,4,2710,0,0,0,,0,01B,"1146 CANYON DEL REY BL","FRANCIS AV",0.00,E,N,A,-,N,,,,,,,,,,N,1,1,0,2,A,-,03,22350,,N,A,B,E,A,H,-,B,D,0,Y,,,,Y,Y,A,01,0,0,0,1,0,0,0,0,0,"- ","- ",,,MONTEREY,SEASIDE,-121.85311126708984,36.601551055908203
91059811,2019,2019-08-26,9730,2019-06-04,0923,015367,,2,1,9,2700,0,1,3,,2,062,"SR-1 SOUTHBOUND","RESERVATION ROAD",1676.00,S,N,A,-,Y,,,,,,,,,,Y,1,1,1,2,A,-,08,22107,,N,C,E,A,A,H,-,A,D,0,,,,,Y,,A,01,0,1,0,0,0,0,0,0,0,"- ","- ",36.692848205566406,-121.80738830566406,MONTEREY,UNINCORPORATED,-121.80743408203125,36.692668914794922
91618914,2021,2021-11-08,9730,2021-08-20,1735,019981,,5,2,6,2708,0,3,5,,2,006,"DAVIS ROAD","AMBROSE DR",0.00,,Y,A,-,N,,,,,,,,,,Y,1,1,0,2,A,-,06,21755,,N,D,C,A,A,H,-,A,D,0,,,Y,,Y,,C,02,0,0,0,0,0,0,0,1,0,"- ","- ",36.669208526611328,-121.6829833984375,MONTEREY,SALINAS,-121.68301391601562,36.66925048828125
91795069,2022,2022-06-14,9735,2022-06-05,1640,022742,,7,2,9,2700,0,2,4,,2,010,"ARROYO SECO RD","LOS COCHES",6336.00,S,N,A,-,N,,,,,,,,,,Y,2,0,2,1,A,-,01,23152,A,N,F,I,A,A,H,-,A,D,0,,,,,Y,Y,A,01,1,1,0,0,0,0,0,0,0,"- ","- ",36.363510131835938,-121.32173156738281,MONTEREY,UNINCORPORATED,-121.32048034667969,36.359054565429688
91901462,2022,2022-10-27,9730,2022-08-28,0153,021888,,7,3,9,2700,0,1,2,,1,070,"US-101 SOUTHBOUND",SR-156,185.00,S,N,E,F,Y,MON,,101,,,95.397,H,,L,Y,1,1,4,4,C,-,18,,,N,C,2,E,B,H,-,C,D,0,Y,,,,Y,Y,-,"- ",1,3,0,0,1,0,0,0,0,"- ","- ",36.788959503173828,-121.66782379150391,MONTEREY,UNINCORPORATED,-121.66777801513672,36.788955688476562
8465963,2019,2021-05-20,2708,2019-06-20,0444,58964,,4,5,6,2708,0,0,0,,0,,"NORTH MAIN ST","RUSSELL RD",1537.00,S,N,C,-,N,,,,,,,,,,N,1,1,0,2,A,-,11,21954,A,F,G,B,D,B,H,-,C,D,0,Y,,,,Y,Y,N,60,0,0,0,1,0,0,0,0,0,"- ","- ",,,MONTEREY,SALINAS,-121.65626525878906,36.730209350585938
9102372,2020,2020-08-05,2708,2020-04-30,1411,19943,,4,5,6,2708,0,0,0,,0,001,"SWANER DR","NORTHRIDGE DR",0.00,,Y,A,-,N,,,,,,,,,,Y,2,0,1,2,A,-,09,21802,A,N,D,C,A,A,H,-,A,A,0,,,,,Y,,A,01,1,0,0,0,0,0,0,0,0,"- ","- ",,,MONTEREY,SALINAS,-121.65302276611328,36.722679138183594
90062559,2015,2015-12-01,9730,2015-11-27,1452,019239,,5,2,9,2700,0,3,5,,2,004,"OLD STAGE RD","ESPERANZA RD",15.00,S,N,A,-,N,,,,,,,,,,Y,2,0,1,2,A,-,05,21460,C,N,B,C,A,A,H,-,A,D,0,,,,,Y,,A,01,1,0,0,0,0,0,0,0,0,"- ","- ",36.604759999999999,-121.51357,MONTEREY,UNINCORPORATED,-121.51347259000001,36.604585219999997
90240604,2016,2016-08-09,9735,2016-08-05,2340,020168,,5,3,3,2704,0,1,2,,1,040,"US-101 S/B","WALNUT AVE.",250.00,N,N,B,-,Y,,,101,,,,,,S,Y,2,0,2,1,A,-,08,22107,,N,E,I,A,A,H,-,D,D,0,,,,,Y,Y,A,01,1,0,1,0,0,0,0,0,0,"- ","- ",36.329770000000003,-121.24467,MONTEREY,GREENFIELD,-121.24460920999999,36.329843750000002
90457978,2017,2017-05-17,9730,2017-05-11,1045,017184,,4,1,9,2700,0,3,5,,2,002,"PALO COLORADO","LONG RIDGE RD",1584.00,E,N,A,-,N,,,,,,,,,,N,2,0,1,1,A,-,03,22350,,N,F,A,A,A,G,-,A,D,0,,,Y,,Y,,C,06,1,0,0,0,0,0,0,0,1,"- ","- ",36.375709999999998,-121.84862,MONTEREY,UNINCORPORATED,-121.84862,36.375709999999998
91078291,2019,2019-09-19,9730,2019-09-09,1350,014565,,1,1,9,2700,0,1,3,,1,012,SR-1,"SALMON CREEK CAMPGROUND",1056.00,S,N,A,-,Y,,,1,,,,,,,N,2,0,1,1,A,-,08,22107,,N,F,A,A,A,H,-,A,D,0,,,Y,,Y,,C,02,1,0,0,0,0,0,0,0,1,"- ","- ",35.815761566162109,-121.35885620117188,MONTEREY,UNINCORPORATED,-121.35886383056641,35.815715789794922
91164738,2020,2020-01-14,9730,2020-01-02,2135,021396,,4,2,9,2700,0,1,2,,1,030,"N/B US-101","SPENCE ROAD",0.00,,Y,A,-,Y,,,101,,,,,,,Y,2,0,1,2,A,-,03,22350,,N,D,C,A,A,H,-,D,D,0,,,,Y,Y,,A,07,1,0,0,0,0,0,0,0,0,"- ","- ",36.612899780273438,-121.56703186035156,MONTEREY,UNINCORPORATED,-121.56703186035156,36.612892150878906
91333064,2020,2020-10-28,9730,2020-10-18,1748,020899,,7,2,9,2700,0,1,3,,1,012,"NORTHBOUND SR-1","GORDA MOUNTAIN ROAD",2218.00,N,N,B,E,Y,,,1,,,,,,,Y,2,0,2,1,A,-,03,22350,,N,E,I,A,A,H,-,B,D,0,,,,,Y,,A,07,2,0,0,0,0,0,0,0,0,"- ","- ",35.846340179443359,-121.40615844726562,MONTEREY,UNINCORPORATED,-121.40616607666016,35.846248626708984
91651669,2021,2021-12-14,9730,2021-12-05,2153,022129,,7,2,9,2700,0,3,5,,2,007,"TARPEY ROAD","SAN JUAN ROAD",528.00,W,N,B,-,N,,,,,,,,,,Y,2,0,3,3,A,-,05,21460,A,F,B,C,A,A,H,-,D,D,0,,,,,Y,,-,99,1,2,0,0,0,0,0,0,0,"- ","- ",36.868030548095703,-121.671142578125,MONTEREY,UNINCORPORATED,-121.67056274414062,36.867843627929688
91743275,2022,2022-04-07,9730,2022-04-02,2105,020233,,6,2,9,2700,0,1,2,,1,030,"US-101 NORTHBOUND","MAIN STREET (CHUALAR)",2112.00,S,N,B,-,Y,MON,,101,,,76.549,H,,R,Y,2,0,1,1,A,-,01,23152,A,N,E,I,A,A,H,-,D,D,0,,,,,Y,Y,A,07,1,0,0,0,0,0,0,0,0,"- ","- ",36.564720153808594,-121.51300048828125,MONTEREY,UNINCORPORATED,-121.51316070556641,36.564632415771484
92280303,2023,2024-01-05,9730,2023-12-22,1527,023584,,5,2,9,2700,0,2,4,,1,075,"SAN JUAN ROAD","PORTER DRIVE",5.00,W,N,A,-,N,,,,,,,,,,N,2,0,1,1,A,-,12,21453,A,N,F,A,A,A,H,-,A,A,0,,Y,,,Y,Y,L,04,1,0,0,0,0,0,1,0,0,"- ","- ",36.904460906982422,-121.75055694580078,MONTEREY,UNINCORPORATED,-121.75041198730469,36.904510498046875
6505044,2014,2016-04-09,9730,2014-05-05,2155,18820,,1,2,9,2700,0,1,3,,1,012,"RT 1","MAXINE SH VIADCUT BR 44-254",2640.00,S,N,B,C,Y,MON,5,1,-,-,57.090,H,-,S,Y,2,0,1,1,A,-,08,22107,,N,E,I,A,B,H,-,D,D,0,,,,,Y,,A,01,1,0,0,0,0,0,0,0,0,"- ","- ",36.343910000000001,-121.89189,MONTEREY,UNINCORPORATED,-121.8919325,36.343261900000002
6854156,2015,2015-03-30,9735,2015-01-29,2215,20168,,4,3,9,2700,0,3,5,,2,002,"MESA VERDE RD","WILDHORSE RD",3696.00,N,N,A,-,N,,,,,,,,,,N,1,1,0,2,A,-,11,21956,,N,G,B,E,A,H,-,D,D,0,Y,,,,Y,Y,N,60,0,0,0,1,0,0,0,0,0,"- ","- ",36.191369999999999,-121.08199,MONTEREY,UNINCORPORATED,-121.08371547,36.191883240000003
8183291,2016,2017-01-11,2710,2016-08-24,0351,40396,2710,3,5,4,2710,0,0,0,,0,FTO,"FREMONT BL","LA SALLE AV",0.00,,Y,A,-,N,,,,,,,,,,Y,2,0,1,2,A,-,08,22107,,F,G,B,F,A,H,-,C,A,0,Y,,,,Y,,A,01,1,0,0,0,1,0,0,0,0,"- ","- ",,,MONTEREY,SEASIDE,-121.84177987,36.616780110000001