CASE_ID,ACCIDENT_YEAR,PROC_DATE,JURIS,COLLISION_DATE,COLLISION_TIME,OFFICER_ID,REPORTING_DISTRICT,DAY_OF_WEEK,CHP_SHIFT,POPULATION,CNTY_CITY_LOC,SPECIAL_COND,BEAT_TYPE,CHP_BEAT_TYPE,CITY_DIVISION_LAPD,CHP_BEAT_CLASS,BEAT_NUMBER,PRIMARY_RD,SECONDARY_RD,DISTANCE,DIRECTION,INTERSECTION,WEATHER_1,WEATHER_2,STATE_HWY_IND,CALTRANS_COUNTY,CALTRANS_DISTRICT,STATE_ROUTE,ROUTE_SUFFIX,POSTMILE_PREFIX,POSTMILE,LOCATION_TYPE,RAMP_INTERSECTION,SIDE_OF_HWY,TOW_AWAY,COLLISION_SEVERITY,NUMBER_KILLED,NUMBER_INJURED,PARTY_COUNT,PRIMARY_COLL_FACTOR,PCF_CODE_OF_VIOL,PCF_VIOL_CATEGORY,PCF_VIOLATION,PCF_VIOL_SUBSECTION,HIT_AND_RUN,TYPE_OF_COLLISION,MVIW,PED_ACTION,ROAD_SURFACE,ROAD_COND_1,ROAD_COND_2,LIGHTING,CONTROL_DEVICE,CHP_ROAD_TYPE,PEDESTRIAN_ACCIDENT,BICYCLE_ACCIDENT,MOTORCYCLE_ACCIDENT,TRUCK_ACCIDENT,NOT_PRIVATE_PROPERTY,ALCOHOL_INVOLVED,STWD_VEHTYPE_AT_FAULT,CHP_VEHTYPE_AT_FAULT,COUNT_SEVERE_INJ,COUNT_VISIBLE_INJ,COUNT_COMPLAINT_PAIN,COUNT_PED_KILLED,COUNT_PED_INJURED,COUNT_BICYCLIST_KILLED,COUNT_BICYCLIST_INJURED,COUNT_MC_KILLED,COUNT_MC_INJURED,PRIMARY_RAMP,SECONDARY_RAMP,LATITUDE,LONGITUDE,COUNTY,CITY,POINT_X,POINT_Y
8643710,2018,2018-06-28,2708,2018-05-24,1333,30347,2708,4,5,6,2708,0,0,0,,0,,"N SANBORN","DEL MONTE AV",0.00,,Y,A,-,N,,,,,,,,,,Y,2,0,3,2,A,-,09,21801,A,N,B,C,A,A,H,-,A,A,0,,,,,Y,,-,,1,2,0,0,0,0,0,0,0,"- ","- ",,,MONTEREY,SALINAS,-121.61081695556641,36.68865966796875
8650587,2018,2018-09-17,2708,2018-07-09,1746,187875,,1,5,6,2708,0,0,0,,0,008,"SHERWOOD DR","ROSSI ST",800.00,N,N,A,-,N,,,,,,,,,,Y,2,0,3,2,A,-,09,21804,A,N,D,C,A,A,H,-,A,D,0,,,,,Y,,A,01,1,2,0,0,0,0,0,0,0,"- ","- ",,,MONTEREY,SALINAS,-121.64997863769531,36.682304382324219
84370535,2024,2024-08-27,2706,2024-08-07,1151,143,,3,5,4,2706,0,0,0,,0,001,"DAVID AVE","FOAM ST",60.00,E,N,A,-,N,,,,,,,,,,Y,2,0,1,2,A,-,09,21804,A,N,D,C,A,A,H,-,A,D,0,,,Y,,Y,,A,01,1,0,0,0,0,0,0,0,1,"- ","- ",,,MONTEREY,MONTEREY,-121.90342712402344,36.617298126220703
90451868,2017,2017-05-09,9730,2017-05-02,1110,019529,,2,1,9,2700,0,2,4,,1,023,"CARMEL VALLEY ROAD","STORY RD.",13200.00,W,N,A,-,N,,,,,,,,,,Y,2,0,1,2,A,-,03,22350,,N,E,C,A,A,H,-,A,D,0,,,Y,,Y,,C,02,1,0,0,0,0,0,0,0,1,"- ","- ",36.337609999999998,-121.53292,MONTEREY,UNINCORPORATED,-121.53293418,36.337578299999997
90781387,2018,2018-09-11,9730,2018-04-24,1055,021794,,2,1,9,2700,0,1,2,,1,050,"US-101 S/B","AIRPORT BOULEVARD",2112.00,S,N,A,-,Y,,,101,,,,,,S,Y,1,1,3,4,A,-,03,22350,,F,C,C,A,A,H,-,A,D,0,,,,,Y,,D,22,2,0,1,0,0,0,0,0,0,"- ","- ",36.655868530273438,-121.62020874023438,MONTEREY,UNINCORPORATED,-121.62017822265625,36.655887603759766
91010265,2019,2019-06-14,9735,2019-06-12,0855,015383,,3,1,9,2700,0,3,5,,2,002,"JOLON RD",US-101,65.00,E,N,A,-,N,,,,,,,,,,Y,2,0,1,2,A,-,09,21802,A,F,D,C,A,A,H,-,A,D,0,,,Y,,Y,,A,01,1,0,0,0,0,0,0,0,1,"- ","- ",35.874820709228516,-120.83515930175781,MONTEREY,UNINCORPORATED,-121.14800262451172,36.197647094726562
91503657,2021,2021-06-23,9730,2021-06-16,2140,022151,,3,2,9,2700,0,3,5,,2,003,"SPRECKELS BLVD","SPRECKELS LN",0.00,,Y,A,-,N,,,,,,,,,,Y,2,0,2,2,A,-,01,23152,A,N,B,C,A,A,H,-,D,D,0,,,,,Y,Y,A,07,1,0,1,0,0,0,0,0,0,"- ","- ",36.63037109375,-121.66683197021484,MONTEREY,UNINCORPORATED,-121.66704559326172,36.630657196044922
91636863,2021,2021-11-29,9730,2021-11-20,1500,021776,,6,2,9,2700,0,2,4,,1,075,"SAN JUAN ROAD","SUSAN STREET",760.00,E,N,A,-,N,,,,,,,,,,Y,2,0,1,1,A,-,01,23152,A,N,E,I,A,A,H,-,A,D,0,,,,,Y,Y,A,01,1,0,0,0,0,0,0,0,0,"- ","- ",36.904441833496094,-121.74336242675781,MONTEREY,UNINCORPORATED,-121.74343109130859,36.904384613037109
94603730,2025,2025-03-18,9730,2025-03-01,1331,023772,,6,1,9,2700,0,3,5,,2,003,"LAURELES GRADE","RINCONADA DRIVE",845.00,S,N,A,-,N,,,,,,,,,,Y,2,0,1,1,A,-,01,23152,A,N,E,I,A,A,H,-,A,D,0,,,,,Y,Y,A,01,1,0,0,0,0,0,0,0,0,"- ","- ",36.5364990234375,-121.75071716308594,MONTEREY,UNINCORPORATED,-121.75082397460938,36.536472320556641
7006230,2015,2017-03-29,9730,2015-08-03,0720,13024,,1,1,9,2700,0,1,2,,1,050,"RT 101","HARTNELL RD",0.00,,Y,A,-,Y,MON,5,101,-,-,82.050,I,5,N,Y,1,1,2,2,A,-,09,21801,A,N,D,C,A,A,H,-,A,D,5,,,,,Y,,A,01,0,1,1,0,0,0,0,0,0,"- ","- ",,,MONTEREY,UNINCORPORATED,-121.58058357,36.622745440000003
81858458,2022,2023-05-04,2708,2022-08-22,2339,75370,,1,5,6,2708,0,0,0,,0,005,"NATIVIDAD RD","LUNSFORD DR",40.00,S,N,A,-,N,,,,,,,,,,N,2,0,1,2,A,-,11,21954,A,F,G,B,D,A,H,-,C,D,0,Y,,,,Y,Y,N,60,1,0,0,0,1,0,0,0,0,"- ","- ",,,MONTEREY,SALINAS,-121.64148712158203,36.693695068359375
90200824,2016,2016-06-14,9735,2016-05-30,0815,016696,,1,1,9,2700,0,2,4,,1,021,"JOLON ROAD","PINE CANYON ROAD",2112.00,S,N,B,-,N,,,,,,,,,,Y,2,0,2,1,A,-,08,22107,,N,E,I,A,A,H,-,A,D,0,,,,,Y,,A,01,1,0,1,0,0,0,0,0,0,"- ","- ",36.189390000000003,-121.14267,MONTEREY,UNINCORPORATED,-121.14149362000001,36.187886329999998
90652235,2018,2019-07-08,9730,2018-01-24,1300,018886,,3,1,9,2700,0,3,5,,2,007,"PAJARO STREET","SR-183 (MERRITT STREET)",35.00,N,N,B,-,N,,,,,,,,,,N,2,0,1,3,A,-,21,22106,,F,G,B,E,A,H,-,A,D,0,Y,,,,Y,,D,22,1,0,0,0,1,0,0,0,0,"- ","- ",36.762798309326172,-121.75370788574219,MONTEREY,UNINCORPORATED,-121.75362396240234,36.762638092041016
90668805,2018,2018-02-26,9730,2018-02-19,2150,018302,,1,2,9,2700,0,1,3,,1,014,SR-1,"COAST RIDGE ROAD",7920.00,N,N,A,-,Y,,,1,,,,,,,N,2,0,1,1,A,-,01,23152,A,N,E,A,A,A,H,-,D,D,0,,,,,Y,Y,D,22,1,0,0,0,0,0,0,0,0,"- ","- ",36.246288299560547,-121.78140258789062,MONTEREY,UNINCORPORATED,-121.78132629394531,36.246315002441406
90850314,2018,2018-10-31,9735,2018-09-30,1934,019800,,7,2,9,2700,0,1,2,,1,041,"US-101 S/B","TEAGUE AVE",1615.00,S,N,A,-,Y,,,101,,,,,,S,Y,2,0,2,2,C,-,18,,,N,D,C,A,A,H,-,D,D,0,,,,,Y,,-,"- ",1,1,0,0,0,0,0,0,0,"- ","- ",36.256679534912109,-121.17839813232422,MONTEREY,UNINCORPORATED,-121.17835998535156,36.256690979003906
92079309,2023,2023-05-26,9730,2023-04-21,"658 ",020576,,5,1,9,2700,0,1,3,,1,074,"STATE ROUTE 1","PIERI COURT",0.00,,Y,A,-,Y,MON,,1," "," ",95.250,H,,R,Y,1,1,0,2,A,-,09,21802,A,N,D,C,A,A,H,-,A,A,0,,,Y,,Y,,D,22,0,0,0,0,0,0,0,1,0,"- ","- ",36.791881561279297,-121.78372955322266,MONTEREY,UNINCORPORATED,-121.78369140625,36.791881561279297
92122825,2023,2023-07-21,9730,2023-04-28,2324,022061,,5,3,9,2700,0,1,2,,1,070,"US-101 S/B","BORONDA ROAD",2376.00,N,N,A,-,Y,MON,,101," ",R,91.528,H,,L,Y,1,1,0,1,A,-,08,22107,,N,E,I,A,A,H,-,D,D,0,,,,,Y,,A,07,0,0,0,0,0,0,0,0,0,"- ","- ",36.729480743408203,-121.65792846679688,MONTEREY,UNINCORPORATED,-121.65799713134766,36.7294921875
91194094,2019,2020-02-26,9735,2019-09-16,1550,018995,,1,2,9,2700,0,3,5,,2,003,"METZ RD","CO RD G14 (METZ ROAD) MPM 7.0",1484.00,N,N,B,-,N,,,,,,,,,,Y,1,1,0,3,A,-,01,23152,A,F,C,C,A,A,H,-,A,D,0,,,,,Y,Y,D,22,0,0,0,0,0,0,0,0,0,"- ","- ",36.315128326416016,-121.17182922363281,MONTEREY,UNINCORPORATED,-121.17182922363281,36.315128326416016
91227503,2020,2020-04-20,9730,2020-01-12,1330,021856,,7,1,9,2700,0,1,3,,1,074,"STATE ROUTE 1 S/B","MOSS LANDING ROAD",139.00,S,N,A,-,Y,,,1,,,,,,S,Y,1,1,0,2,A,-,08,22107,,N,D,C,A,A,H,-,A,D,0,,,Y,,Y,,C,02,0,0,0,0,0,0,0,1,0,"- ","- ",36.797931671142578,-121.78330993652344,MONTEREY,UNINCORPORATED,-121.78327178955078,36.797927856445312
91309295,2020,2020-09-22,9730,2020-09-11,0220,021358,,5,3,9,2700,0,1,2,,1,070,"US-101 NORTHBOUND","SALA ROAD",2915.00,S,N,E,-,Y,,,101,,,,,,N,Y,2,0,1,1,A,-,08,22107,,N,E,I,A,A,H,-,C,D,0,,,Y,,Y,,C,02,1,0,0,0,0,0,0,0,1,"- ","- ",36.737808227539062,-121.657470703125,MONTEREY,UNINCORPORATED,-121.65808868408203,36.737567901611328
91568800,2021,2021-09-13,9730,2021-07-18,0133,020677,,7,3,9,2700,0,2,4,,2,063,"STATE ROUTE 183 (MERRITT ST)","RICO ST",0.00,,Y,A,-,Y,,,183,,,,,,,Y,1,1,0,2,A,-,03,22350,,N,G,B,E,A,H,-,D,D,0,Y,,,,Y,Y,A,01,0,0,0,1,0,0,0,0,0,"- ","- ",36.764640808105469,-121.75640869140625,MONTEREY,UNINCORPORATED,-121.75646209716797,36.764564514160156
91791129,2022,2022-06-08,9730,2022-04-08,1850,021358,,5,2,9,2700,0,3,5,,2,005,"POLLOCK LANE","CROSS ROAD",380.00,N,N,A,-,N,,,,,,,,,,N,1,1,0,1,A,-,01,23152,A,N,F,A,A,A,H,-,A,D,0,,,Y,,Y,Y,C,02,0,0,0,0,0,0,0,1,0,"- ","- ",36.773990631103516,-121.66348266601562,MONTEREY,UNINCORPORATED,-121.66337585449219,36.774059295654297
91953061,2022,2022-12-27,9730,2022-12-16,0225,022061,,5,3,9,2700,0,1,2,,1,050,"NB US-101","SANBORN ROAD OVERCROSSING",739.00,N,N,A,-,Y,MON,,101,,,86.288,H,,R,N,2,0,2,2,C,-,18,,,N,D,C,A,A,H,-,D,D,0,,,,,Y,,-,"- ",1,1,0,0,0,0,0,0,0,"- ","- ",36.667671203613281,-121.63063812255859,MONTEREY,UNINCORPORATED,-121.63065338134766,36.667644500732422
6477001,2014,2016-04-09,9730,2014-04-28,0253,019796,,1,3,9,2700,0,1,3,,1,022,"RT 1","CARMEL VALLEY RD",0.00,,Y,A,-,Y,MON,5,1,-,-,72.921,I,5,S,Y,2,0,1,1,A,-,08,22107,,N,E,I,A,A,H,-,C,A,0,,,,,Y,,A,01,1,0,0,0,0,0,0,0,0,"- ","- ",36.543419999999998,-121.9085,MONTEREY,UNINCORPORATED,-121.90839304000001,36.543425849999998
8712936,2018,2018-10-29,2708,2018-09-17,0628,79945,,1,5,6,2708,0,0,0,,0,010,"EAST MARKET ST","NORTH MADEIRA AV",0.00,,Y,A,-,N,,,,,,,,,,N,2,0,1,2,A,-,10,21950,A,F,G,B,-,-,H,-,A,A,0,Y,,,,Y,,-,,1,0,0,0,1,0,0,0,0,"- ","- ",,,MONTEREY,SALINAS,-121.63797760009766,36.677181243896484
84717300,2025,2025-06-09,2708,2025-05-22,1400,255,,4,5,6,2708,0,0,0,,0,010,"JOHN ST","S WOOD ST",356.00,W,N,A,-,N,,,,,,,,,,Y,2,0,1,2,A,-,09,21804,A,F,D,C,A,A,H,-,A,D,0,,,Y,,Y,,A,01,1,0,0,0,0,0,0,0,1,"- ","- ",,,MONTEREY,SALINAS,-121.63713836669922,36.670478820800781
90774418,2018,2018-07-23,9730,2018-07-13,2500,019981,,5,4,9,2700,0,1,3,,1,012,SR-1,"NACIMIENTO ROAD",1584.00,N,N,A,-,Y,,,1,,,,,,,Y,2,0,1,1,A,-,08,22107,,N,F,A,A,A,H,-,A,D,0,,,,,Y,,A,07,1,0,0,0,0,0,0,0,0,"- ","- ",36.001861572265625,-121.50393676757812,MONTEREY,UNINCORPORATED,-121.50393676757812,36.001861572265625
91100000,2019,2019-11-08,9735,2019-10-09,0020,021431,,3,3,9,2700,0,1,2,,2,044,"US-101 SB","JOLON ROAD",2112.00,N,N,A,-,Y,,,101,,,,,,S,Y,2,0,1,2,C,-,18,,,N,D,C,A,A,H,-,D,D,0,,,,Y,Y,,-,"- ",1,0,0,0,0,0,0,0,0,"- ","- ",35.878631591796875,-120.83914184570312,MONTEREY,UNINCORPORATED,-120.83911895751953,35.878643035888672
9242403,2020,2021-03-30,2708,2020-11-18,1615,98751,SALIN,3,5,6,2708,0,0,0,,0,002,"ADAMS ST","TULANE ST",16.00,S,N,A,-,N,,,,,,,,,,N,2,0,1,2,A,-,04,21703,,F,C,C,A,A,H,-,A,D,0,,,,,Y,,-,,1,0,0,0,0,0,0,0,0,"- ","- ",,,MONTEREY,SALINAS,-121.66297149658203,36.700508117675781
82409910,2024,2024-06-10,2706,2024-05-31,1546,027,,5,5,4,2706,0,0,0,,0,003,"CASA VERDE WAY","HWY 1 NB OFFRAMP",0.00,,Y,A,-,N,,,,,,,,,,Y,2,0,6,2,A,-,03,22350,,N,D,C,A,A,H,-,A,A,0,,,,,Y,,D,22,2,4,0,0,0,0,0,0,0,"- ","- ",36.598739624023438,-121.86421966552734,MONTEREY,MONTEREY,-121.86441802978516,36.598896026611328
90356767,2016,2016-12-28,9730,2016-10-25,0430,020970,,2,3,9,2700,0,1,2,,1,030,US-101,"CAMPHORA ROAD",3168.00,N,N,A,-,Y,,,101,,,,,,,Y,1,1,0,1,A,-,08,22107,,N,F,I,A,A,H,-,D,D,0,,,,,Y,,A,01,0,0,0,0,0,0,0,0,0,"- ","- ",36.454529999999998,-121.37179999999999,MONTEREY,UNINCORPORATED,-121.37170565,36.4546773
90412865,2017,2017-03-15,9730,2017-03-11,1705,021120,,6,2,9,2700,0,2,4,,1,073,"SAN MIGUEL CANYON ROAD","CASTROVILLE BLVD.",540.00,E,N,A,-,N,,,,,,,,,,Y,2,0,1,3,A,-,08,22107,,N,A,C,A,A,H,-,A,D,0,,,,,Y,,A,01,1,0,0,0,0,0,0,0,0,"- ","- ",36.807389999999998,-121.67053,MONTEREY,UNINCORPORATED,-121.67053794,36.807408359999997
90983951,2019,2019-05-15,9730,2019-04-29,0645,015160,,1,1,9,2700,0,3,5,,2,007,"ELKHORN ROAD","KIRBY ROAD",0.00,,Y,B,-,N,,,,,,,,,,Y,2,0,1,2,A,-,03,22350,,N,C,C,A,A,H,-,A,D,0,,,,,Y,,A,01,1,0,0,0,0,0,0,0,0,"- ","- ",36.843158721923828,-121.74226379394531,MONTEREY,UNINCORPORATED,-121.74227905273438,36.843231201171875
91765529,2022,2022-05-05,9730,2022-04-27,1800,020576,,3,2,6,2708,0,1,2,,1,050,"US-101 S/B","SANBORN ROAD",845.00,N,N,A,-,Y,MON,,101,,,86.293,H,,L,Y,2,0,4,4,A,-,01,23152,A,N,C,D,A,A,H,-,A,D,0,,,,,Y,Y,A,01,1,1,2,0,0,0,0,0,0,"- ","- ",36.667469024658203,-121.63092041015625,MONTEREY,SALINAS,-121.63088226318359,36.667549133300781
91814987,2022,2022-07-12,9730,2022-07-02,2100,022061,,6,2,9,2700,0,1,3,,2,062,"SR-68 (SALINAS) FROM SB SR-1","SR-68 OVERCROSSING",528.00,S,N,A,-,Y,MON,,1,,R,78.007,H,,L,Y,2,0,2,1,A,-,01,23152,A,N,E,I,A,A,H,-,C,D,0,,,,,Y,Y,A,01,1,1,0,0,0,0,0,0,0,"- ","- ",36.594730377197266,-121.87043762207031,MONTEREY,UNINCORPORATED,-121.870361328125,36.594539642333984
92108320,2023,2023-07-03,9730,2023-06-25,"820 ",018886,,7,1,9,2700,0,1,3,,1,022,SR-1,"SOBERANES POINT GATE #8",515.00,N,N,A,-,N,,,,,,,,,,Y,2,0,1,2,A,-,01,23152,A,N,E,E,A,A,H,-,A,D,0,,,,,Y,Y,A,01,1,0,0,0,0,0,0,0,0,"- ","- ",36.455940246582031,-121.92388153076172,MONTEREY,UNINCORPORATED,-121.92393493652344,36.455936431884766
92252054,2023,2023-12-04,9730,2023-11-26,1700,023317,,7,2,9,2700,0,2,4,,1,075,"SAN JUAN ROAD","ALLISON ROAD",750.00,E,N,A,-,N,,,,,,,,,,Y,2,0,2,2,A,-,01,23152,A,N,D,C,A,A,H,-,D,D,0,,,,,Y,Y,A,07,1,1,0,0,0,0,0,0,0,"- ","- ",36.904270172119141,-121.73464202880859,MONTEREY,UNINCORPORATED,-121.73363494873047,36.904212951660156
92318652,2024,2024-02-20,9730,2024-02-09,"316 ",023403,,5,3,2,2701,0,2,4,,1,023,"CARMEL VALLEY ROAD","CARMEL RANCHO BLVD",540.00,E,N,A,-,N,,,,,,,,,,N,2,0,1,2,A,-,11,21954,A,N,B,B,E,A,H,-,D,D,0,Y,,,,Y,,N,60,1,0,0,0,1,0,0,0,0,"- ","- ",36.543861389160156,-121.90290069580078,MONTEREY,CARMEL,-121.90310668945312,36.543807983398438
6398591,2014,2016-03-05,9735,2014-01-26,1854,19263,,7,2,9,2700,0,1,3,,1,035,"RT 198","PEACH TREE RD",5808.00,E,N,A,-,Y,MON,5,198,-,-,15.170,H,-,W,Y,2,0,4,2,A,-,01,23152,A,N,A,C,A,A,H,-,D,D,0,,,,,Y,Y,A,01,3,1,0,0,0,0,0,0,0,"- ","- ",36.19106,-120.80282,MONTEREY,UNINCORPORATED,-120.802913,36.191318649999999
7033462,2015,2016-12-22,9730,2015-07-26,1717,020990,,7,2,9,2700,0,1,2,,1,050,"RT 101","GOULD RD",310.00,S,N,A,-,Y,MON,5,101,-,-,82.510,H,-,N,Y,2,0,2,1,A,-,01,23152,A,N,F,I,A,A,H,-,A,D,5,,,,,Y,Y,A,01,1,0,1,0,0,0,0,0,0,"- ","- ",36.627940000000002,-121.5877,MONTEREY,UNINCORPORATED,-121.58649066,36.627407929999997
8184632,2016,2016-12-13,2708,2016-11-08,1555,78725,2708,2,5,6,2708,0,0,0,,0,012,"WILLIAMS RD","ALMA AV",0.00,,Y,A,-,N,,,,,,,,,,Y,2,0,1,2,A,-,09,21802,A,F,D,C,A,A,H,-,A,D,0,,,,,Y,,A,01,1,0,0,0,0,0,0,0,0,"- ","- ",,,MONTEREY,SALINAS,-121.60945993,36.678270019999999
82180365,2023,2023-09-26,2705,2023-09-05,"744 ",19,2705,2,5,3,2705,0,0,0,,0,001,"N RUSS ST","ELLIS ST",11.00,S,N,A,-,N,,,,,,,,,,N,2,0,1,2,A,-,10,21950,A,N,G,B,D,A,H,-,A,D,0,Y,,,,Y,,A,01,1,0,0,0,1,0,0,0,0,"- ","- ",,,MONTEREY,"KING CITY",-121.13043212890625,36.213146209716797
84534370,2024,2025-01-13,2708,2024-11-10,"132 ",235,,7,5,6,2708,0,0,0,,0,009,"ABBOTT ST","EAST BLANCO RD",0.00,,Y,A,-,N,,,,,,,,,,Y,2,0,1,1,A,-,01,23152,A,N,E,I,A,A,H,-,C,A,0,,,,,Y,Y,A,01,1,0,0,0,0,0,0,0,0,"- ","- ",,,MONTEREY,SALINAS,-121.63584136962891,36.657253265380859
90266365,2016,2016-09-13,9730,2016-09-08,1906,021407,,4,2,9,2700,0,1,3,,1,024,"SR-68  (HOLMAN HIGHWAY)","SKYLINE FOREST DRIVE",325.00,W,N,A,-,Y,,,68,,,,,,,Y,2,0,5,2,A,-,05,21460,A,N,A,C,A,A,H,-,B,D,0,,,,,Y,Y,A,07,3,1,1,0,0,0,0,0,0,"- ","- ",36.587449999999997,-121.91992999999999,MONTEREY,UNINCORPORATED,-121.91994318,36.587438159999998
91080556,2019,2019-09-23,9730,2019-09-11,2345,021888,,3,3,9,2700,0,1,2,,1,030,"US-101 SOUTHBOUND","OLD STAGE ROAD",2050.00,N,N,A,-,Y,,,101,,,,,,S,Y,2,0,1,2,A,-,01,23152,A,N,C,C,A,A,H,-,D,D,0,,,,,Y,Y,A,01,1,0,0,0,0,0,0,0,0,"- ","- ",36.526741027832031,-121.46974945068359,MONTEREY,UNINCORPORATED,-121.46973419189453,36.526760101318359
92362187,2024,2024-04-11,9730,2024-02-04,1440,018886,,7,2,9,2700,0,3,5,,2,003,"RIVER ROAD","LAS PALMAS ROAD",1364.00,S,N,B,C,N,,,,,,,,,,Y,1,1,2,2,A,-,05,21460,A,N,A,C,A,B,H,-,A,D,0,,,,,Y,Y,A,07,1,1,0,0,0,0,0,0,0,"- ","- ",36.621551513671875,-121.66461181640625,MONTEREY,UNINCORPORATED,-121.66916656494141,36.622398376464844
92384055,2024,2024-05-07,9730,2024-04-26,1820,022500,,5,2,9,2700,0,3,5,,2,006,"RESERVATION ROAD","PORTOLA ROAD",739.00,W,N,A,-,N,,,,,,,,,,Y,2,0,2,2,A,-,01,23152,F,N,D,C,A,A,H,-,A,D,0,,,,,Y,,A,01,1,1,0,0,0,0,0,0,0,"- ","- ",36.626571655273438,-121.68520355224609,MONTEREY,UNINCORPORATED,-121.68504333496094,36.626544952392578
92389197,2024,2024-05-14,9730,2024-04-19,1710,022092,,5,2,9,2700,0,3,5,,2,005,"NATIVIDAD ROAD","OLD NATIVIDAD ROAD",0.00,,Y,A,-,N,,,,,,,,,,Y,2,0,1,1,A,-,08,22107,,N,E,I,A,A,H,-,A,D,0,,,,,Y,,D,22,1,0,0,0,0,0,0,0,0,"- ","- ",36.732929229736328,-121.60816192626953,MONTEREY,UNINCORPORATED,-121.60812377929688,36.733085632324219
8039135,2016,2016-05-19,2708,2016-04-02,2108,19735,SPD,6,5,6,2708,0,0,0,,0,003,"NATIVIDAD RD","ARCADIA WY",0.00,,Y,A,-,N,,,,,,,,,,N,2,0,1,2,A,-,09,21801,A,F,G,B,B,A,H,-,C,A,0,Y,,,,Y,,-,,1,0,0,0,1,0,0,0,0,"- ","- ",,,MONTEREY,SALINAS,-121.62431991,36.713540029999997
81887961,2022,2022-10-12,2708,2022-09-08,2020,71713,,4,5,6,2708,0,0,0,,0,002,"NORTH MAIN ST","WEST CURTIS ST",11.00,S,N,A,-,N,,,,,,,,,,Y,2,0,1,2,A,-,11,21954,A,N,G,B,D,A,H,-,C,A,0,Y,,,,Y,,N,60,1,0,0,0,1,0,0,0,0,"- ","- ",,,MONTEREY,SALINAS,-121.65248107910156,36.701759338378906
90039477,2015,2015-10-29,9735,2015-10-26,0745,017292,,1,1,9,2700,0,1,2,,2,043,"US-101 N/B","LOCKWOOD-SAN LUCAS ROAD",500.00,S,N,A,-,Y,,,101,,,,,,N,Y,2,0,1,1,A,-,08,22107,,N,E,I,A,A,H,-,A,D,0,,,,,Y,,A,07,1,0,0,0,0,0,0,0,0,"- ","- ",36.103650000000002,-121.02455,MONTEREY,UNINCORPORATED,-121.02448191000001,36.10361434
91338572,2020,2020-11-03,9730,2020-09-29,1815,018810,,2,2,9,2700,0,1,3,,2,062,"SR-1 N/B","SR-68 OVERCROSSING",10.00,S,N,A,-,Y,,,,,,,,,,Y,1,1,0,1,A,-,03,22350,,N,E,I,A,A,H,-,A,D,0,,,Y,,Y,,C,02,0,0,0,0,0,0,0,1,0,"- ","- ",36.594970703125,-121.86847686767578,MONTEREY,UNINCORPORATED,-121.91224670410156,36.574604034423828
91378937,2020,2020-12-31,9730,2020-11-19,1931,019818,,4,2,9,2700,0,3,5,,2,007,"SALINAS RD","WERNER RD.",230.00,W,N,A,-,N,,,,,,,,,,Y,1,1,0,1,A,-,08,22107,,N,E,I,A,A,H,-,D,A,0,,,,,Y,,A,01,0,0,0,0,0,0,0,0,0,"- ","- ",36.878448486328125,-121.75084686279297,MONTEREY,UNINCORPORATED,-121.75215911865234,36.878105163574219
91467701,2021,2021-05-07,9730,2021-05-02,0300,021794,,7,3,9,2700,0,1,2,,1,050,"NATIVIDAD ROAD","OLD STAGE ROAD",68.00,E,N,A,-,N,,,,,,,,,,Y,2,0,1,1,A,-,01,23153,A,N,F,A,A,A,H,-,D,D,0,,,,,Y,Y,D,22,1,0,0,0,0,0,0,0,0,"- ","- ",36.740028381347656,-121.60198974609375,MONTEREY,UNINCORPORATED,-121.60227203369141,36.739948272705078
92572136,2024,2024-07-23,9730,2024-07-20,"654 ",022442,,6,1,9,2700,0,1,3,,1,074,"SR-1 S/B","MOLERA RD",0.00,,Y,B,-,Y,MON,,1," "," ",94.400,H,,L,Y,2,0,2,2,A,-,01,23152,A,F,D,C,A,A,H,-,A,A,0,,,,,Y,Y,A,01,1,1,0,0,0,0,0,0,0,"- ","- ",36.780380249023438,-121.77781677246094,MONTEREY,UNINCORPORATED,-121.77777862548828,36.780410766601562
94414727,2024,2024-11-04,9730,2024-09-23,1828,020916,,1,2,9,2700,0,2,4,,1,073,"SAN MIGUEL CANYON ROAD","ECHO VALLEY ROAD",0.00,,Y,A,-,N,,,,,,,,,,Y,2,0,2,2,A,-,09,21802,A,N,D,C,A,A,H,-,C,A,0,,,,,Y,Y,A,08,1,0,1,0,0,0,0,0,0,"- ","- ",36.821758270263672,-121.67346954345703,MONTEREY,UNINCORPORATED,-121.67355346679688,36.821727752685547
94655806,2025,2025-04-21,9730,2025-04-09,2026,023949,,3,2,6,2708,0,1,3,,1,068,SR-68,"HITCHCOCK ROAD",528.00,W,N,A,-,N,,,,,,,,,,Y,2,0,1,2,A,-,09,21804,B,N,D,C,A,A,H,-,D,D,0,,,,,Y,,A,07,1,0,0,0,0,0,0,0,0,"- ","- ",36.642940521240234,-121.66493988037109,MONTEREY,SALINAS,-121.66471862792969,36.643238067626953