CASE_ID,ACCIDENT_YEAR,PROC_DATE,JURIS,COLLISION_DATE,COLLISION_TIME,OFFICER_ID,REPORTING_DISTRICT,DAY_OF_WEEK,CHP_SHIFT,POPULATION,CNTY_CITY_LOC,SPECIAL_COND,BEAT_TYPE,CHP_BEAT_TYPE,CITY_DIVISION_LAPD,CHP_BEAT_CLASS,BEAT_NUMBER,PRIMARY_RD,SECONDARY_RD,DISTANCE,DIRECTION,INTERSECTION,WEATHER_1,WEATHER_2,STATE_HWY_IND,CALTRANS_COUNTY,CALTRANS_DISTRICT,STATE_ROUTE,ROUTE_SUFFIX,POSTMILE_PREFIX,POSTMILE,LOCATION_TYPE,RAMP_INTERSECTION,SIDE_OF_HWY,TOW_AWAY,COLLISION_SEVERITY,NUMBER_KILLED,NUMBER_INJURED,PARTY_COUNT,PRIMARY_COLL_FACTOR,PCF_CODE_OF_VIOL,PCF_VIOL_CATEGORY,PCF_VIOLATION,PCF_VIOL_SUBSECTION,HIT_AND_RUN,TYPE_OF_COLLISION,MVIW,PED_ACTION,ROAD_SURFACE,ROAD_COND_1,ROAD_COND_2,LIGHTING,CONTROL_DEVICE,CHP_ROAD_TYPE,PEDESTRIAN_ACCIDENT,BICYCLE_ACCIDENT,MOTORCYCLE_ACCIDENT,TRUCK_ACCIDENT,NOT_PRIVATE_PROPERTY,ALCOHOL_INVOLVED,STWD_VEHTYPE_AT_FAULT,CHP_VEHTYPE_AT_FAULT,COUNT_SEVERE_INJ,COUNT_VISIBLE_INJ,COUNT_COMPLAINT_PAIN,COUNT_PED_KILLED,COUNT_PED_INJURED,COUNT_BICYCLIST_KILLED,COUNT_BICYCLIST_INJURED,COUNT_MC_KILLED,COUNT_MC_INJURED,PRIMARY_RAMP,SECONDARY_RAMP,LATITUDE,LONGITUDE,COUNTY,CITY,POINT_X,POINT_Y
6870397,2015,2015-04-13,2711,2015-03-15,1444,3469,2711,7,5,3,2711,0,0,0,,0,001,"ENCINAL ST","FRONT ST",11.00,E,N,A,-,N,,,,,,,,,,N,2,0,1,2,A,-,08,22107,,N,G,B,B,A,H,-,A,A,0,Y,,,,Y,,A,01,1,0,0,0,1,0,0,0,0,"- ","- ",,,MONTEREY,SOLEDAD,-121.33025841,36.427514670000001
8648419,2017,2018-12-10,2710,2017-02-04,1828,40386,MARIN,6,5,4,2710,0,0,0,,0,011,"BROADWAY AV","HILLSDALE ST",0.00,,Y,A,-,N,,,,,,,,,,N,1,1,1,3,A,-,10,21950,A,N,G,B,D,A,H,-,C,A,0,Y,,,,Y,,D,22,1,0,0,1,1,0,0,0,0,"- ","- ",,,MONTEREY,SEASIDE,-121.85054988,36.609270100000003
90469366,2017,2017-06-01,9730,2017-05-30,1520,020584,,2,2,9,2700,0,2,4,,1,073,"SAN MIGUEL CANYON RD.","PARADISE RD.",0.00,,Y,A,-,N,,,,,,,,,,Y,2,0,1,2,A,-,09,21802,A,N,D,C,A,A,H,-,A,A,0,,,,,Y,,A,01,1,0,0,0,0,0,0,0,0,"- ","- ",36.825150000000001,-121.67583,MONTEREY,UNINCORPORATED,-121.67580991,36.825180019999998
90594672,2017,2017-11-15,9730,2017-11-11,1735,020701,,6,2,9,2700,0,1,3,,1,068,"SR-68 EASTBOUND","B ROAD",20.00,W,N,A,-,Y,,,68,,,,,,E,Y,2,0,2,2,A,-,05,21460,A,N,A,C,A,A,H,-,D,D,0,,,Y,,Y,,C,02,1,0,1,0,0,0,0,0,1,"- ","- ",36.57038,-121.76203,MONTEREY,UNINCORPORATED,-121.76202790000001,36.570417419999998
90735226,2018,2018-05-25,9735,2018-05-18,0725,020036,,5,1,9,2700,0,1,2,,2,044,"US-101 S/B","JOLON RD",10032.00,N,N,A,-,Y,,,101,,,,,,S,Y,2,0,2,1,A,-,08,22107,,N,F,A,A,A,H,-,A,D,0,,,,,Y,,A,01,1,1,0,0,0,0,0,0,0,"- ","- ",35.900680541992188,-120.84237670898438,MONTEREY,UNINCORPORATED,-120.84230804443359,35.900699615478516
90791867,2018,2018-08-16,9730,2018-04-17,2319,018302,,2,3,9,2700,0,3,5,,2,004,"GLORIA ROAD","TAVERNETTI ROAD",5808.00,E,N,B,-,N,,,,,,,,,,Y,1,1,2,2,A,-,01,23152,A,N,C,C,A,A,E,-,D,D,0,,,,,Y,Y,D,22,2,0,0,0,0,0,0,0,0,"- ","- ",36.498279571533203,-121.40972900390625,MONTEREY,UNINCORPORATED,-121.42520904541016,36.492389678955078
90831457,2018,2018-10-09,9730,2018-09-30,0943,020598,,7,1,9,2700,0,1,3,,1,066,"MERRITT STREET","SALINAS ROAD",15.00,N,N,A,-,Y,,,,,,,,,,N,2,0,1,2,C,-,18,,,N,C,C,A,A,H,-,A,A,0,,,,,Y,,-,"- ",1,0,0,0,0,0,0,0,0,"- ","- ",36.761699676513672,-121.75270080566406,MONTEREY,UNINCORPORATED,-121.75287628173828,36.761909484863281
91600664,2021,2021-10-19,9730,2021-07-16,0535,018886,,5,3,9,2700,0,1,2,,1,070,"US-101 S/B",SR-156,343.00,S,N,B,F,Y,,,101,,,,,,S,Y,1,1,0,4,A,-,03,22350,,N,G,C,E,B,C,-,D,D,0,Y,,,,Y,,A,01,0,0,0,1,0,0,0,0,0,"- ","- ",36.788780212402344,-121.66780090332031,MONTEREY,UNINCORPORATED,-121.66781616210938,36.788784027099609
91825202,2022,2022-07-26,9730,2022-07-16,1658,022788,,6,2,9,2700,0,2,4,,1,073,"SAN MIGUEL CANYON ROAD","HAMBEY LANE",0.00,,Y,A,-,N,,,,,,,,,,Y,2,0,2,2,A,-,01,23152,A,N,A,C,A,A,H,-,A,D,0,,,,,Y,Y,A,07,2,0,0,0,0,0,0,0,0,"- ","- ",36.838298797607422,-121.68392181396484,MONTEREY,UNINCORPORATED,-121.6839599609375,36.838321685791016
91926555,2022,2022-11-25,9730,2022-10-25,0613,019127,,2,1,9,2700,0,1,2,,1,050,"US-101 SOUTHBOUND","E. MARKET ST",1056.00,N,N,A,-,Y,MON,,101,,,87.483,H,,L,Y,1,1,0,1,A,-,08,22107,,N,E,I,A,A,H,-,C,D,0,,,,,Y,,A,01,0,0,0,0,0,0,0,0,0,"- ","- ",36.680141448974609,-121.64225006103516,MONTEREY,UNINCORPORATED,-121.64216613769531,36.68017578125
9424917,2022,2022-04-12,2706,2022-03-28,1335,181,2706,1,5,4,2706,0,0,0,,0,002,"DEL MONTE AV","CAMINO AGUAJITO",0.00,,Y,A,-,N,,,,,,,,,,Y,2,0,2,3,A,-,09,21801,A,N,A,C,A,A,H,-,A,A,0,,,,,Y,,A,07,2,0,0,0,0,0,0,0,0,"- ","- ",,,MONTEREY,MONTEREY,-121.88358306884766,36.599941253662109
9496990,2022,2022-09-02,2710,2022-06-19,0915,40426,,7,5,4,2710,0,0,0,,0,02B,"FREMONT BL","HAMILTON AV",0.00,,Y,A,-,N,,,,,,,,,,N,2,0,1,2,C,-,18,,,N,G,B,D,A,H,-,A,D,0,Y,,,,Y,,-,"- ",1,0,0,0,1,0,0,0,0,"- ","- ",,,MONTEREY,SEASIDE,-121.84741973876953,36.605548858642578
90859215,2018,2018-11-13,9735,2018-11-01,2253,020841,,4,3,9,2700,0,1,2,,2,042,"US-101 N/B","LAYOUS O/C",6864.00,S,N,A,-,Y,,,101,,,,,,N,N,1,1,0,2,C,-,18,,,N,G,B,F,A,H,-,D,D,0,Y,,,,Y,,-,"- ",0,0,0,1,0,0,0,0,0,"- ","- ",36.153858184814453,-121.04514312744141,MONTEREY,UNINCORPORATED,-121.04515075683594,36.153850555419922
9197618,2020,2021-01-20,2708,2020-11-06,0953,58583,2708,5,5,6,2708,0,0,0,,0,005,"POLK ST","HARDING ST",373.00,N,N,A,-,N,,,,,,,,,,N,2,0,2,3,A,-,03,22350,,N,C,E,E,A,H,-,A,D,0,Y,,Y,,Y,,C,02,1,1,0,0,1,0,0,0,1,"- ","- ",,,MONTEREY,SALINAS,-121.66055297851562,36.694309234619141
9584219,2023,2023-05-19,2710,2023-03-27,1319,40412,,1,5,4,2710,0,0,0,,0,,"MESCAL ST","SIERRA AV",0.00,,-,A,-,N,,,,,,,,,,Y,2,0,1,1,A,-,08,22107,,F,A,I,A,A,H,-,A,D,0,,,,,Y,,A,01,1,0,0,0,0,0,0,0,0,"- ","- ",,,MONTEREY,SEASIDE,-121.82791137695312,36.60076904296875
90534534,2017,2017-08-28,9730,2017-08-19,1200,020391,,6,1,9,2700,0,1,3,,1,074,"SR-1 SOUTHBOUND","STRUVE RD",191.00,S,N,B,-,Y,,,1,,,,,,S,Y,2,0,1,2,A,-,06,21755,,N,B,C,A,A,H,-,A,D,0,,,Y,,Y,,C,02,1,0,0,0,0,0,0,0,1,"- ","- ",36.830440000000003,-121.77126,MONTEREY,UNINCORPORATED,-121.77118484,36.830411040000001
90683465,2018,2018-03-16,9730,2018-03-08,1651,018810,,4,2,9,2700,0,1,3,,2,062,"SR-1 N/B","RESERVATION ROAD",528.00,S,N,B,-,Y,,,,,,,,,,Y,2,0,7,2,A,-,08,22107,,N,A,C,A,A,H,-,A,D,0,,,,,Y,,A,01,1,0,6,0,0,0,0,0,0,"- ","- ",36.690540313720703,-121.80795288085938,MONTEREY,UNINCORPORATED,-121.80543518066406,36.695381164550781
90972591,2019,2019-04-22,9730,2019-04-19,1559,019239,,5,2,9,2700,0,1,3,,1,068,SR-68,"TORERO DR",0.00,,Y,A,-,Y,,,68,,,,,,,Y,2,0,3,3,A,-,09,21801,A,N,D,C,A,A,H,-,A,D,0,,,,,Y,,A,01,1,2,0,0,0,0,0,0,0,"- ","- ",36.593601226806641,-121.70449829101562,MONTEREY,UNINCORPORATED,-121.70452117919922,36.593624114990234
91336443,2020,2020-11-02,9735,2020-10-27,1600,020335,,2,2,9,2700,0,1,2,,1,040,US-101,"ALVARADO RD",1100.00,S,N,A,-,Y,,,101,,,,,,,Y,2,0,2,1,A,-,08,22107,,N,F,A,A,A,H,-,A,D,0,,,,,Y,,A,07,2,0,0,0,0,0,0,0,0,"- ","- ",35.944019317626953,-120.87500762939453,MONTEREY,UNINCORPORATED,-120.87496185302734,35.944038391113281
6601516,2014,2016-05-09,9730,2014-08-14,1612,020057,,4,2,9,2700,0,1,3,,1,068,"RT 68","SAN BENANCIO RD",313.00,W,N,A,-,Y,MON,5,68,-,-,13.270,H,-,W,Y,2,0,1,2,A,-,08,22107,,N,C,C,A,A,H,-,A,D,0,,,Y,,Y,,C,02,1,0,0,0,0,0,0,0,1,"- ","- ",36.579230000000003,-121.72229,MONTEREY,UNINCORPORATED,-121.72170752,36.579350599999998
6714478,2014,2015-01-05,2708,2014-10-21,2045,08067,,2,5,6,2708,0,0,0,,0,010,"KERN ST","ROOSEVELT ST",72.00,N,N,A,-,N,,,,,,,,,,N,2,0,1,2,A,-,11,21954,A,N,G,B,D,A,H,-,D,D,0,Y,,,,Y,Y,N,60,1,0,0,0,1,0,0,0,0,"- ","- ",,,MONTEREY,SALINAS,-121.64029875999999,36.676016199999999
8106519,2016,2016-08-19,2708,2016-07-10,1615,49986,,7,5,6,2708,0,0,0,,0,011,"LAS CASITAS DR","RANCHERO DR",0.00,,Y,A,-,N,,,,,,,,,,Y,2,0,1,2,D,-,00,,,N,D,G,A,A,H,-,A,A,0,,Y,,,Y,,-,"- ",1,0,0,0,0,0,1,0,0,"- ","- ",,,MONTEREY,SALINAS,-121.61378994,36.695120029999998
8404908,2018,2018-07-11,2705,2018-02-03,1319,K22959,2705,6,5,3,2705,0,0,0,,0,"02 10","S 1ST ST","LONOAK RD",300.00,N,N,A,-,N,,,,,,,,,,Y,1,1,2,4,A,-,16,24002,A,N,G,B,F,A,H,-,A,D,0,Y,,,,Y,,D,22,1,1,0,1,2,0,0,0,0,"- ","- ",,,MONTEREY,"KING CITY",-121.11747741699219,36.207283020019531
9036304,2019,2020-01-29,2703,2019-12-27,1614,2703,2703,5,5,2,2703,0,0,0,,0,ALL,"ALTA ST","C ST",0.00,,Y,A,-,N,,,,,,,,,,Y,2,0,2,2,A,-,09,21802,A,N,D,C,A,A,H,-,A,A,0,,,,,Y,,A,01,1,1,0,0,0,0,0,0,0,"- ","- ",,,MONTEREY,GONZALES,-121.43978118896484,36.501968383789062
90126856,2016,2016-03-01,9730,2016-02-27,1515,020981,,6,2,9,2700,0,3,5,,2,007,"ELKHORN ROAD","CAMPAGNA WAY",300.00,N,N,A,-,N,,,,,,,,,,Y,2,0,1,1,A,-,08,22107,,N,E,I,A,A,H,-,A,D,0,,,,,Y,,A,07,1,0,0,0,0,0,0,0,0,"- ","- ",36.835830000000001,-121.73218,MONTEREY,UNINCORPORATED,-121.73209059,36.836525260000002
91775301,2022,2022-05-18,9730,2022-03-14,0539,018302,,1,3,9,2700,0,2,4,,1,075,SR-183,"SAN JON ROAD",226.00,S,N,B,-,Y,MON,,183,,R,4.161,H,,R,N,1,1,0,2,A,-,11,21954,A,N,G,B,D,A,H,-,D,D,0,Y,,,,Y,,N,60,0,0,0,1,0,0,0,0,0,"- ","- ",36.702888488769531,-121.70688629150391,MONTEREY,UNINCORPORATED,-121.70684814453125,36.702915191650391
92126453,2023,2023-07-26,9735,2023-07-16,1110,021120,,7,1,9,2700,0,1,2,,2,042,"US-101 NB","BUNTE RD OVER-CROSSING",3907.00,S,N,A,-,Y,MON,,101," ",R,35.087,H,,R,Y,2,0,3,1,A,-,08,22107,,N,F,A,A,A,H,-,A,A,0,,,,,Y,,A,07,2,1,0,0,0,0,0,0,0,"- ","- ",36.160820007324219,-121.05043792724609,MONTEREY,UNINCORPORATED,-121.05061340332031,36.160717010498047
92280329,2023,2024-01-05,9730,2023-12-30,1840,022725,,6,2,9,2700,0,2,4,,1,023,"CARMEL VALLEY ROAD","TIERRA GRANDE DRIVE",0.00,,Y,B,-,N,,,,,,,,,,Y,2,0,4,2,A,-,01,23152,A,N,D,C,A,B,H,-,D,D,0,,,,,Y,Y,A,07,1,3,0,0,0,0,0,0,0,"- ","- ",36.524238586425781,-121.81107330322266,MONTEREY,UNINCORPORATED,-121.81105804443359,36.524169921875
92439313,2024,2024-07-15,9730,2024-05-15,"540 ",023651,,3,3,9,2700,0,3,5,,2,007,"CASTROVILLE BOULEVARD","ELKHORN ROAD",0.00,,Y,B,-,N,,,,,,,,,,Y,1,1,0,2,A,-,09,21801,A,N,A,C,A,A,H,-,D,A,0,,,Y,,Y,Y,A,01,0,0,0,0,0,0,0,1,0,"- ","- ",36.795749664306641,-121.72035217285156,MONTEREY,UNINCORPORATED,-121.72037506103516,36.795654296875
92596471,2024,2024-07-24,9730,2024-07-16,2116,023216,,2,2,9,2700,0,2,4,,1,075,"SAN JUAN RD","SAN MIGUEL CANYON RD",0.00,,Y,A,-,N,,,,,,,,,,N,2,0,2,2,A,-,09,21801,A,N,D,C,A,A,H,-,D,D,0,,,Y,,Y,,A,01,1,1,0,0,0,0,0,0,1,"- ","- ",36.899990081787109,-121.69049072265625,MONTEREY,UNINCORPORATED,-121.69058227539062,36.900070190429688
90547014,2017,2017-09-13,9730,2017-09-05,1834,018810,,2,2,9,2700,0,1,3,,2,062,"S/B SR-1","SR-68 OVERCROSSING, (SALINAS)",589.00,S,N,B,-,Y,,,1,,,,,,,N,2,0,1,2,A,-,03,22350,,N,C,C,A,A,H,-,A,D,0,,,Y,,Y,,C,02,1,0,0,0,0,0,0,0,1,"- ","- ",36.594000000000001,-121.87327000000001,MONTEREY,UNINCORPORATED,-121.87325878,36.59393068
90678695,2018,2018-03-09,9735,2018-01-16,1720,020168,,2,2,9,2700,0,3,5,,2,003,"BITTERWATER RD","METZ RD",18480.00,E,N,A,-,N,,,,,,,,,,Y,1,1,0,1,A,-,08,22107,,N,F,A,A,A,H,-,B,D,0,,,,,Y,,D,22,0,0,0,0,0,0,0,0,0,"- ","- ",36.267688751220703,-121.07640075683594,MONTEREY,UNINCORPORATED,-121.08738708496094,36.256053924560547
90855665,2018,2018-11-07,9735,2018-10-21,2115,021120,,7,2,9,2700,0,1,2,,2,044,"US-101 N/B","LOS LOBOS RD",930.00,N,N,A,-,Y,,,101,,,,,,N,Y,2,0,1,2,C,-,18,,,N,E,H,A,A,H,-,D,D,0,,,Y,,Y,,-,"- ",1,0,0,0,0,0,0,0,1,"- ","- ",35.977851867675781,-120.90093231201172,MONTEREY,UNINCORPORATED,-120.90090942382812,35.977863311767578
91249479,2020,2020-06-09,9730,2020-06-02,1850,021776,,2,2,9,2700,0,3,5,,2,007,"SALINAS ROAD","NORTHBOUND SR-1 OFF-RAMP TO SALINAS ROAD",0.00,,Y,A,-,N,,,,,,,,,,Y,2,0,3,2,A,-,09,21802,A,N,D,C,A,A,H,-,A,A,0,,,,,Y,,A,01,1,0,2,0,0,0,0,0,0,"- ","- ",36.869789123535156,-121.76953125,MONTEREY,UNINCORPORATED,-121.769462,36.869813000000001
91540523,2021,2021-08-09,9735,2021-06-12,0041,020335,,6,3,9,2700,0,1,2,,2,045,"US-101 SOUTHBOUND","EAST GARRISON",13728.00,N,N,A,-,Y,,,101,,,,,,S,Y,1,2,1,2,A,-,01,23152,A,N,A,C,A,A,H,-,D,D,0,,,,Y,Y,Y,A,01,0,1,0,0,0,0,0,0,0,"- ","- ",35.850170135498047,-120.76763916015625,MONTEREY,UNINCORPORATED,-120.76761627197266,35.850208282470703
91578997,2021,2021-09-24,9730,2021-08-16,0613,019818,,1,1,9,2700,0,2,4,,2,063,"BLANCO RD","DAVIS RD",2640.00,W,N,E,-,N,,,,,,,,,,Y,1,1,1,2,A,-,03,22350,,N,C,C,A,A,H,-,B,D,0,,,,Y,Y,,A,01,0,1,0,0,0,0,0,0,0,"- ","- ",36.67047119140625,-121.69183349609375,MONTEREY,UNINCORPORATED,-121.69253540039062,36.670894622802734
8043998,2016,2016-05-25,2712,2016-04-22,2040,706,2712,5,5,3,2712,0,0,0,,0,001,"RESERVATION RD","BEACH RD",35.00,W,N,A,-,N,,,,,,,,,,N,2,0,1,2,A,-,10,21950,A,N,G,B,B,A,H,-,C,A,0,Y,,,,Y,,A,01,1,0,0,0,1,0,0,0,0,"- ","- ",,,MONTEREY,MARINA,-121.80183053,36.69484241
8322263,2016,2017-04-08,2705,2016-08-17,0550,K23127,2705,3,5,3,2705,0,0,0,,0,03106,"BROADWAY ST","RT 101",0.00,,Y,A,-,Y,MON,5,101,-,R,41.290,R,4,N,Y,2,0,1,2,A,-,09,21801,A,N,A,C,A,A,H,-,B,D,0,,,,,Y,,A,01,1,0,0,0,0,0,0,0,0,"- ",NO,,,MONTEREY,"KING CITY",-121.13950776999999,36.204246099999999
8801269,2019,2019-02-26,2708,2019-01-29,2040,79945,,2,5,6,2708,0,0,0,,0,003,"NATIVIDAD RD","EAST BORONDA RD",2000.00,N,N,A,-,N,,,,,,,,,,Y,2,0,1,2,A,-,05,21202,A,N,C,G,A,A,H,-,D,D,0,,Y,,,Y,,-,,1,0,0,0,0,0,1,0,0,"- ","- ",,,MONTEREY,SALINAS,-121.62168121337891,36.720829010009766
9245721,2021,2021-04-09,2708,2021-02-08,1229,07,,1,5,6,2708,0,0,0,,0,009,"EAST BLANCO RD","BLANCO CIR",0.00,,Y,A,-,N,,,,,,,,,,Y,2,0,1,2,A,-,03,22350,,N,C,C,A,A,H,-,A,A,0,,,,Y,Y,,D,22,1,0,0,0,0,0,0,0,0,"- ","- ",,,MONTEREY,SALINAS,-121.63719940185547,36.654811859130859
9464357,2021,2022-08-29,2707,2021-06-05,0104,1635,2707,6,5,3,2707,0,0,0,,0,001,"RT 68","GROVE ACRE AV",0.00,,Y,A,-,Y,MON,5,68,-,-,0.370,I,5,E,N,1,1,0,1,A,-,03,22350,,N,A,I,A,A,H,-,C,A,0,,,,,Y,,-,,0,0,0,0,0,0,0,0,0,"- ","- ",,,MONTEREY,"PACIFIC GROVE",-121.93344116210938,36.615730285644531
6290638,2014,2014-06-11,9730,2014-04-12,1435,17502,,6,2,9,2700,0,3,5,,2,002,"LAURELES GRADE","CARMEL VALLEY RD",1056.00,N,N,A,-,N,,,,,,,,,,Y,1,1,0,2,A,-,03,22350,,N,A,C,A,A,H,-,A,D,0,,,Y,,Y,,C,02,0,0,0,0,0,0,0,1,0,"- ","- ",36.502589999999998,-121.75318,MONTEREY,UNINCORPORATED,-121.75357369,36.502481240000002
6292658,2015,2015-09-17,9735,2015-08-11,1630,19800,,2,2,9,2700,0,1,3,,1,034,"RT 198","FREEMAN FLAT RD",3696.00,E,N,A,-,Y,MON,5,198,-,-,1.830,H,-,W,Y,1,1,0,2,A,-,08,22107,,N,D,C,A,A,H,-,A,D,0,,,,,Y,,A,01,0,0,0,0,0,0,0,0,0,"- ","- ",36.149189999999997,-121.00292,MONTEREY,UNINCORPORATED,-121.00246284000001,36.14936221
6358587,2014,2016-01-14,9730,2014-01-17,2355,020168,,5,3,9,2700,0,1,3,,2,062,"RT 1","DEL MONTE BL",1056.00,N,N,A,-,Y,MON,5,1,-,R,79.130,H,-,N,Y,2,0,1,1,A,-,01,23152,A,N,E,I,A,A,H,-,D,D,1,,,,,Y,Y,A,01,1,0,0,0,0,0,0,0,0,"- ","- ",36.683489999999999,-121.80817,MONTEREY,UNINCORPORATED,-121.86035511999999,36.607888269999997
6381784,2014,2014-06-17,9730,2014-02-10,1745,020168,,1,2,9,2700,0,2,4,,1,023,"CARMEL VALLEY RD","SCARLETT RD",528.00,E,N,A,-,N,,,,,,,,,,N,2,0,1,2,A,-,11,21954,A,N,G,B,D,A,H,-,A,D,0,Y,,,,Y,,N,60,1,0,0,0,1,0,0,0,0,"- ","- ",36.519620000000003,-121.78673999999999,MONTEREY,UNINCORPORATED,-121.79227476,36.523105860000001
6389744,2014,2014-06-12,9730,2014-02-17,1919,019806,,1,2,9,2700,0,3,5,,2,007,"SALINAS RD","WERNER RD",0.00,,Y,B,-,N,,,,,,,,,,Y,2,0,2,2,A,-,09,21802,A,N,D,C,A,A,H,-,D,A,0,,,,,Y,,A,01,1,0,1,0,0,0,0,0,0,"- ","- ",,,MONTEREY,UNINCORPORATED,-121.75139999,36.878270030000003
6439450,2014,2016-03-05,9735,2014-03-10,0008,019263,,1,3,3,2704,0,1,2,,1,040,"RT 101","THORNE RD",100.00,W,N,A,-,Y,MON,5,101,-,-,54.960,R,1,N,Y,2,0,6,1,A,-,03,22350,,N,F,I,A,A,G,-,C,A,4,,,,,Y,,A,08,2,2,2,0,0,0,0,0,0,TO,"- ",36.203000000000003,-121.1521,MONTEREY,GREENFIELD,-121.25679135,36.341479200000002
6439452,2014,2016-03-05,9735,2014-03-04,1325,016696,,2,1,9,2700,0,1,2,,1,040,"RT 101","MAJOR FARMS RD",3168.00,S,N,A,-,Y,MON,5,101,-,-,57.890,H,-,S,Y,2,0,2,1,A,-,08,22107,,N,F,A,A,A,H,-,A,D,4,,,,,Y,,A,07,2,0,0,0,0,0,0,0,0,"- ","- ",36.373080000000002,-121.28824,MONTEREY,UNINCORPORATED,-121.29000693,36.374094579999998
6523968,2014,2015-03-23,2708,2014-05-10,0832,27645,,6,5,6,2708,0,0,0,,0,,"NORTH MAIN ST","WEST BERNAL",0.00,,Y,A,-,N,,,,,,,,,,N,1,1,0,2,A,-,10,21950,A,N,G,B,B,A,H,-,A,A,0,Y,,,,Y,,-,,0,0,0,1,0,0,0,0,0,"- ","- ",,,MONTEREY,SALINAS,-121.65245985999999,36.689970080000002
6537200,2014,2014-08-25,9730,2014-06-09,1450,019635,,1,2,9,2700,0,3,5,,2,005,"SAN JUAN GRADE RD","CRAZY HORSE CANYON RD",10560.00,N,N,A,-,N,,,,,,,,,,Y,2,0,1,1,A,-,01,23152,A,N,E,I,A,A,H,-,A,D,0,,,,,Y,Y,A,01,1,0,0,0,0,0,0,0,0,"- ","- ",36.798479999999998,-121.58174,MONTEREY,UNINCORPORATED,-121.58220648,36.794794070000002
6560013,2014,2016-05-09,9730,2014-07-06,1148,018179,,7,1,9,2700,0,1,2,,1,070,"RT 101","CRAZY HORSE CANYON RD",2640.00,N,N,A,-,Y,MON,5,101,-,-,98.880,H,-,N,Y,2,0,1,1,A,-,08,22107,,N,E,I,A,A,H,-,A,D,5,,,Y,,Y,,C,02,1,0,0,0,0,0,0,0,1,"- ","- ",,,MONTEREY,UNINCORPORATED,-121.62905895,36.824032989999999
6581211,2014,2016-05-04,9735,2014-07-05,1125,019894,,6,1,9,2700,0,1,3,,2,052,"RT 25","COALINGA RD",10560.00,N,N,A,-,Y,SBT,5,25,-,-,11.370,H,-,N,Y,2,0,2,2,A,-,05,21650,,N,B,C,A,A,H,-,A,D,0,,,Y,,Y,,C,02,2,0,0,0,0,0,0,0,2,"- ","- ",36.427959999999999,-121.02157,MONTEREY,UNINCORPORATED,-121.01809735000001,36.426216590000003
6588588,2014,2014-08-27,9730,2014-07-31,1555,015160,,4,2,9,2700,0,3,5,,2,007,"CASTROVILLE BL","MANZANITA CIR",268.00,W,N,A,-,N,,,,,,,,,,Y,2,0,3,3,A,-,03,22350,,N,C,C,A,A,D,-,A,D,0,,,,,Y,,D,22,1,1,1,0,0,0,0,0,0,"- ","- ",,,MONTEREY,UNINCORPORATED,-121.68018239,36.803585390000002
6592221,2014,2014-08-29,2708,2014-07-14,1221,53260,,1,5,6,2708,0,0,0,,0,012,"WILLIAMS RD","EAST MARKET ST",547.00,S,N,A,-,N,,,,,,,,,,Y,2,0,1,2,A,-,05,21651,B,N,A,C,A,A,H,-,A,D,0,,,,,Y,,-,,1,0,0,0,0,0,0,0,0,"- ","- ",,,MONTEREY,SALINAS,-121.61657863000001,36.674207189999997
6606370,2015,2016-02-05,2708,2015-12-22,1854,08323,,2,5,6,2708,0,0,0,,0,011,"NORTH SANBORN RD","KILBRETH AV",0.00,,Y,A,-,N,,,,,,,,,,N,1,1,0,2,A,-,06,21951,,F,G,B,B,A,H,-,D,D,0,Y,,,,Y,,-,,0,0,0,1,0,0,0,0,0,"- ","- ",,,MONTEREY,SALINAS,-121.60658989,36.691140009999998
6612301,2014,2016-05-02,9730,2014-08-06,1752,20065,,3,2,9,2700,0,1,3,,1,074,"RT 1","POTRERO RD",0.00,,Y,B,-,Y,MON,5,1,-,-,95.190,I,5,S,Y,2,0,1,2,A,-,01,23152,F,N,D,C,A,A,H,-,A,D,0,,,Y,,Y,Y,C,02,1,0,0,0,0,0,0,0,1,"- ","- ",36.790909999999997,-121.78362,MONTEREY,UNINCORPORATED,-121.78361618,36.791011509999997
6636956,2014,2014-10-29,9730,2014-09-12,1940,020233,,5,2,9,2700,0,3,5,,2,007,"ELKHORN RD","WALKER VALLEY RD",1056.00,N,N,B,-,N,,,,,,,,,,Y,2,0,1,1,A,-,01,23152,A,N,F,A,A,A,H,-,D,D,0,,,,,Y,Y,A,01,1,0,0,0,0,0,0,0,0,"- ","- ",,,MONTEREY,UNINCORPORATED,-121.72395151000001,36.81560502
6707754,2014,2015-03-12,9730,2014-10-29,1410,017851,,3,2,9,2700,0,2,4,,1,073,"SAN MIGUEL CANYON RD","ECHO VALLEY RD",0.00,,Y,A,-,N,,,,,,,,,,Y,1,1,1,2,A,-,09,21802,A,N,D,C,A,A,H,-,A,A,0,,,,,Y,,A,01,0,1,0,0,0,0,0,0,0,"- ","- ",,,MONTEREY,UNINCORPORATED,-121.67346996000001,36.821660080000001