CASE_ID,ACCIDENT_YEAR,PROC_DATE,JURIS,COLLISION_DATE,COLLISION_TIME,OFFICER_ID,REPORTING_DISTRICT,DAY_OF_WEEK,CHP_SHIFT,POPULATION,CNTY_CITY_LOC,SPECIAL_COND,BEAT_TYPE,CHP_BEAT_TYPE,CITY_DIVISION_LAPD,CHP_BEAT_CLASS,BEAT_NUMBER,PRIMARY_RD,SECONDARY_RD,DISTANCE,DIRECTION,INTERSECTION,WEATHER_1,WEATHER_2,STATE_HWY_IND,CALTRANS_COUNTY,CALTRANS_DISTRICT,STATE_ROUTE,ROUTE_SUFFIX,POSTMILE_PREFIX,POSTMILE,LOCATION_TYPE,RAMP_INTERSECTION,SIDE_OF_HWY,TOW_AWAY,COLLISION_SEVERITY,NUMBER_KILLED,NUMBER_INJURED,PARTY_COUNT,PRIMARY_COLL_FACTOR,PCF_CODE_OF_VIOL,PCF_VIOL_CATEGORY,PCF_VIOLATION,PCF_VIOL_SUBSECTION,HIT_AND_RUN,TYPE_OF_COLLISION,MVIW,PED_ACTION,ROAD_SURFACE,ROAD_COND_1,ROAD_COND_2,LIGHTING,CONTROL_DEVICE,CHP_ROAD_TYPE,PEDESTRIAN_ACCIDENT,BICYCLE_ACCIDENT,MOTORCYCLE_ACCIDENT,TRUCK_ACCIDENT,NOT_PRIVATE_PROPERTY,ALCOHOL_INVOLVED,STWD_VEHTYPE_AT_FAULT,CHP_VEHTYPE_AT_FAULT,COUNT_SEVERE_INJ,COUNT_VISIBLE_INJ,COUNT_COMPLAINT_PAIN,COUNT_PED_KILLED,COUNT_PED_INJURED,COUNT_BICYCLIST_KILLED,COUNT_BICYCLIST_INJURED,COUNT_MC_KILLED,COUNT_MC_INJURED,PRIMARY_RAMP,SECONDARY_RAMP,LATITUDE,LONGITUDE,COUNTY,CITY,POINT_X,POINT_Y
6708143,2014,2014-12-26,9730,2014-11-03,0655,13024,,1,1,9,2700,0,3,5,,2,004,"GLORIA RD","SAN BENITO COUNTY LINE",6336.00,W,N,A,-,N,,,,,,,,,,Y,2,0,1,1,A,-,08,22107,,N,F,A,A,A,H,-,A,D,0,,,,,Y,,A,07,1,0,0,0,0,0,0,0,0,"- ","- ",,,MONTEREY,UNINCORPORATED,-121.308718,36.52899
6718106,2014,2015-02-09,2708,2014-12-26,1222,18355,,5,5,6,2708,0,0,0,,0,,"E LAKE ST","SOLEDAD ST",30.00,E,N,A,-,N,,,,,,,,,,Y,1,1,0,2,A,-,03,22350,,N,G,B,F,A,H,-,A,D,0,Y,,,,Y,Y,-,,0,0,0,1,0,0,0,0,0,"- ","- ",,,MONTEREY,SALINAS,-121.65247943,36.679825180000002
6732494,2014,2016-03-29,9730,2014-10-12,1425,18886,,7,2,9,2700,0,1,3,,1,066,"RT 183","TEMBLADERA BRIDGE",88.00,S,N,A,-,Y,,,,,,,,,,Y,2,0,6,2,A,-,05,21460,A,N,A,C,A,A,H,-,A,D,0,,,,,Y,Y,A,07,5,1,0,0,0,0,0,0,0,"- ","- ",,,MONTEREY,UNINCORPORATED,,
6843670,2015,2016-09-16,9730,2015-02-05,1650,018786,,4,2,9,2700,0,1,3,,1,014,"RT 1","LITTLE SUR RIVER",1584.00,S,N,A,-,Y,MON,5,1,-,-,55.800,H,-,S,Y,2,0,1,2,A,-,05,21460,A,N,A,C,A,A,H,-,A,D,0,,,,,Y,,D,22,1,0,0,0,0,0,0,0,0,"- ","- ",36.331800000000001,-121.88824,MONTEREY,UNINCORPORATED,-121.89039355,36.33204001
6852829,2015,2016-09-13,9735,2015-02-28,2011,019263,,6,2,9,2700,0,1,3,,1,034,"RT 198","PINE VALLEY RD",1320.00,E,N,C,-,Y,MON,5,198,-,-,10.310,H,-,W,Y,2,0,4,2,A,-,05,21460,A,F,A,C,A,B,H,-,D,D,0,,,,,Y,,A,07,1,3,0,0,0,0,0,0,0,"- ","- ",36.165129999999998,-120.86365000000001,MONTEREY,UNINCORPORATED,-120.86585388,36.165137450000003
6854148,2015,2015-04-03,9730,2015-01-16,1827,20419,,5,2,9,2700,0,1,2,,1,030,"RT 101","POTTER RD",0.00,,Y,A,-,Y,MON,5,101,-,-,80.290,I,5,N,Y,1,1,5,2,A,-,09,21801,A,N,D,C,A,A,H,-,D,D,5,,,,,Y,,A,07,1,3,1,0,0,0,0,0,0,"- ","- ",36.605559999999997,-121.55701999999999,MONTEREY,UNINCORPORATED,-121.55706996000001,36.605609909999998
6866768,2015,2015-05-15,9730,2015-03-20,1617,18786,,5,2,9,2700,0,3,5,,2,003,"ABBOTT ST","HARRIS RD",3696.00,S,N,A,-,N,,,,,,,,,,Y,1,1,0,2,A,-,08,22107,,N,D,C,A,A,H,-,A,D,0,,,,Y,Y,,A,01,0,0,0,0,0,0,0,0,0,"- ","- ",36.637320000000003,-121.60199,MONTEREY,UNINCORPORATED,-121.60260086,36.637902990000001
6880220,2015,2017-01-04,9735,2015-04-04,1315,017681,,6,1,3,2704,0,1,2,,1,040,"RT 101","OAK AV",0.00,,Y,A,-,Y,MON,5,101,-,-,53.240,R,1,N,Y,2,0,2,2,A,-,03,22350,,M,E,I,A,A,H,-,A,A,3,,,,,Y,,A,01,1,0,1,0,0,0,0,0,0,NF,"- ",,,MONTEREY,GREENFIELD,-121.23690238,36.322397369999997
6894201,2015,2015-04-30,2710,2015-03-01,0956,3605,MARIN,7,5,4,2710,0,0,0,,0,,"AUTO CENTER PKWY","GEARY PLZ",347.00,S,N,A,-,N,,,,,,,,,,Y,2,0,1,2,A,-,03,22350,,N,B,C,A,-,H,-,A,D,0,,,,,Y,,-,,1,0,0,0,0,0,0,0,0,"- ","- ",,,MONTEREY,SEASIDE,,
6910511,2015,2017-01-04,9730,2015-04-11,1110,016537,,6,1,9,2700,0,1,2,,1,030,"RT 101","OLD STAGE RD",528.00,S,N,A,-,Y,MON,5,101,-,-,72.510,H,-,N,Y,2,0,1,1,A,-,08,22107,,N,F,I,A,A,H,-,A,D,1,,,Y,,Y,,C,02,1,0,0,0,0,0,0,0,1,"- ","- ",36.522970000000001,-121.45884,MONTEREY,UNINCORPORATED,-121.46258579000001,36.523321250000002
6914667,2015,2015-05-21,2708,2015-04-16,2110,80573,,4,5,6,2708,0,0,0,,0,0IU,"EAST LAUREL DR","ST EDWARDS DR",1056.00,W,N,A,-,N,,,,,,,,,,Y,2,0,1,2,A,-,11,21954,A,F,G,B,D,A,H,-,D,D,0,Y,,,,Y,Y,N,60,1,0,0,0,1,0,0,0,0,"- ","- ",,,MONTEREY,SALINAS,-121.62528245,36.68862781
6931058,2015,2016-02-16,2708,2015-02-10,1750,52823,,2,5,6,2708,0,0,0,,0,,"NORTH SANBORN RD","FREEDOM PKY",0.00,,Y,A,-,N,,,,,,,,,,Y,2,0,4,2,A,-,09,21801,A,N,D,C,A,A,H,-,A,A,0,,,,,Y,,-,,1,3,0,0,0,0,0,0,0,"- ","- ",,,MONTEREY,SALINAS,-121.60134986,36.692130040000002
6952314,2015,2017-01-04,9735,2015-05-26,2500,019263,,2,4,3,2704,0,1,2,,1,040,"RT 101","S GREENFIELD",50.00,S,N,A,-,Y,MON,5,101,-,-,52.650,H,-,N,N,2,0,1,2,A,-,21,22106,,N,G,B,E,A,D,-,A,A,3,Y,,,,Y,,D,22,1,0,0,0,1,0,0,0,0,TO,"- ",36.314349999999997,-121.23447,MONTEREY,GREENFIELD,-121.23408388999999,36.314132770000001
6961310,2015,2015-06-25,2708,2015-05-07,1613,77573,,4,5,6,2708,0,0,0,,0,001,"NORTH MAIN ST","BORANDA RD",0.00,,Y,A,-,N,,,,,,,,,,Y,2,0,1,2,A,-,17,21461,A,N,D,C,A,A,H,-,A,A,0,,,,,Y,,-,,1,0,0,0,0,0,0,0,0,"- ","- ",,,MONTEREY,SALINAS,-121.65622992,36.721620110000003
6962103,2015,2015-06-23,9730,2015-05-23,0725,018350,,6,1,9,2700,0,2,4,,1,023,"CARMEL VALLEY RD","CACHAGUA RD",6336.00,W,N,C,-,N,,,,,,,,,,Y,2,0,2,1,A,-,03,22350,,N,E,I,A,B,H,-,A,D,0,,,,,Y,,A,07,1,1,0,0,0,0,0,0,0,"- ","- ",36.454729999999998,-121.70044,MONTEREY,UNINCORPORATED,-121.69823967000001,36.454070819999998
6989753,2015,2016-12-22,9735,2015-07-01,1500,020036,,3,2,9,2700,0,1,2,,2,045,"RT 101","BRADLEY REST AREA",4752.00,N,N,B,-,Y,MON,5,101,-,R,3.800,H,-,N,Y,2,0,2,1,A,-,08,22107,,N,F,A,A,A,H,-,A,D,1,,,,,Y,,A,07,1,0,1,0,0,0,0,0,0,"- ","- ",35.836880000000001,-120.75793,MONTEREY,UNINCORPORATED,-120.75761376,35.838472119999999
6991373,2015,2017-01-12,9735,2015-07-12,1140,020057,,7,1,9,2700,0,1,3,,2,052,"RT 25","BITTERWATER RD",2112.00,S,N,A,-,Y,SBT,5,25,-,-,6.840,H,-,N,Y,2,0,1,1,A,-,08,22107,,N,E,I,A,A,H,-,A,D,0,,,Y,,Y,,C,02,1,0,0,0,0,0,0,0,1,"- ","- ",36.375610000000002,-120.99575,MONTEREY,UNINCORPORATED,-120.99580921,36.375801250000002
6998135,2015,2016-11-03,2706,2015-06-25,1432,505,2706,4,5,4,2706,0,0,0,,0,003,"RT 68","YORK RD",424.00,W,N,A,-,Y,MON,5,68,-,-,8.070,H,-,W,Y,2,0,1,1,A,-,08,22107,,N,E,I,A,A,D,-,A,A,0,,,,,Y,,A,01,1,0,0,0,0,0,0,0,0,"- ","- ",,,MONTEREY,MONTEREY,-121.80968070999999,36.571789600000002
7027234,2015,2016-12-22,9730,2015-07-31,0740,12332,,5,1,9,2700,0,1,2,,1,070,"RT 101","RT 156",100.00,S,N,B,-,Y,MON,5,101,-,-,95.420,H,-,N,Y,2,0,1,2,A,-,03,22350,,N,D,C,A,B,H,-,A,D,5,,,,Y,Y,,A,01,1,0,0,0,0,0,0,0,0,"- ","- ",,,MONTEREY,UNINCORPORATED,-121.66756288000001,36.789286230000002
7032068,2015,2015-09-16,9735,2015-08-14,1450,19263,,5,2,9,2700,0,3,5,,2,002,"JOLON RD","NACIMIENTO LAKE DR",3696.00,N,N,A,-,N,,,,,,,,,,Y,2,0,4,1,A,-,08,22107,,N,F,A,A,A,H,-,A,D,0,,,,,Y,,D,22,1,2,1,0,0,0,0,0,0,"- ","- ",35.868229999999997,-120.84967,MONTEREY,UNINCORPORATED,-120.83583,35.873980000000003
7034837,2015,2015-08-28,2708,2015-07-18,1804,30349,SALIN,6,5,6,2708,0,0,0,,0,,"NORTH MAIN ST","CHAPARRAL ST",100.00,N,N,A,-,N,,,,,,,,,,Y,2,0,1,2,A,-,09,21804,A,N,D,C,A,A,H,-,A,D,0,,,,,Y,,-,,1,0,0,0,0,0,0,0,0,"- ","- ",,,MONTEREY,SALINAS,-121.65297295000001,36.704301399999999
7057547,2015,2015-11-20,2708,2015-07-02,2231,49532,,4,5,6,2708,0,0,0,,0,007,"RIKER ST","ROMIE LN",134.00,S,N,E,-,N,,,,,,,,,,Y,2,0,1,1,D,-,00,,,N,E,I,A,A,G,H,C,A,0,,,,,Y,,-,"- ",1,0,0,0,0,0,0,0,0,"- ","- ",,,MONTEREY,SALINAS,-121.66288847,36.663466710000002
7093002,2015,2015-10-23,2708,2015-09-11,1414,75334,,5,5,6,2708,0,0,0,,0,,"CONSTITUTION BL","BEACON HILL DR",0.00,,Y,A,-,N,,,,,,,,,,Y,2,0,2,2,A,-,09,21453,C,M,D,C,A,A,H,-,A,-,0,,,,,Y,,-,,1,1,0,0,0,0,0,0,0,"- ","- ",,,MONTEREY,SALINAS,-121.61603992000001,36.698770109999998
7119861,2015,2015-11-18,2708,2015-09-08,0712,06235,,2,5,6,2708,0,0,0,,0,011,"NORTH SANBORN RD","FREEDOM PKWY",0.00,,Y,A,-,N,,,,,,,,,,,2,0,1,2,A,-,12,21453,A,N,G,G,A,A,H,-,A,A,0,,Y,,,Y,,L,04,1,0,0,0,0,0,1,0,0,"- ","- ",,,MONTEREY,SALINAS,-121.60134986,36.692130040000002
7164534,2015,2016-01-27,2708,2015-12-02,1738,08323,,3,5,6,2708,0,0,0,,0,011,"FREEDOM PKWY","NORTH SANBORN RD",0.00,,Y,A,-,N,,,,,,,,,,Y,2,0,3,2,A,-,09,21801,A,N,-,C,A,A,H,-,C,A,0,,,,,Y,,-,,1,0,2,0,0,0,0,0,0,"- ","- ",,,MONTEREY,SALINAS,-121.60134986,36.692130040000002
7190635,2016,2018-09-27,2708,2016-03-26,0427,53268,,6,5,6,2708,0,0,0,,0,010,"EAST MARKET ST","KERN ST",145.00,E,N,A,-,N,,,,,,,,,,N,1,1,0,2,A,-,11,21954,A,F,G,B,D,A,H,-,C,A,0,Y,,,,Y,Y,N,60,0,0,0,1,0,0,0,0,0,"- ","- ",,,MONTEREY,SALINAS,-121.63959034,36.67733423
7199643,2016,2018-09-27,2707,2016-01-27,1820,2119,2707,3,5,3,2707,0,0,0,,0,001,"PINE AV","FOREST AV",0.00,,Y,A,-,N,,,,,,,,,,Y,1,1,0,2,A,-,11,21950,B,N,G,B,B,A,H,-,C,A,0,Y,,,,Y,,N,60,0,0,0,1,0,0,0,0,0,"- ","- ",,,MONTEREY,"PACIFIC GROVE",-121.91879994999999,36.618850109999997
7199945,2017,2019-04-08,2708,2017-01-30,0131,56294,SALIN,1,5,6,2708,0,0,0,,0,004,"EAST BORONDA RD","HEMINGWAY DR",1443.00,E,N,A,-,N,,,,,,,,,,Y,1,1,0,1,A,-,03,22350,,N,E,I,A,A,H,-,C,D,0,,,,,Y,Y,A,01,0,0,0,0,0,0,0,0,0,"- ","- ",,,MONTEREY,SALINAS,-121.6055832,36.710124720000003
8065143,2016,2017-03-30,2708,2016-05-05,1557,5693,,4,5,6,2708,0,0,0,,0,009,"EAST ROMIE LN","SAN MARINO",342.00,E,N,C,-,N,,,,,,,,,,Y,1,1,3,4,A,-,09,21804,A,N,A,C,A,B,H,-,A,D,0,,,,,Y,,-,,0,1,2,0,0,0,0,0,0,"- ","- ",,,MONTEREY,SALINAS,-121.64162424,36.658896759999998
8106483,2016,2016-08-19,2708,2016-07-09,1936,04125,,6,5,6,2708,0,0,0,,0,012,"JOHN ST","JOHN CIR",87.00,N,N,A,-,N,,,,,,,,,,Y,2,0,3,3,A,-,03,22350,A,F,C,C,A,A,H,-,A,D,0,,,,,Y,,-,,1,0,2,0,0,0,0,0,0,"- ","- ",,,MONTEREY,SALINAS,-121.62014821,36.671675360000002
8147155,2016,2016-10-17,2706,2016-10-07,1807,635,MPD,5,5,4,2706,0,0,0,,0,003,"VIRGINIA AV","MONTECITO AV",148.00,N,N,A,-,N,,,,,,,,,,N,2,0,1,2,A,-,09,21804,A,N,D,G,A,-,H,-,A,D,0,,Y,,,Y,,L,04,1,0,0,0,0,0,1,0,0,"- ","- ",,,MONTEREY,MONTEREY,-121.8575211,36.603319499999998
8166953,2016,2018-09-24,2708,2016-11-20,0307,75791,,7,5,6,2708,0,0,0,,0,,"EAST ALISAL ST","FRONT ST",472.00,E,N,C,-,N,,,,,,,,,,Y,1,2,0,1,A,-,03,22350,,N,D,I,A,B,H,-,C,A,0,,,,,Y,Y,-,,0,0,0,0,0,0,0,0,0,"- ","- ",,,MONTEREY,SALINAS,-121.64755589000001,36.674748749999999
81767891,2022,2022-05-09,2708,2022-03-21,0746,74137,SALIN,1,5,6,2708,0,0,0,,0,001,"BOLIVAR ST","SANTA RITA ST",0.00,,Y,A,-,N,,,,,,,,,,N,2,0,1,2,A,-,10,21950,A,N,G,B,B,A,H,-,A,A,0,Y,,,,Y,,D,22,1,0,0,0,1,0,0,0,0,"- ","- ",,,MONTEREY,SALINAS,-121.65361785888672,36.725040435791016
81782843,2022,2022-05-27,2708,2022-04-28,2321,30425,SALIN,4,5,6,2708,0,0,0,,0,003,"PLACER WAY","TYNAN WAY",85.00,S,N,A,-,N,,,,,,,,,,Y,2,0,1,3,A,-,08,22107,,M,C,E,A,A,H,-,C,D,0,,,,,Y,Y,A,01,1,0,0,0,0,0,0,0,0,"- ","- ",,,MONTEREY,SALINAS,-121.64286041259766,36.708591461181641
81871556,2022,2022-09-23,2708,2022-07-25,1620,31977,,1,5,6,2708,0,0,0,,0,009,"ABBOTT ST","HARKINS RD",1771.00,S,N,A,-,N,,,,,,,,,,Y,2,0,1,2,A,-,09,21801,A,N,D,C,A,A,H,-,A,D,0,,,,,Y,,-,31,1,0,0,0,0,0,0,0,0,"- ","- ",,,MONTEREY,SALINAS,-121.62144470214844,36.651142120361328
81875089,2022,2022-09-28,2708,2022-09-12,1813,06240,,1,5,6,2708,0,0,0,,0,011,"TOWT ST","PASEO GRANDE",0.00,,Y,A,-,N,,,,,,,,,,N,2,0,1,2,A,-,09,21802,A,N,G,B,B,A,H,-,A,A,0,Y,,,,Y,,A,07,1,0,0,0,1,0,0,0,0,"- ","- ",,,MONTEREY,SALINAS,-121.60233306884766,36.688068389892578
81884577,2022,2022-10-07,2708,2022-09-21,1300,87875,2708,3,5,6,2708,0,0,0,,0,006,"CASENTINI ST","RICO ST",5.00,E,N,A,-,N,,,,,,,,,,N,2,0,1,2,A,-,10,21950,A,F,G,B,B,A,H,-,A,A,0,Y,,,,Y,,-,99,1,0,0,0,1,0,0,0,0,"- ","- ",,,MONTEREY,SALINAS,-121.65974426269531,36.687225341796875
8188476,2016,2016-12-14,2708,2016-10-25,1324,78725,2708,2,5,6,2708,0,0,0,,0,,"PASARO ST","PASARO CIR",84.00,N,N,A,-,N,,,,,,,,,,Y,2,0,2,2,A,-,08,22103,,N,D,C,A,A,H,-,A,D,0,,,,,Y,,-,,1,0,1,0,0,0,0,0,0,"- ","- ",,,MONTEREY,SALINAS,-121.65537713000001,36.660523179999998
81891103,2022,2022-10-17,2708,2022-04-03,0043,30424,,7,5,6,2708,0,0,0,,0,007,"BLANCO RD","RIKER ST",517.00,W,N,A,-,N,,,,,,,,,,Y,2,0,1,2,A,-,03,22350,,N,A,C,A,A,H,-,D,D,0,,,Y,,Y,,C,02,1,0,0,0,0,0,0,0,1,"- ","- ",,,MONTEREY,SALINAS,-121.66605377197266,36.660007476806641
81953783,2022,2022-12-28,2708,2022-12-11,1120,07903,EAST,7,5,6,2708,0,0,0,,0,011,"NORTH SANBORN RD","GARNER AVE",0.00,,Y,B,-,N,,,,,,,,,,Y,2,0,3,4,A,-,12,21453,A,N,D,C,F,B,H,-,A,A,0,Y,,,,Y,,D,22,1,2,0,0,2,0,0,0,0,"- ","- ",,,MONTEREY,SALINAS,-121.61514282226562,36.686214447021484
81993622,2023,2023-02-14,2708,2023-01-28,1445,146,,6,5,6,2708,0,0,0,,0,011,"CONSTITUTION BLVD","LAS CASITAS DR",0.00,,Y,A,-,N,,,,,,,,,,Y,2,0,1,2,A,-,09,21802,A,N,D,C,A,A,H,-,A,D,0,,,Y,,Y,,A,01,1,0,0,0,0,0,0,0,1,"- ","- ",,,MONTEREY,SALINAS,-121.61258697509766,36.698776245117188
82125928,2023,2023-07-26,2708,2023-07-09,"241 ",28603,2708,7,5,6,2708,0,0,0,,0,007,"W ALISAL ST","COLLEGE DR",140.00,E,N,A,-,N,,,,,,,,,,Y,2,0,3,1,A,-,01,23152,A,N,E,I,A,A,H,-,C,D,0,,,,,Y,Y,A,07,1,2,0,0,0,0,0,0,0,"- ","- ",,,MONTEREY,SALINAS,-121.67002868652344,36.671550750732422
82135865,2023,2023-08-04,2708,2023-07-19,2015,74125,,3,5,6,2708,0,0,0,,0,009,"SOUTH MAIN ST","CHESTNUT ST",0.00,,Y,A,-,Y,,,,,,,,,,Y,2,0,1,1,A,-,03,22350,,N,E,I,A,A,H,-,B,A,0,,,,,Y,,A,01,1,0,0,0,0,0,0,0,0,"- ","- ",,,MONTEREY,SALINAS,-121.65592956542969,36.667655944824219
82222371,2023,2023-10-30,2705,2023-10-09,"57  ",15,2705,1,5,3,2705,0,0,0,,0,001,"N MILDRED AVE","KING ST",242.00,N,N,A,-,N,,,,,,,,,,Y,2,0,3,5,A,-,03,22350,,N,B,E,A,A,H,-,C,D,0,,,,,Y,Y,A,01,1,2,0,0,0,0,0,0,0,"- ","- ",,,MONTEREY,"KING CITY",-121.13674926757812,36.215240478515625
82237385,2023,2023-11-16,2708,2023-10-10,1004,231,,2,5,6,2708,0,0,0,,0,006,"WEST ROSSI ST","ROSSI CIR",37.00,E,N,A,-,N,,,,,,,,,,Y,2,0,1,1,C,-,18,,,N,E,I,A,A,H,-,A,D,0,,,,,Y,,-,"- ",1,0,0,0,0,0,0,0,0,"- ","- ",,,MONTEREY,SALINAS,-121.67058563232422,36.687587738037109
82304462,2024,2024-02-05,2708,2024-01-18,"645 ",74137,2708,4,5,6,2708,0,0,0,,0,003,"EL DORADO DR","NAPA WY",260.00,S,N,A,-,N,,,,,,,,,,N,2,0,1,2,A,-,11,21954,A,N,G,B,D,A,H,-,C,D,0,Y,,,,Y,,N,60,1,0,0,0,1,0,0,0,0,"- ","- ",,,MONTEREY,SALINAS,-121.63719177246094,36.706974029541016
82336717,2024,2024-03-14,2708,2024-02-05,"453 ",28606,,1,5,6,2708,0,0,0,,0,006,"NORTH MAIN ST","CASENTINI ST",267.00,N,N,C,-,Y,,,,,,,,,,N,2,0,1,2,A,-,11,21954,A,N,G,B,D,B,H,-,C,A,0,Y,,,,Y,,N,60,1,0,0,0,1,0,0,0,0,"- ","- ",,,MONTEREY,SALINAS,-121.65277862548828,36.685016632080078
82339789,2024,2024-03-18,2705,2024-02-21,1545,13,2705,3,5,3,2705,0,0,0,,0,002,"CANAL ST","BROADWAY ST",178.00,S,N,A,-,N,,,,,,,,,,N,2,0,1,2,A,-,05,21202,A,N,A,G,A,A,H,-,A,D,0,,Y,,,Y,Y,L,04,1,0,0,0,0,0,1,0,0,"- ","- ",,,MONTEREY,"KING CITY",-121.13313293457031,36.208084106445312
82371190,2024,2024-04-22,2708,2024-04-05,"630 ",51385,SALIN,5,5,6,2708,0,0,0,,0,009,"EAST BLANCO RD","BLANCO CIR",0.00,N,Y,A,-,N,,,,,,,,,,N,2,0,1,2,A,-,11,21954,A,F,G,B,D,B,H,-,D,D,0,Y,,,,Y,Y,N,60,1,0,0,0,1,0,0,0,0,"- ","- ",,,MONTEREY,SALINAS,-121.63719940185547,36.654811859130859
82434627,2024,2024-07-10,2708,2024-06-23,2359,235,,7,5,6,2708,0,0,0,,0,011,"NORTH SANBORN RD","MOHAR ST",25.00,N,N,A,-,N,,,,,,,,,,Y,2,0,2,2,A,-,01,23152,A,N,C,C,A,A,H,-,A,D,0,,,,,Y,Y,A,01,1,0,1,0,0,0,0,0,0,"- ","- ",,,MONTEREY,SALINAS,-121.61887359619141,36.684089660644531
8413939,2017,2017-08-09,2707,2017-06-20,0845,1275,,2,5,3,2707,0,0,0,,0,002,"EARDLEY AV","EARDLEY AV  100",20.00,E,N,B,-,N,,,,,,,,,,N,2,0,1,1,C,-,18,,,N,H,A,A,A,H,-,A,A,0,,Y,,,Y,,-,"- ",1,0,0,0,0,0,1,0,0,"- ","- ",,,MONTEREY,"PACIFIC GROVE",-121.90337956,36.618298350000003
8432446,2017,2017-08-24,2708,2017-07-16,2008,04125,,7,5,6,2708,0,0,0,,0,005,"NATIVIDAD RD","SORRENTINI DR",92.00,S,N,A,-,N,,,,,,,,,,N,2,0,1,2,A,-,03,22350,,N,C,C,A,A,H,-,A,D,0,,,,,Y,,-,,1,0,0,0,0,0,0,0,0,"- ","- ",,,MONTEREY,SALINAS,-121.64071731,36.694285729999997
84405304,2024,2024-09-24,2708,2024-09-08,2105,99504,,7,5,6,2708,0,0,0,,0,005,"EAST BERNAL DR","SHERWOOD DR (S)",0.00,,Y,A,-,Y,,,,,,,,,,Y,2,0,3,1,A,-,01,23153,B,N,E,I,A,A,H,-,C,A,0,,,,,Y,Y,D,72,1,1,1,0,0,0,0,0,0,"- ","- ",,,MONTEREY,SALINAS,-121.64346313476562,36.692245483398438
84434031,2024,2024-10-17,2712,2024-05-08,1917,1291,,3,5,3,2712,0,0,0,,0,02B,"BAYER DR","BOSTICK AVE",176.00,E,N,A,-,N,,,,,,,,,,N,2,0,1,1,A,-,03,22350,,N,H,A,A,A,H,-,C,D,0,,Y,,,Y,Y,L,04,1,0,0,0,0,0,1,0,0,"- ","- ",36.673011779785156,-121.78179931640625,MONTEREY,MARINA,-121.78172302246094,36.673389434814453
84448361,2024,2024-10-29,2708,2024-09-25,"642 ",231,,3,5,6,2708,0,0,0,,0,005,"NORTH MAIN ST","EAST ALVIN DR",0.00,,Y,A,-,N,,,,,,,,,,N,2,0,1,2,A,-,11,21950,B,N,G,B,B,A,H,-,A,A,0,Y,,,,Y,,N,60,1,0,0,0,1,0,0,0,0,"- ","- ",,,MONTEREY,SALINAS,-121.65346527099609,36.707904815673828
84492963,2024,2024-12-05,2706,2024-11-25,"956 ",215,,1,5,4,2706,0,0,0,,0,002,"SKYLINE DR","MAR VISTA DR (N)",950.00,W,N,B,-,N,,,,,,,,,,Y,2,0,1,1,A,-,01,23152,B,N,E,I,A,B,H,-,A,D,0,,,,,Y,Y,A,07,1,0,0,0,0,0,0,0,0,"- ","- ",36.593891143798828,-121.91571044921875,MONTEREY,MONTEREY,-121.91747283935547,36.591869354248047
8451901,2017,2017-09-19,2708,2017-03-19,2031,15945,,7,5,6,2708,0,0,0,,0,,"EAST MARKET ST","SHERWOOD DR",63.00,E,N,A,-,N,,,,,,,,,,N,2,0,1,3,A,-,04,21703,,F,C,B,-,A,H,-,C,A,0,Y,,,,Y,,-,,1,0,0,0,1,0,0,0,0,"- ","- ",,,MONTEREY,SALINAS,-121.64980789000001,36.678377670000003
84700155,2025,2025-05-27,2705,2025-05-07,"512 ",23,,3,5,3,2705,0,0,0,,0,001,"N RUSS ST","ELLIS ST",0.00,,Y,A,-,N,,,,,,,,,,Y,2,0,3,4,A,-,12,22450,A,N,D,E,A,A,H,-,C,D,0,,,,,Y,,A,01,1,2,0,0,0,0,0,0,0,"- ","- ",,,MONTEREY,"KING CITY",-121.13044738769531,36.213172912597656
84710518,2025,2025-06-03,2708,2025-05-15,1629,246,,4,5,6,2708,0,0,0,,0,003,"655 LOS COCHES AVE","HUMBOLDT DR",103.00,W,N,A,-,N,,,,,,,,,,Y,2,0,1,3,A,-,07,21658,A,N,C,E,A,A,H,-,A,D,0,,,,,Y,,A,01,1,0,0,0,0,0,0,0,0,"- ","- ",,,MONTEREY,SALINAS,-121.63076782226562,36.708343505859375
8477112,2017,2017-10-24,2706,2017-10-06,0932,191,MPD,5,5,4,2706,0,0,0,,0,002,"E FRANKLIN ST","TYLER ST",0.00,,Y,A,-,N,,,,,,,,,,N,2,0,1,2,A,-,10,21950,A,N,D,G,A,A,H,-,A,A,0,,Y,,,Y,,A,01,1,0,0,0,0,0,1,0,0,"- ","- ",,,MONTEREY,MONTEREY,-121.89344993,36.599840090000001
8481612,2017,2017-11-29,2710,2017-04-30,0113,40386,MARIN,7,5,4,2710,0,0,0,,0,011,"PHOENIX AV","HILTON ST",87.00,E,N,A,-,N,,,,,,,,,,Y,2,0,1,2,A,-,08,22107,,N,F,E,A,A,H,-,C,D,0,,,,,Y,Y,A,01,1,0,0,0,0,0,0,0,0,"- ","- ",,,MONTEREY,SEASIDE,-121.83857356,36.6132153
8500796,2017,2017-12-06,2701,2017-10-22,1500,209,2701,7,5,2,2701,0,0,0,,0,ALL,"LASUEN DR","RIO RD",0.00,,Y,A,-,N,,,,,,,,,,N,2,0,1,2,A,-,08,22107,,F,H,G,A,A,H,-,A,D,0,,Y,,,Y,,A,01,1,0,0,0,0,0,1,0,0,"- ","- ",,,MONTEREY,CARMEL,-121.91937999,36.543560030000002
8545283,2017,2018-02-07,2710,2017-12-27,1546,33762,,3,5,4,2710,0,0,0,,0,02A,"FREMONT BL","HILBY AV",9.00,S,N,A,-,N,,,,,,,,,,N,2,0,1,2,A,-,10,21950,A,N,G,B,B,A,H,-,A,A,0,Y,,,,Y,,A,,1,0,0,0,1,0,0,0,0,"- ","- ",,,MONTEREY,SEASIDE,-121.84883085,36.602586870000003
8559059,2018,2018-02-23,2708,2018-01-13,0757,75635,SALIN,6,5,6,2708,0,0,0,,0,,"TWIN OAKS DR","CREEKVIEW CIR",186.00,E,N,A,-,N,,,,,,,,,,N,2,0,1,2,A,-,10,21954,B,F,A,B,-,A,H,-,A,D,0,Y,,,,Y,Y,A,01,1,0,0,0,1,0,0,0,0,"- ","- ",,,MONTEREY,SALINAS,,