CASE_ID,ACCIDENT_YEAR,PROC_DATE,JURIS,COLLISION_DATE,COLLISION_TIME,OFFICER_ID,REPORTING_DISTRICT,DAY_OF_WEEK,CHP_SHIFT,POPULATION,CNTY_CITY_LOC,SPECIAL_COND,BEAT_TYPE,CHP_BEAT_TYPE,CITY_DIVISION_LAPD,CHP_BEAT_CLASS,BEAT_NUMBER,PRIMARY_RD,SECONDARY_RD,DISTANCE,DIRECTION,INTERSECTION,WEATHER_1,WEATHER_2,STATE_HWY_IND,CALTRANS_COUNTY,CALTRANS_DISTRICT,STATE_ROUTE,ROUTE_SUFFIX,POSTMILE_PREFIX,POSTMILE,LOCATION_TYPE,RAMP_INTERSECTION,SIDE_OF_HWY,TOW_AWAY,COLLISION_SEVERITY,NUMBER_KILLED,NUMBER_INJURED,PARTY_COUNT,PRIMARY_COLL_FACTOR,PCF_CODE_OF_VIOL,PCF_VIOL_CATEGORY,PCF_VIOLATION,PCF_VIOL_SUBSECTION,HIT_AND_RUN,TYPE_OF_COLLISION,MVIW,PED_ACTION,ROAD_SURFACE,ROAD_COND_1,ROAD_COND_2,LIGHTING,CONTROL_DEVICE,CHP_ROAD_TYPE,PEDESTRIAN_ACCIDENT,BICYCLE_ACCIDENT,MOTORCYCLE_ACCIDENT,TRUCK_ACCIDENT,NOT_PRIVATE_PROPERTY,ALCOHOL_INVOLVED,STWD_VEHTYPE_AT_FAULT,CHP_VEHTYPE_AT_FAULT,COUNT_SEVERE_INJ,COUNT_VISIBLE_INJ,COUNT_COMPLAINT_PAIN,COUNT_PED_KILLED,COUNT_PED_INJURED,COUNT_BICYCLIST_KILLED,COUNT_BICYCLIST_INJURED,COUNT_MC_KILLED,COUNT_MC_INJURED,PRIMARY_RAMP,SECONDARY_RAMP,LATITUDE,LONGITUDE,COUNTY,CITY,POINT_X,POINT_Y
8559063,2018,2018-02-23,2708,2018-01-22,1641,52823,,1,5,6,2708,0,0,0,,0,,"CONSTITUTION BL","MANCHESTER DR",0.00,,Y,A,-,N,,,,,,,,,,N,2,0,1,2,A,-,10,21950,A,F,G,B,-,A,H,-,B,D,0,Y,,,,Y,,A,01,1,0,0,0,1,0,0,0,0,"- ","- ",,,MONTEREY,SALINAS,-121.62319183349609,36.700069427490234
8566905,2018,2018-03-13,2707,2018-02-27,0845,2179,2707,2,5,3,2707,0,0,0,,0,001,"SINEX AV","FOREST AV",9.00,W,N,A,-,N,,,,,,,,,,N,2,0,2,2,D,-,00,,,N,C,C,A,A,H,-,A,A,0,,,,,Y,,-,"- ",1,0,1,0,0,0,0,0,0,"- ","- ",,,MONTEREY,"PACIFIC GROVE",-121.92045593261719,36.615097045898438
8582509,2018,2018-03-26,2708,2018-02-22,1639,28315,SALIN,4,5,6,2708,0,0,0,,0,005,"NATIVIDAD RD","SORRENTINI DR",4.00,S,N,A,-,N,,,,,,,,,,N,2,0,1,2,A,-,10,21950,A,N,G,B,B,A,H,-,A,A,0,Y,,,,Y,,-,,1,0,0,0,1,0,0,0,0,"- ","- ",,,MONTEREY,SALINAS,-121.6405029296875,36.694454193115234
8582791,2018,2018-04-05,2710,2018-01-19,1856,40386,MARIN,5,5,4,2710,0,0,0,,0,002,"DEL MONTE BL","DEL MONTE BL 1350",0.00,,-,A,G,N,,,,,,,,,,Y,2,0,1,2,A,-,09,21801,A,F,D,C,A,A,H,-,C,D,0,,,Y,,Y,,D,22,1,0,0,0,0,0,0,0,1,"- ","- ",,,MONTEREY,SEASIDE,-121.84460878,36.614861670000003
8583384,2018,2018-07-06,2708,2018-02-14,1620,31968,SALIN,3,5,6,2708,0,0,0,,0,011,"EAST BORONDA RD","RIDER AV",14.00,N,-,A,-,N,,,,,,,,,,Y,2,0,4,3,A,-,01,23153,F,N,A,C,A,A,H,-,A,D,0,,,,,Y,Y,A,01,1,1,2,0,0,0,0,0,0,"- ","- ",,,MONTEREY,SALINAS,-121.60019683837891,36.700229644775391
8648136,2018,2020-05-26,2708,2018-07-08,0008,37923,,7,5,6,2708,0,0,0,,0,004,"OLD STAGE RD","MILE MARKER 16.3",315.00,E,N,A,-,N,,,,,,,,,,Y,1,1,0,1,A,-,01,23152,A,N,H,J,A,A,B,-,D,D,0,,,,,Y,Y,-,,0,0,0,0,0,0,0,0,0,"- ","- ",,,MONTEREY,SALINAS,,
8656539,2018,2018-08-30,2708,2018-06-01,1313,71507,,5,5,6,2708,0,0,0,,0,010,"N HEBBRON AV","EAST ST",50.00,S,N,A,-,N,,,,,,,,,,N,2,0,1,2,A,-,10,21950,A,N,G,B,D,A,H,-,A,D,0,Y,,,,Y,,-,,1,0,0,0,1,0,0,0,0,"- ","- ",,,MONTEREY,SALINAS,-121.63210296630859,36.674411773681641
8699186,2018,2018-09-27,2708,2018-08-18,0033,54353,,6,5,6,2708,0,0,0,,0,006,"NORTH DAVIS RD","WESTRIDGE WY",2144.00,N,N,A,-,N,,,,,,,,,,N,2,0,1,2,A,-,11,21954,A,N,G,B,D,A,H,-,D,D,0,Y,,,,Y,,N,60,1,0,0,0,1,0,0,0,0,"- ","- ",,,MONTEREY,SALINAS,-121.66453552246094,36.70953369140625
8704014,2018,2018-10-02,2708,2018-08-18,2042,25182,,6,5,6,2708,0,0,0,,0,002,"WEST LAUREL DR","TYLER ST",7.00,W,N,A,-,N,,,,,,,,,,N,2,0,1,2,A,-,06,21951,,F,-,B,B,A,H,-,C,A,0,Y,,,,Y,,-,,1,0,0,0,1,0,0,0,0,"- ","- ",,,MONTEREY,SALINAS,-121.65945434570312,36.698375701904297
8714608,2018,2018-10-23,2708,2018-08-20,1832,19003,,1,5,6,2708,0,0,0,,0,,"RIDER AV","LAS CASITAS",208.00,N,N,A,-,N,,,,,,,,,,Y,2,0,1,2,A,-,11,21954,A,N,G,B,E,A,H,-,A,D,0,Y,,,,Y,,N,60,1,0,0,0,1,0,0,0,0,"- ","- ",,,MONTEREY,SALINAS,-121.61202239990234,36.692584991455078
8723374,2018,2018-11-07,2708,2018-09-01,0106,53268,,6,5,6,2708,0,0,0,,0,003,"NORTH MAIN ST","E ALVIN",0.00,,Y,A,-,N,,,,,,,,,,Y,2,0,2,2,A,-,12,21453,A,F,D,C,A,A,H,-,C,A,0,,,,,Y,,-,,2,0,0,0,0,0,0,0,0,"- ","- ",,,MONTEREY,SALINAS,-121.65347290039062,36.707901000976562
8755332,2018,2019-01-10,2708,2018-11-01,1841,18925,,4,5,6,2708,0,0,0,,0,006,"ROSSI ST","NORTH MAIN ST",18.00,E,N,A,-,N,,,,,,,,,,N,2,0,1,2,A,-,05,21650,,N,D,G,A,A,H,-,D,D,0,,Y,,,Y,,L,04,1,0,0,0,0,0,1,0,0,"- ","- ",,,MONTEREY,SALINAS,-121.65409088134766,36.680889129638672
8859007,2019,2019-05-21,2708,2019-04-02,0730,53268,,2,5,6,2708,0,0,0,,0,010,"E ALISAL ST","HEBBRON AV",9.00,W,N,A,-,N,,,,,,,,,,Y,2,0,1,2,A,-,12,21453,A,N,G,B,B,A,H,-,A,A,0,Y,,,,Y,,A,01,1,0,0,0,1,0,0,0,0,"- ","- ",,,MONTEREY,SALINAS,-121.63227844238281,36.673381805419922
8910925,2020,2022-06-11,2712,2020-01-21,1729,1111,,2,5,3,2712,0,0,0,,0,001,"IMJIN PKWY","3RD AV",6.00,W,N,B,-,N,,,,,,,,,,Y,1,1,0,2,A,-,10,21950,A,N,G,B,B,A,H,-,B,D,0,Y,,,,Y,,D,22,0,0,0,1,0,0,0,0,0,"- ","- ",,,MONTEREY,MARINA,-121.80457305908203,36.666484832763672
8929139,2019,2019-09-10,2705,2019-06-14,1937,K23614,2705,5,5,3,2705,0,0,0,,0,002,"BROADWAY ST","S SAN LORENZO AV",0.00,,Y,A,-,N,,,,,,,,,,N,2,0,2,3,A,-,10,21950,A,N,G,B,B,A,H,-,A,A,0,Y,,,,Y,,A,01,2,0,0,0,2,0,0,0,0,"- ","- ",,,MONTEREY,"KING CITY",-121.13043975830078,36.210781097412109
8941660,2019,2019-10-03,2706,2019-09-03,1634,851,,2,5,4,2706,0,0,0,,0,002,"VIA ESPERANZA","PACIFIC ST",8.00,E,N,A,-,N,,,,,,,,,,Y,2,0,1,1,A,-,03,22350,,N,E,I,A,A,H,-,A,A,0,,,,,Y,,A,01,1,0,0,0,0,0,0,0,0,"- ","- ",,,MONTEREY,MONTEREY,-121.90219116210938,36.585868835449219
8965340,2019,2019-10-30,2708,2019-08-15,0925,34273,,4,5,6,2708,0,0,0,,0,005,"EAST LAUREL DR","TERRA DR",0.00,,Y,A,-,N,,,,,,,,,,N,2,0,1,2,A,-,09,21804,A,N,D,G,A,A,H,-,A,D,0,,Y,,,Y,,A,01,1,0,0,0,0,0,1,0,0,"- ","- ",,,MONTEREY,SALINAS,-121.64881896972656,36.698650360107422
8965428,2019,2019-10-25,2708,2019-09-01,0819,07904,,7,5,6,2708,0,0,0,,0,009,"ABBOTT ST","JOHN ST",304.00,S,N,A,-,N,,,,,,,,,,N,2,0,1,1,A,-,08,22107,,N,A,I,A,A,H,-,A,D,0,,,,,Y,,-,,1,0,0,0,0,0,0,0,0,"- ","- ",,,MONTEREY,SALINAS,-121.64633178710938,36.668716430664062
8977160,2019,2019-12-03,2708,2019-10-30,2235,19003,,3,5,6,2708,0,0,0,,0,010,"NORTH SANBORN RD","EAST ST",64.00,N,N,A,-,N,,,,,,,,,,Y,2,0,1,2,A,-,01,23152,A,N,C,E,A,A,H,-,C,D,0,,,,,Y,Y,-,,1,0,0,0,0,0,0,0,0,"- ","- ",,,MONTEREY,SALINAS,-121.62750244140625,36.673866271972656
8987476,2019,2019-11-26,2708,2019-09-30,1549,54871,,1,5,6,2708,0,0,0,,0,012,"SOUTH SANBORN RD","MCGOWAN DR",0.00,,Y,A,-,N,,,,,,,,,,Y,2,0,1,2,A,-,09,21802,A,N,D,C,A,A,H,-,A,A,0,,,,,Y,,-,,1,0,0,0,0,0,0,0,0,"- ","- ",,,MONTEREY,SALINAS,-121.62757873535156,36.670921325683594
8992020,2019,2020-01-16,2706,2019-11-21,1414,395,2706,4,5,4,2706,0,0,0,,0,003,"CASA VERDE WY","NORTH FREMONT ST",0.00,,Y,A,-,N,,,,,,,,,,Y,2,0,1,2,A,-,09,21801,A,N,D,C,A,A,H,-,A,A,0,,,,,Y,,A,01,1,0,0,0,0,0,0,0,0,"- ","- ",,,MONTEREY,MONTEREY,-121.86268615722656,36.596210479736328
90014321,2015,2015-10-19,9730,2015-08-24,1500,020933,,1,2,9,2700,0,1,3,,1,012,SR-1,"GORDA MOUNTAIN ROAD",14256.00,S,N,A,-,Y,,,1,,,,,,,Y,2,0,1,1,A,-,08,22107,,N,E,I,A,A,H,-,A,D,0,,,Y,,Y,,C,02,1,0,0,0,0,0,0,0,1,"- ","- ",35.853830000000002,-121.41144,MONTEREY,UNINCORPORATED,-121.41142542,35.853843949999998
90019154,2015,2015-10-19,9730,2015-09-11,1959,020896,,5,2,9,2700,0,1,3,,1,068,SR-68,"YORK RD",3168.00,E,N,A,-,Y,,,68,,,,,,,Y,2,0,1,1,A,-,01,23152,A,N,F,A,A,A,H,-,D,D,0,,,Y,,Y,Y,C,02,1,0,0,0,0,0,0,0,1,"- ","- ",36.571080000000002,-121.80591,MONTEREY,UNINCORPORATED,-121.80592013,36.57102725
90023398,2015,2015-10-19,9730,2015-09-19,2227,020933,,6,3,9,2700,0,3,5,,2,004,"ALISAL ROAD","HARTNELL ROAD",4224.00,N,N,A,-,N,,,,,,,,,,Y,2,0,2,2,A,-,01,23152,A,N,A,C,A,A,H,-,D,D,0,,,,,Y,Y,A,01,1,0,1,0,0,0,0,0,0,"- ","- ",36.656010000000002,-121.58615,MONTEREY,UNINCORPORATED,-121.58516215,36.654810269999999
90027869,2015,2015-10-19,9730,2015-10-01,2325,020896,,4,3,9,2700,0,3,5,,2,005,"PESANTE ROAD","COKER RD",500.00,E,N,A,-,N,,,,,,,,,,Y,2,0,1,1,A,-,01,23152,A,N,E,I,A,A,H,-,D,D,0,,,,,Y,Y,D,22,1,0,0,0,0,0,0,0,0,"- ","- ",36.777700000000003,-121.65376999999999,MONTEREY,UNINCORPORATED,-121.64754501,36.778446109999997
90030072,2015,2016-04-13,9730,2015-09-12,0004,020931,,6,3,9,2700,0,3,5,,2,003,"FOLETTA ROAD","ALTA STREET",11088.00,N,N,A,-,N,,,,,,,,,,Y,1,1,1,1,A,-,08,22107,,N,E,I,A,A,H,-,D,D,0,,,,,Y,,A,01,0,1,0,0,0,0,0,0,0,"- ","- ",36.556399999999996,-121.50574,MONTEREY,UNINCORPORATED,-121.46535,36.523139999999998
90044682,2015,2015-11-04,9735,2015-11-01,0645,017681,,7,1,9,2700,0,1,2,,1,041,"US-101 NORTHBOUND","TEAGUE AVENUE",2640.00,S,N,E,-,Y,,,101,,,,,,N,Y,2,0,4,1,A,-,08,22107,,N,F,A,A,A,H,-,A,D,0,,,,,Y,,A,01,2,0,2,0,0,0,0,0,0,"- ","- ",36.253230000000002,-121.17666,MONTEREY,UNINCORPORATED,-121.17670409999999,36.25321091
90045649,2015,2015-11-05,9730,2015-09-15,2305,019100,,2,3,9,2700,0,1,3,,1,066,"STATE ROUTE 183","ESPINOSA RD",1300.00,S,N,A,-,Y,,,183,,,,,,,Y,1,1,0,2,A,-,11,21954,A,N,G,B,E,A,H,-,D,D,0,Y,,,,Y,,N,60,0,0,0,1,0,0,0,0,0,"- ","- ",36.741500000000002,-121.73938,MONTEREY,UNINCORPORATED,-121.7391883,36.741558140000002
90051321,2015,2015-11-16,9730,2015-10-26,1215,014584,,1,1,9,2700,0,3,5,,2,004,"ALISAL RD","SCONBERG ST",528.00,S,N,A,-,N,,,,,,,,,,N,2,0,1,2,A,-,03,22350,,N,C,C,A,A,H,-,A,D,0,,,,,Y,,I,12,1,0,0,0,0,0,0,0,0,"- ","- ",36.670960000000001,-121.59939,MONTEREY,UNINCORPORATED,-121.59969243,36.671288859999997
90080399,2015,2015-12-22,9735,2015-12-14,1940,019486,,1,2,9,2700,0,1,2,,2,044,"U/S 101 N/B TO JOLON ROAD","JOLON ROAD UNDER CROSSING",1532.00,S,N,A,-,N,,,,,,,,,,Y,2,0,1,1,A,-,08,22107,,N,F,I,A,A,H,-,D,D,0,,,,,Y,,A,01,1,0,0,0,0,0,0,0,0,"- ","- ",35.871409999999997,-120.83083000000001,MONTEREY,UNINCORPORATED,-120.83083000000001,35.871409999999997
90084363,2015,2015-12-29,9730,2015-12-26,1755,020419,,6,2,9,2700,0,3,5,,2,005,"HITCHCOCK RD","DAVIS RD",3300.00,E,N,A,-,N,,,,,,,,,,Y,2,0,3,2,A,-,05,21650,,N,A,C,A,A,H,-,D,D,0,,,,,Y,,A,01,1,1,1,0,0,0,0,0,0,"- ","- ",36.653739999999999,-121.68221,MONTEREY,UNINCORPORATED,-121.68247706,36.653881169999998
90123018,2016,2016-02-24,9730,2016-02-22,0610,019529,,1,1,9,2700,0,3,5,,2,005,"CRAZY HORSE CANYON RD.","HIDDEN CANYON RD.",1056.00,E,N,A,-,N,,,,,,,,,,Y,2,0,1,2,A,-,06,21751,,N,A,C,A,A,H,-,B,D,0,,,,Y,Y,,D,22,1,0,0,0,0,0,0,0,0,"- ","- ",36.784849999999999,-121.61117,MONTEREY,UNINCORPORATED,-121.61107,36.78792
90123795,2016,2016-02-25,9730,2016-02-13,0440,020916,,6,3,9,2700,0,1,3,,1,074,SR-1,"DOLAN ROAD",0.00,,Y,E,-,Y,,,1,,,,,,,Y,2,0,1,1,A,-,03,22350,,N,E,I,A,D,H,-,D,D,0,,,,,Y,,A,01,1,0,0,0,0,0,0,0,0,"- ","- ",36.804169999999999,-121.7839,MONTEREY,UNINCORPORATED,-121.78381757,36.80416503
90145452,2016,2016-03-28,9730,2016-03-18,1630,020514,,5,2,3,2711,0,1,2,,1,030,"US-101 S/B","COUNTY HIGHWAY G15",500.00,N,N,A,-,Y,,,101,,,,,,S,Y,2,0,5,1,C,-,18,,,N,E,I,A,A,H,-,A,D,0,,,,,Y,,-,"- ",1,3,1,0,0,0,0,0,0,"- ","- ",36.420670000000001,-121.32505,MONTEREY,SOLEDAD,-121.32501048,36.420704260000001
90155021,2016,2016-04-11,9730,2016-04-05,1620,018810,,2,2,9,2700,0,1,3,,2,062,"SR-1 N/B","SR-68 (HOLMAN HWY)",528.00,N,N,A,-,Y,,,1,,,,,,N,Y,2,0,2,4,A,-,03,22350,,N,C,C,A,A,H,-,A,D,0,,,,,Y,,A,01,1,1,0,0,0,0,0,0,0,"- ","- ",36.578609999999998,-121.90653,MONTEREY,UNINCORPORATED,-121.90653596999999,36.578619670000002
90165657,2016,2016-04-26,9730,2016-04-17,1630,020514,,7,2,9,2700,0,1,3,,1,068,SR-68,"B ROAD",0.00,,Y,A,-,Y,,,,,,,,,,Y,2,0,1,2,A,-,09,21804,A,N,D,C,A,A,H,-,A,D,0,,,Y,,Y,,A,07,1,0,0,0,0,0,0,0,1,"- ","- ",35.570439999999998,-121.76177,MONTEREY,UNINCORPORATED,,
90169982,2016,2016-05-02,9730,2016-04-13,0755,018543,,3,1,9,2700,0,1,3,,2,062,"SR-1 S/B","DEL MONTE AVE.",100.00,N,N,A,-,Y,,,,,,,,,,Y,2,0,1,1,A,-,03,22350,,N,F,A,A,A,H,-,A,D,0,,,Y,,Y,,C,02,1,0,0,0,0,0,0,0,1,"- ","- ",,,MONTEREY,UNINCORPORATED,-121.86127,36.604520000000001
90177634,2016,2016-05-11,9730,2016-02-20,1215,018543,,6,1,9,2700,0,2,4,,1,075,"PORTER DRIVE","SAN JUAN ROAD",0.00,,Y,A,-,N,,,,,,,,,,Y,1,1,0,1,A,-,08,22107,,N,F,A,A,A,B,-,A,A,0,,,Y,,Y,,C,02,0,0,0,0,0,0,0,1,0,"- ","- ",36.904409999999999,-121.75035,MONTEREY,UNINCORPORATED,-121.7504,36.904520069999997
90186945,2016,2016-05-25,9735,2016-04-30,0445,019486,,6,3,9,2700,0,1,2,,1,041,"US 101 S/B","CENTRAL AVE",0.00,,N,A,-,N,,,,,,,,,,Y,1,1,0,1,A,-,08,22107,,N,F,A,A,A,H,-,D,D,0,,,,,Y,,A,08,0,0,0,0,0,0,0,0,0,"- ","- ",36.220460000000003,-121.16851,MONTEREY,UNINCORPORATED,-121.17450986,36.233800029999998
90190309,2016,2016-05-31,9730,2016-05-20,1420,020981,,5,2,9,2700,0,1,2,,1,050,US-101,"SPENCE ROAD",0.00,,Y,A,-,Y,,,101,,,,,,,Y,2,0,5,3,A,-,09,21801,A,N,D,C,A,A,H,-,A,D,0,,,,Y,Y,,F,27,1,0,4,0,0,0,0,0,0,"- ","- ",36.613509999999998,-121.56816999999999,MONTEREY,UNINCORPORATED,-121.56819656,36.613473679999998
90287132,2016,2016-10-10,9730,2016-08-08,1924,017803,,1,2,9,2700,0,3,5,,2,003,"RIVER ROAD","PARKER ROAD",3168.00,S,N,B,-,N,,,,,,,,,,Y,1,1,0,1,A,-,01,23152,A,N,E,I,A,A,H,-,A,D,0,,,,,Y,Y,D,22,0,0,0,0,0,0,0,0,0,"- ","- ",36.582059999999998,-121.59594,MONTEREY,UNINCORPORATED,-121.59690541000001,36.582723680000001
90294548,2016,2016-10-18,9735,2016-10-03,0605,016696,,1,1,9,2700,0,1,2,,1,040,"US 101 S/B","LOS COCHES ROAD",0.00,,Y,B,-,Y,,,,,,,,,,Y,2,0,3,2,A,-,09,21801,A,N,D,C,A,A,H,-,B,D,0,,,,Y,Y,,G,25,3,0,0,0,0,0,0,0,0,"- ","- ",36.365830000000003,-121.28008,MONTEREY,UNINCORPORATED,,
90295861,2016,2016-10-19,9730,2016-08-28,2059,020933,,7,2,9,2700,0,1,3,,2,062,"SR-1 S/B","IMJIN PARKWAY O/C",3960.00,N,N,A,-,Y,,,1,,,,,,S,Y,1,1,0,1,A,-,01,23152,A,N,E,I,A,A,H,-,B,D,0,,,Y,,Y,Y,C,02,0,0,0,0,0,0,0,1,0,"- ","- ",36.677999999999997,-121.8075,MONTEREY,UNINCORPORATED,-121.80782877999999,36.678076769999997
90315579,2016,2017-11-29,9730,2016-09-11,0300,019512,,7,3,9,2700,0,3,5,,2,003,"OLD STAGE ROAD","IVERSON ROAD",4752.00,S,N,B,-,N,,,,,,,,,,Y,1,1,2,1,A,-,01,23152,A,N,F,J,A,A,H,-,D,D,0,,,,,Y,Y,A,01,1,0,1,0,0,0,0,0,0,"- ","- ",36.544890000000002,-121.46896,MONTEREY,UNINCORPORATED,-121.46971434,36.545899890000001
90348761,2016,2016-12-21,9730,2016-12-13,1710,019512,,2,2,9,2700,0,2,4,,1,073,"HALL ROAD","SILL ROAD",2112.00,W,N,A,-,N,,,,,,,,,,Y,2,0,3,4,A,-,01,23152,A,F,C,C,A,A,H,-,D,D,0,,,,,Y,Y,A,08,1,1,1,0,0,0,0,0,0,"- ","- ",36.864190000000001,-121.72711,MONTEREY,UNINCORPORATED,-121.72975068,36.864139999999999
90392091,2016,2017-02-16,9730,2016-11-05,0510,016537,,6,3,9,2700,0,1,2,,1,030,"US-101 SOUTH BOUND","OLD STAGE RD. OVERCROSSING",796.00,N,N,A,-,Y,,,101,,,,,,,Y,1,2,0,1,A,-,08,22107,,N,E,I,A,A,D,H,D,D,0,,,,,Y,Y,A,08,0,0,0,0,0,0,0,0,0,"- ","- ",36.524680000000004,-121.46702999999999,MONTEREY,UNINCORPORATED,-121.46704038999999,36.524662829999997
90430438,2017,2017-04-10,9730,2017-03-31,0640,019956,,5,1,9,2700,0,2,4,,1,073,"SAN MIGUEL CANYON RD","CHARMI LN",0.00,,Y,A,-,N,,,,,,,,,,Y,2,0,2,2,A,-,09,21802,A,N,D,C,A,A,H,-,B,D,0,,,Y,,Y,,A,01,1,0,1,0,0,0,0,0,1,"- ","- ",36.856319999999997,-121.69398,MONTEREY,UNINCORPORATED,-121.69393992000001,36.856300009999998
90440849,2017,2017-04-24,9735,2017-04-12,2500,016696,,3,4,3,2705,0,1,2,,1,041,"US 101 SB","BROADWAY CIRCLE",297.00,E,N,B,-,Y,,,,,,,,,,Y,2,0,1,1,A,-,08,22107,,N,E,J,A,A,H,-,D,D,0,,,,,Y,,D,22,1,0,0,0,0,0,0,0,0,"- ","- ",36.203609999999998,-121.13588,MONTEREY,"KING CITY",-121.13658099,36.204114650000001
90453242,2017,2018-05-25,9730,2017-05-06,1300,019745,,6,1,9,2700,0,1,3,,2,062,"S/B SR-1","LAPIS RD O/C",95.00,N,N,B,G,Y,,,1,,,,,,,Y,1,1,0,1,A,-,08,22107,,N,E,J,A,A,H,-,A,D,0,,,Y,,Y,,C,02,0,0,0,0,0,0,0,1,0,"- ","- ",36.712899999999998,-121.7955,MONTEREY,UNINCORPORATED,-121.79552913000001,36.712913280000002
90468479,2017,2017-05-31,9730,2017-05-26,1025,017502,,5,1,9,2700,0,1,3,,1,074,SR-1,"MOSS LANDING ROAD",440.00,N,N,B,-,Y,,,1,,,,,,,Y,2,0,5,2,A,-,05,21460,A,N,A,C,A,A,H,-,A,D,0,,,,,Y,,A,08,2,2,1,0,0,0,0,0,0,"- ","- ",36.801200000000001,-121.7835,MONTEREY,UNINCORPORATED,-121.78348513,36.801202660000001
90481238,2017,2017-06-19,9730,2017-06-12,1540,020841,,1,2,9,2700,0,3,5,,2,006,"RESERVATION ROAD","DAVIS ROAD",2112.00,E,N,B,-,N,,,,,,,,,,Y,2,0,3,2,A,-,09,21804,A,N,D,C,A,A,H,-,A,D,0,,,,,Y,,A,01,1,0,2,0,0,0,0,0,0,"- ","- ",36.636789999999998,-121.70193,MONTEREY,UNINCORPORATED,-121.70238594,36.637239020000003
9051265,2020,2020-05-15,2711,2020-02-20,1738,2526,2711,4,5,3,2711,0,0,0,,0,002,"SAUSALITO PL","10TH AV",67.00,S,N,A,-,N,,,,,,,,,,N,2,0,1,2,A,-,11,21950,B,N,G,G,-,A,H,-,B,D,0,Y,,,,Y,,N,60,1,0,0,0,1,0,0,0,0,"- ","- ",,,MONTEREY,SOLEDAD,,
90513149,2017,2017-07-31,9735,2017-07-23,1142,017681,,7,1,9,2700,0,2,4,,2,010,"ARROYO SECO ROAD","THORNE ROAD",525.00,N,N,A,-,N,,,,,,,,,,Y,2,0,1,1,A,-,01,23152,A,N,E,I,A,A,H,-,A,D,0,,,,,Y,Y,D,22,1,0,0,0,0,0,0,0,0,"- ","- ",36.315869999999997,-121.31159,MONTEREY,UNINCORPORATED,-121.31156659,36.31618418
90517293,2017,2017-08-07,9730,2017-07-29,2339,020990,,6,3,9,2700,0,3,5,,2,007,"BLACKIE ROAD","COMMERCIAL PARKWAY",4205.00,E,N,A,-,N,,,,,,,,,,Y,2,0,3,1,A,-,01,23152,A,N,F,A,A,A,H,-,D,D,0,,,,,Y,Y,A,07,1,2,0,0,0,0,0,0,0,"- ","- ",36.771619999999999,-121.7161,MONTEREY,UNINCORPORATED,-121.7292313,36.76451599
90534580,2017,2017-08-28,9730,2017-08-22,0555,017502,,2,3,9,2700,0,3,5,,2,003,"HARKINS ROAD","NUTTING STREET",528.00,W,N,A,-,N,,,,,,,,,,N,2,0,1,2,A,-,11,21954,A,N,A,B,D,A,H,-,D,D,0,Y,,,,Y,,N,60,1,0,0,0,1,0,0,0,0,"- ","- ",36.644300000000001,-121.6344,MONTEREY,UNINCORPORATED,-121.63424044,36.644473599999998
90537341,2017,2017-10-19,9730,2017-07-06,1158,017184,,4,1,9,2700,0,2,4,,1,023,"CARMEL VALLEY ROAD","SCARLETT ROAD",323.00,W,N,A,-,N,,,,,,,,,,Y,1,1,1,2,A,-,08,22107,,N,D,C,A,A,H,-,A,D,0,,,Y,,Y,,D,22,0,1,0,0,0,0,0,1,0,"- ","- ",36.524239999999999,-121.79406,MONTEREY,UNINCORPORATED,-121.79456279,36.524539560000001
90549737,2017,2018-03-14,9730,2017-09-08,2215,021320,,5,3,9,2700,0,2,4,,1,073,"SALINAS ROAD","LEWIS STREET",274.00,N,N,F,-,N,,,,,,,,,,Y,1,1,1,1,A,-,01,23152,A,N,E,I,A,B,H,-,D,D,0,,,,,Y,Y,A,01,0,1,0,0,0,0,0,0,0,"- ","- ",36.891840000000002,-121.74731,MONTEREY,UNINCORPORATED,-121.74738766999999,36.891740769999998
90565662,2017,2017-10-09,9730,2017-10-01,0200,018543,,7,3,9,2700,0,3,5,,2,003,"TASSAJARA ROAD","CARMEL VALLEY ROAD",10560.00,S,N,A,-,N,,,,,,,,,,N,2,0,1,1,A,-,08,22107,,N,F,I,A,A,G,-,D,D,0,,,,,Y,,D,22,1,0,0,0,0,0,0,0,0,"- ","- ",36.393090000000001,-121.58813000000001,MONTEREY,UNINCORPORATED,-121.59383287,36.383137589999997
90566828,2017,2017-10-10,9730,2017-08-27,2340,021338,,7,3,9,2700,0,3,5,,2,005,"HARRISON ROAD","MARTINES ROAD",169.00,N,N,B,-,N,,,,,,,,,,Y,1,1,0,1,A,-,01,23152,A,N,E,I,A,A,H,-,D,D,0,,,,,Y,Y,A,01,0,0,0,0,0,0,0,0,0,"- ","- ",36.74971,-121.65728,MONTEREY,UNINCORPORATED,-121.65726591000001,36.74952511
90567639,2017,2017-10-11,9730,2017-10-09,1245,012332,,1,1,9,2700,0,2,4,,1,073,"SAN MIGUEL CYN RD","STRAWBERRY CYN RD",450.00,S,N,A,-,N,,,,,,,,,,N,2,0,1,2,A,-,03,22350,,N,H,G,A,A,H,-,A,D,0,,Y,,,Y,,L,04,1,0,0,0,0,0,1,0,0,"- ","- ",36.82902,-121.67807999999999,MONTEREY,UNINCORPORATED,-121.67801498999999,36.829094679999997
90568452,2017,2017-10-11,9735,2017-10-08,1350,019800,,7,1,9,2700,0,1,3,,2,052,SR-25,"BITTERWATER RD",11616.00,S,N,A,-,Y,,,,,,,,,,Y,2,0,1,1,A,-,08,22107,,N,F,A,A,A,H,-,A,D,0,,,Y,,Y,,C,02,1,0,0,0,0,0,0,0,1,"- ","- ",36.360019999999999,-120.97427999999999,MONTEREY,UNINCORPORATED,,