CASE_ID,ACCIDENT_YEAR,PROC_DATE,JURIS,COLLISION_DATE,COLLISION_TIME,OFFICER_ID,REPORTING_DISTRICT,DAY_OF_WEEK,CHP_SHIFT,POPULATION,CNTY_CITY_LOC,SPECIAL_COND,BEAT_TYPE,CHP_BEAT_TYPE,CITY_DIVISION_LAPD,CHP_BEAT_CLASS,BEAT_NUMBER,PRIMARY_RD,SECONDARY_RD,DISTANCE,DIRECTION,INTERSECTION,WEATHER_1,WEATHER_2,STATE_HWY_IND,CALTRANS_COUNTY,CALTRANS_DISTRICT,STATE_ROUTE,ROUTE_SUFFIX,POSTMILE_PREFIX,POSTMILE,LOCATION_TYPE,RAMP_INTERSECTION,SIDE_OF_HWY,TOW_AWAY,COLLISION_SEVERITY,NUMBER_KILLED,NUMBER_INJURED,PARTY_COUNT,PRIMARY_COLL_FACTOR,PCF_CODE_OF_VIOL,PCF_VIOL_CATEGORY,PCF_VIOLATION,PCF_VIOL_SUBSECTION,HIT_AND_RUN,TYPE_OF_COLLISION,MVIW,PED_ACTION,ROAD_SURFACE,ROAD_COND_1,ROAD_COND_2,LIGHTING,CONTROL_DEVICE,CHP_ROAD_TYPE,PEDESTRIAN_ACCIDENT,BICYCLE_ACCIDENT,MOTORCYCLE_ACCIDENT,TRUCK_ACCIDENT,NOT_PRIVATE_PROPERTY,ALCOHOL_INVOLVED,STWD_VEHTYPE_AT_FAULT,CHP_VEHTYPE_AT_FAULT,COUNT_SEVERE_INJ,COUNT_VISIBLE_INJ,COUNT_COMPLAINT_PAIN,COUNT_PED_KILLED,COUNT_PED_INJURED,COUNT_BICYCLIST_KILLED,COUNT_BICYCLIST_INJURED,COUNT_MC_KILLED,COUNT_MC_INJURED,PRIMARY_RAMP,SECONDARY_RAMP,LATITUDE,LONGITUDE,COUNTY,CITY,POINT_X,POINT_Y
90580856,2017,2017-10-27,9730,2017-10-22,1946,021407,,7,2,9,2700,0,3,5,,2,007,"PORTER DRIVE","SAN JUAN ROAD",300.00,S,N,A,-,N,,,,,,,,,,N,2,0,1,2,A,-,11,21954,A,N,G,B,E,A,H,-,C,D,0,Y,,,,Y,,N,60,1,0,0,0,1,0,0,0,0,"- ","- ",36.9039,-121.7497,MONTEREY,UNINCORPORATED,-121.74977091,36.903868840000001
90588460,2017,2017-11-06,9730,2017-10-30,1927,019745,,1,2,9,2700,0,3,5,,2,006,"NASHUA RD","COOPER RD",7392.00,W,N,A,-,N,,,,,,,,,,Y,2,0,1,1,A,-,01,23152,G,N,E,J,A,A,H,-,D,D,0,,,,,Y,Y,A,01,1,0,0,0,0,0,0,0,0,"- ","- ",36.720799999999997,-121.7431,MONTEREY,UNINCORPORATED,-121.74272817000001,36.720206910000002
90628963,2017,2017-12-28,9730,2017-12-21,2225,021407,,4,3,9,2700,0,2,4,,1,075,"SAN JUAN ROAD","TARPEY ROAD",8.00,W,N,A,-,N,,,,,,,,,,Y,2,0,2,1,A,-,12,22450,A,N,E,I,A,A,H,-,C,D,0,,,,,Y,,A,07,1,0,1,0,0,0,0,0,0,"- ","- ",36.868000000000002,-121.6686,MONTEREY,UNINCORPORATED,-121.66878,36.868099999999998
90647438,2017,2018-02-06,9730,2017-12-08,2207,021856,,5,3,9,2700,0,1,3,,1,074,"STATE ROUTE 1","JENSEN ROAD",2640.00,S,N,A,-,Y,,,1,,,,,,,Y,1,1,1,2,A,-,01,23152,A,N,E,A,A,A,H,-,D,D,0,,,,,Y,Y,A,01,1,0,0,0,0,0,0,0,0,"- ","- ",36.84599,-121.77113,MONTEREY,UNINCORPORATED,-121.77113477,36.845990020000002
90670014,2017,2018-02-28,9730,2017-12-30,2500,021707,,6,4,9,2700,0,3,5,,2,003,"LAURELES GRADE","BARONET ROAD",314.00,N,N,A,-,N,,,,,,,,,,Y,1,1,0,1,A,-,01,23152,G,N,E,I,A,A,H,-,D,D,0,,,,,Y,Y,A,01,0,0,0,0,0,0,0,0,0,"- ","- ",36.55836,-121.75102,MONTEREY,UNINCORPORATED,-121.75108415,36.558388770000001
90683697,2018,2018-03-16,9730,2018-03-09,0645,016537,,5,1,9,2700,0,3,5,,2,004,"OLD STAGE RD.","ESPERANZA ROAD",1584.00,N,N,E,-,N,,,,,,,,,,Y,2,0,2,2,A,-,08,22107,,N,A,C,A,B,H,-,B,D,0,,,,,Y,,A,01,1,0,1,0,0,0,0,0,0,"- ","- ",36.618598937988281,-121.52420806884766,MONTEREY,UNINCORPORATED,-121.51634979248047,36.608318328857422
90702326,2018,2018-04-10,9730,2018-03-29,1418,014800,,4,2,9,2700,0,1,2,,1,050,"U. S. 101 SOUTHBOUND","SHERWOOD DRIVE",1584.00,S,N,A,-,Y,,,,,,,,,,Y,2,0,1,1,A,-,08,22107,,N,F,A,A,A,H,-,A,D,0,,,,,Y,,A,07,1,0,0,0,0,0,0,0,0,"- ","- ",36.683429718017578,-121.64604949951172,MONTEREY,UNINCORPORATED,-121.64398956298828,36.682281494140625
90712615,2018,2018-04-25,9730,2018-04-17,0755,018543,,2,1,9,2700,0,2,4,,2,063,"BLANCO ROAD","ARMSTRONG ROAD",2112.00,W,N,A,-,N,,,,,,,,,,Y,2,0,1,2,A,-,03,22350,,N,C,C,A,A,H,-,A,D,0,,,,,Y,,A,01,1,0,0,0,0,0,0,0,0,"- ","- ",36.678611755371094,-121.71439361572266,MONTEREY,UNINCORPORATED,-121.71512603759766,36.6787109375
90742404,2018,2018-06-06,9730,2018-06-02,0652,022092,,6,1,9,2700,0,2,4,,2,063,"BLANCO ROAD","COOPER ROAD",2640.00,E,N,A,-,N,,,,,,,,,,Y,2,0,2,3,A,-,03,22350,,N,C,C,A,A,H,-,A,D,0,,,,,Y,,D,22,2,0,0,0,0,0,0,0,0,"- ","- ",36.678718566894531,-121.72576141357422,MONTEREY,UNINCORPORATED,-121.72601318359375,36.6787109375
90747293,2018,2018-06-13,9730,2018-06-05,2125,021707,,2,2,9,2700,0,1,3,,1,014,SR-1,"GRANGE ROAD",792.00,S,N,A,-,Y,,,1,,,,,,,Y,2,0,1,2,A,-,01,23152,A,M,A,C,A,A,H,-,D,D,0,,,,,Y,Y,A,07,1,0,0,0,0,0,0,0,0,"- ","- ",36.264308929443359,-121.79557800292969,MONTEREY,UNINCORPORATED,-121.79560089111328,36.264236450195312
90747768,2018,2018-06-13,9730,2018-06-05,1628,022061,,2,2,9,2700,0,2,4,,1,075,"SAN JUAN ROAD","AROMAS ROAD",100.00,E,N,A,-,N,,,,,,,,,,Y,2,0,2,2,A,-,03,22350,,N,C,C,A,A,H,-,A,D,0,,,,Y,Y,,A,01,1,1,0,0,0,0,0,0,0,"- ","- ",36.88201904296875,-121.66187286376953,MONTEREY,UNINCORPORATED,-121.66188812255859,36.882568359375
90748753,2018,2018-06-15,9730,2018-06-13,2340,021660,,3,3,9,2700,0,2,S,,2,904,"SEELY AVE","CARPENTERIA RD",0.00,,Y,A,-,N,,,,,,,,,,Y,2,0,3,1,A,-,01,23152,A,N,E,I,A,A,H,-,D,D,0,,,,,Y,Y,A,01,1,2,0,0,0,0,0,0,0,"- ","- ",36.879791259765625,-121.64140319824219,MONTEREY,UNINCORPORATED,-121.64131927490234,36.8797607421875
90764480,2018,2018-07-06,9730,2018-07-02,1335,019100,,1,1,9,2700,0,1,2,,1,070,"US-101 N/B","CRAZY HORSE CANYON ROAD",100.00,N,N,B,-,Y,,,,,,,,,,Y,2,0,1,2,A,-,04,21703,,N,C,C,A,A,H,-,A,D,0,,,,,Y,,A,01,1,0,0,0,0,0,0,0,0,"- ","- ",36.496791839599609,-121.37557983398438,MONTEREY,UNINCORPORATED,-121.63271331787109,36.818389892578125
90779935,2018,2018-07-30,9730,2018-07-20,1324,021856,,5,1,9,2700,0,1,3,,2,062,"NORTHBOUND STATE ROUTE 1","CALIFORNIA STREET",1056.00,S,N,B,-,Y,,,,,,,,,,Y,2,0,1,1,A,-,08,22107,,N,E,I,A,A,H,-,A,D,0,,,,,Y,,A,07,1,0,0,0,0,0,0,0,0,"- ","- ",36.622249603271484,-121.84552764892578,MONTEREY,UNINCORPORATED,-121.84490966796875,36.622665405273438
90787641,2018,2018-08-09,9730,2018-08-02,0535,022061,,4,3,9,2700,0,2,4,,1,075,"SAN JUAN ROAD","SUMMERLAND ROAD",500.00,E,N,B,-,N,,,,,,,,,,Y,2,0,3,3,A,-,05,21460,A,N,B,C,A,A,H,-,B,D,0,,,,,Y,,A,01,2,0,1,0,0,0,0,0,0,"- ","- ",36.861640930175781,-121.65802764892578,MONTEREY,UNINCORPORATED,-121.65827941894531,36.86181640625
90789209,2018,2018-08-13,9730,2018-08-06,1010,019818,,1,1,9,2700,0,1,3,,1,012,"HIGHWAY 1","1 MON MM 11.77",316.00,N,N,A,-,Y,,,,,,,,,,Y,2,0,2,2,A,-,05,21460,A,N,B,C,A,A,B,-,A,D,0,,,Y,,Y,,C,02,1,1,0,0,0,0,0,0,2,"- ","- ",35.895408630371094,-121.46006774902344,MONTEREY,UNINCORPORATED,,
90792902,2018,2018-08-17,9730,2018-07-04,1212,014800,,3,1,9,2700,0,3,5,,2,005,"OLD STAGE ROAD","CRAZY HORSE CANYON ROAD",2640.00,S,N,A,-,N,,,,,,,,,,Y,1,1,0,1,A,-,03,22350,,N,E,I,A,A,H,-,A,D,0,,,Y,,Y,,C,02,0,0,0,0,0,0,0,1,0,"- ","- ",36.762031555175781,-121.60148620605469,MONTEREY,UNINCORPORATED,-121.60182952880859,36.763427734375
90793890,2018,2018-08-20,9730,2018-08-10,0700,021888,,5,1,9,2700,0,3,5,,2,006,"ESPINOSA ROAD","RODGERS ROAD",4224.00,E,N,A,-,N,,,,,,,,,,Y,2,0,1,3,A,-,09,21804,A,F,B,C,A,A,H,-,B,D,0,,,,,Y,,-,99,1,0,0,0,0,0,0,0,0,"- ","- ",36.740299224853516,-121.67711639404297,MONTEREY,UNINCORPORATED,-121.67778015136719,36.740497589111328
90799146,2018,2018-08-27,9730,2018-08-15,1232,022092,,3,1,9,2700,0,1,2,,1,030,"US-101 N/B","SPENCE ROAD",0.00,,Y,A,-,Y,,,101,,,,,,N,Y,2,0,3,2,A,-,09,21802,A,N,D,C,A,A,H,-,A,A,0,,,,Y,Y,,D,22,1,1,1,0,0,0,0,0,0,"- ","- ",36.612838745117188,-121.56697082519531,MONTEREY,UNINCORPORATED,-121.56697082519531,36.612842559814453
90804497,2018,2018-09-04,9730,2018-08-25,0825,016537,,6,1,9,2700,0,1,2,,1,050,"ABBOTT ST.","FIRESTONE BUSINESS PARK",820.00,S,N,B,-,N,,,,,,,,,,Y,2,0,1,2,A,-,09,21801,B,N,D,C,A,A,H,-,A,D,0,,,Y,,Y,,C,02,1,0,0,0,0,0,0,0,1,"- ","- ",36.627330780029297,-121.58915710449219,MONTEREY,UNINCORPORATED,-121.58884429931641,36.6273193359375
90816958,2018,2018-09-19,9730,2018-06-10,0232,020598,,7,3,9,2700,0,1,2,,1,050,"US-101 NORTHBOUND","AIRPORT BOULEVARD",6336.00,S,N,A,-,Y,,,101,,,,,,N,Y,1,1,3,2,A,-,01,23152,A,N,B,C,A,A,H,-,D,D,0,,,,,Y,Y,A,07,2,1,0,0,0,0,0,0,0,"- ","- ",36.645671844482422,-121.6119384765625,MONTEREY,UNINCORPORATED,-121.61192321777344,36.645687103271484
90836069,2018,2018-10-15,9735,2018-10-04,1610,020710,,4,2,9,2700,0,3,5,,2,003,SR-146,"METZ RD",1584.00,N,N,A,-,Y,,,146,,,,,,,Y,2,0,1,1,A,-,08,22107,,N,E,I,A,A,H,-,A,D,0,,,,,Y,,A,01,1,0,0,0,0,0,0,0,0,"- ","- ",36.420341491699219,-121.28372192382812,MONTEREY,UNINCORPORATED,-121.28366851806641,36.420402526855469
90859652,2018,2018-11-14,9730,2018-11-05,0655,020933,,1,1,9,2700,0,3,5,,2,004,"OLD STAGE ROAD","ASSOCIATED LANE",2112.00,N,N,E,-,N,,,,,,,,,,Y,2,0,1,1,A,-,08,22107,,N,E,I,A,A,H,-,A,A,0,,,,,Y,,D,22,1,0,0,0,0,0,0,0,0,"- ","- ",36.529880523681641,-121.47268676757812,MONTEREY,UNINCORPORATED,-121.471435546875,36.528900146484375
90867282,2018,2018-11-26,9730,2018-11-14,1515,022151,,3,2,9,2700,0,3,5,,2,004,"INNER PERIMETER ROAD","SALINAS VALLEY STATE PRISON  ROAD",2112.00,N,N,A,-,N,,,,,,,,,,Y,2,0,2,1,B,-,22,,,N,E,I,A,A,H,-,A,D,0,,,,,Y,,J,48,1,1,0,0,0,0,0,0,0,"- ","- ",36.476360321044922,-121.37323760986328,MONTEREY,UNINCORPORATED,,
90901166,2018,2019-09-23,9735,2018-11-21,0610,020036,,3,1,9,2700,0,1,2,,1,041,"US-101 (S/B)","CENTRAL AVE",5280.00,S,N,B,-,Y,,,101,,,,,,,Y,1,3,6,2,A,-,09,21801,A,N,D,C,A,A,H,-,D,A,0,,,,,Y,,M,57,4,2,0,0,0,0,0,0,0,"- ","- ",36.220241546630859,-121.16837310791016,MONTEREY,UNINCORPORATED,-121.16838836669922,36.220230102539062
90915814,2019,2019-01-30,9730,2019-01-25,1822,018810,,5,2,9,2700,0,3,5,,2,007,"DOLAN ROAD","VIA TANQUES",553.00,E,N,A,-,N,,,,,,,,,,Y,2,0,1,1,A,-,08,22107,,N,F,A,A,A,H,-,D,D,0,,,,,Y,,A,01,1,0,0,0,0,0,0,0,0,"- ","- ",36.796939849853516,-121.75424194335938,MONTEREY,UNINCORPORATED,-121.75518798828125,36.797149658203125
90928733,2019,2019-10-28,9730,2019-02-09,1945,022151,,6,2,9,2700,0,3,5,,2,003,"RIVER RD","GONZALES RIVER RD",6336.00,N,N,A,C,N,,,,,,,,,,Y,2,0,1,1,A,-,08,22107,,N,E,I,A,B,H,-,D,D,0,,,,,Y,Y,A,01,1,0,0,0,0,0,0,0,0,"- ","- ",36.491390228271484,-121.49413299560547,MONTEREY,UNINCORPORATED,-121.47463989257812,36.480918884277344
90931185,2019,2019-02-21,9730,2019-02-13,0835,019022,,3,1,4,2710,0,1,3,,2,062,"SR-1 NORTHBOUND OFF-RAMP TO SR-218","CANYON DEL REY BLVD",25.00,S,N,B,C,Y,,,1,,,,R,,N,Y,2,0,1,2,A,-,03,22350,,N,C,C,A,B,H,-,A,A,0,,,,,Y,,A,07,1,0,0,0,0,0,0,0,0,"- ","- ",36.609470367431641,-121.85825347900391,MONTEREY,SEASIDE,-121.85825347900391,36.609470367431641
90944866,2019,2019-03-12,9730,2019-03-03,1003,019569,,7,1,9,2700,0,1,2,,1,070,"US-101 S/B","CRAZY HORSE CANYON RD",171.00,N,N,B,-,Y,,,101,,,,,,S,Y,2,0,1,1,A,-,03,22350,,N,E,I,A,B,H,-,A,D,0,,,,,Y,,A,01,1,0,0,0,0,0,0,0,0,"- ","- ",36.818649291992188,-121.63224029541016,MONTEREY,UNINCORPORATED,-121.63227081298828,36.818706512451172
90949026,2019,2019-03-19,9735,2019-03-16,1955,019330,,6,2,9,2700,0,3,5,,2,001,"METZ RD","AIRPORT RD",5808.00,N,N,A,-,N,,,,,,,,,,Y,2,0,2,1,A,-,01,23153,A,N,F,A,A,A,H,-,B,D,0,,,,,Y,Y,A,07,1,0,1,0,0,0,0,0,0,"- ","- ",36.241798400878906,-121.13162231445312,MONTEREY,UNINCORPORATED,-121.13152313232422,36.241851806640625
90950137,2019,2019-03-20,9735,2019-03-15,1910,020302,,5,2,9,2700,0,3,5,,2,004,"INDIAN VALLEY RD","HARE CANYON RD",0.00,,Y,A,-,N,,,,,,,,,,Y,2,0,1,1,A,-,03,22350,,N,E,I,A,A,H,-,A,D,0,,,Y,,Y,,C,02,1,0,0,0,0,0,0,0,1,"- ","- ",35.907100677490234,-120.69125366210938,MONTEREY,UNINCORPORATED,-120.69101715087891,35.907299041748047
90978790,2019,2019-04-30,9735,2019-04-17,0550,016696,,3,3,9,2700,0,3,5,,2,001,"THIRTEENTH STREET","WALNUT AVENUE",0.00,,Y,A,-,N,,,,,,,,,,Y,2,0,1,2,A,-,12,22450,A,N,D,C,A,A,H,-,A,D,0,,,,,Y,,A,01,1,0,0,0,0,0,0,0,0,"- ","- ",36.318569183349609,-121.26319885253906,MONTEREY,UNINCORPORATED,-121.26323699951172,36.318561553955078
90984350,2019,2019-05-08,9730,2019-04-29,1312,015367,,1,1,9,2700,0,1,3,,1,074,SR-1,"JENSEN ROAD",1000.00,S,N,B,-,Y,,,1,,,,,,,N,2,0,1,1,A,-,03,22350,,N,F,G,A,A,B,-,A,D,0,,Y,,,Y,,L,04,1,0,0,0,0,0,1,0,0,"- ","- ",36.853790283203125,-121.77108001708984,MONTEREY,UNINCORPORATED,-121.77109527587891,36.853790283203125
90987292,2019,2019-05-13,9730,2019-05-03,2145,022061,,5,2,9,2700,0,3,5,,2,004,"ALISAL ROAD","FUJI LANE",2640.00,S,N,A,-,N,,,,,,,,,,Y,2,0,3,2,A,-,01,23152,A,N,A,C,A,A,H,-,D,D,0,,,,,Y,Y,D,22,3,0,0,0,0,0,0,0,0,"- ","- ",36.635520935058594,-121.55635833740234,MONTEREY,UNINCORPORATED,-121.55741882324219,36.635971069335938
90987697,2019,2019-06-04,9730,2019-02-01,2308,020896,,5,3,9,2700,0,1,3,,1,014,"STATE ROUTE 1 NORTHBOUND","WESTON RIDGE ROAD",525.00,N,N,C,-,Y,,,1,,,,,,N,Y,1,1,0,1,A,-,08,22107,,N,E,I,A,B,H,-,D,D,0,,,,,Y,,A,07,0,0,0,0,0,0,0,0,0,"- ","- ",36.410621643066406,-121.91462707519531,MONTEREY,UNINCORPORATED,-121.91468048095703,36.410625457763672
90987698,2019,2019-05-13,9730,2019-03-13,1842,018810,,3,2,9,2700,0,1,3,,1,074,SR-1,"STATE ROUTE 183",1056.00,N,N,A,-,Y,,,1,,,,,,,Y,1,1,2,2,A,-,05,21460,A,N,A,C,A,A,H,-,A,D,0,,,,,Y,,A,01,0,1,1,0,0,0,0,0,0,"- ","- ",36.776901245117188,-121.77366638183594,MONTEREY,UNINCORPORATED,-121.77365112304688,36.776927947998047
9100833,2020,2020-08-04,2708,2020-04-13,2106,25182,,1,5,6,2708,0,0,0,,0,010,"KERN ST","EAST MARKET ST",0.00,,Y,A,-,N,,,,,,,,,,Y,2,0,2,2,A,-,01,23152,A,N,A,C,A,A,H,-,C,A,0,,,,,Y,Y,D,22,1,0,1,0,0,0,0,0,0,"- ","- ",,,MONTEREY,SALINAS,-121.64008331298828,36.677391052246094
91012382,2019,2019-06-19,9735,2019-06-09,1950,019330,,7,2,3,2705,0,1,2,,1,041,US-101,"BROADWAY ST",1050.00,S,N,A,-,Y,,,,,,,,,,Y,2,0,1,1,A,-,08,22107,,N,E,I,A,A,H,-,A,D,0,,,,,Y,,A,01,1,0,0,0,0,0,0,0,0,"- ","- ",36.121318817138672,-121.81719970703125,MONTEREY,"KING CITY",-121.13774108886719,36.204509735107422
91019341,2019,2019-06-27,9730,2019-06-18,2315,020701,,2,3,9,2700,0,3,5,,2,006,"BLACKIE ROAD","ROLLING MEADOWS LANE",1850.00,W,N,B,-,N,,,,,,,,,,Y,2,0,1,1,A,-,08,22107,,N,E,I,A,A,H,-,D,D,0,,,,,Y,,A,01,1,0,0,0,0,0,0,0,0,"- ","- ",36.777339935302734,-121.69233703613281,MONTEREY,UNINCORPORATED,-121.69204711914062,36.777297973632812
91031775,2019,2019-07-16,9735,2019-07-13,0815,020036,,6,1,9,2700,0,1,2,,1,040,"US-101 N/B","ARROYO SECO RD",5280.00,S,N,B,-,Y,,,101,,,,,,N,Y,2,0,1,1,A,-,08,22107,,N,F,A,A,A,H,-,A,D,0,,,,,Y,,A,07,1,0,0,0,0,0,0,0,0,"- ","- ",36.388500213623047,-121.30583190917969,MONTEREY,UNINCORPORATED,-121.30587768554688,36.388462066650391
91036331,2019,2019-07-23,9730,2019-07-12,1910,021358,,5,2,9,2700,0,3,5,,2,006,"PERIMETER ROAD","DIRECTORS ROAD",0.00,,Y,A,-,N,,,,,,,,,,N,2,0,2,1,A,-,03,22350,,N,F,A,A,A,H,-,A,D,0,,,Y,,Y,,C,02,1,1,0,0,0,0,0,0,2,"- ","- ",36.585330963134766,-121.76075744628906,MONTEREY,UNINCORPORATED,-121.760772,36.585335999999998
91057806,2019,2019-08-22,9730,2019-08-12,0645,015367,,1,1,9,2700,0,1,3,,1,074,SR-1,"MOSS LANDNG ROAD",510.00,S,N,B,E,Y,,,1,,,,,,,Y,2,0,1,2,A,-,03,22350,,N,C,C,A,A,H,-,A,D,0,,,,Y,Y,,F,26,1,0,0,0,0,0,0,0,0,"- ","- ",36.798408508300781,-121.78318786621094,MONTEREY,UNINCORPORATED,-121.783203125,36.798412322998047
91058839,2019,2019-08-29,9730,2019-08-14,1025,018886,,3,1,9,2700,0,1,3,,1,022,"SR-1 S/B","VALLEY WAY",400.00,N,N,A,-,Y,,,1,,,,,,S,Y,2,0,1,2,A,-,06,21750,,N,D,C,A,A,H,-,A,D,0,,,Y,Y,Y,,C,02,1,0,0,0,0,0,0,0,1,"- ","- ",36.561229705810547,-121.91179656982422,MONTEREY,UNINCORPORATED,-121.91175079345703,36.561229705810547
91059806,2019,2019-09-23,9730,2019-03-30,0007,020065,,6,3,9,2700,0,3,5,,2,004,"ALISAL ROAD","HARTNELL ROAD",721.00,S,N,A,-,N,,,,,,,,,,Y,1,1,1,1,A,-,03,22350,,N,E,I,A,A,H,-,D,D,0,,,,,Y,,A,01,0,1,0,0,0,0,0,0,0,"- ","- ",36.644111633300781,-121.57495880126953,MONTEREY,UNINCORPORATED,-121.57499694824219,36.644016265869141
91070788,2019,2019-09-09,9730,2019-08-28,1258,017785,,3,1,9,2700,0,1,2,,1,050,"US-101 N/B","AIRPORT BOULEVARD",6336.00,S,N,A,-,Y,,,101,,,,,,N,Y,2,0,1,2,A,-,09,21801,A,N,F,A,A,A,H,-,A,D,0,,,Y,,Y,,D,22,1,0,0,0,0,0,0,0,1,"- ","- ",36.645439147949219,-121.61154937744141,MONTEREY,UNINCORPORATED,-121.61156463623047,36.645423889160156
91094135,2019,2019-10-09,9730,2019-09-28,2315,022092,,6,3,9,2700,0,1,3,,1,074,"SR-1 (CABRILLO HIGHWAY) N/B","STRUVE ROAD",1320.00,S,N,B,-,Y,,,1,,,,,,N,Y,2,0,3,2,A,-,05,21460,A,N,A,C,A,A,H,-,D,D,0,,,,,Y,Y,A,01,1,2,0,0,0,0,0,0,0,"- ","- ",36.821548461914062,-121.78411865234375,MONTEREY,UNINCORPORATED,-121.78412628173828,36.821559906005859
9109606,2020,2020-10-28,2708,2020-05-30,2247,30424,,6,5,6,2708,0,0,0,,0,001,"MAIN ST","BOLIVAR ST",1752.00,N,N,A,-,N,,,,,,,,,,Y,2,0,2,2,A,-,09,21804,A,N,D,C,A,A,H,-,C,D,0,,,,,Y,Y,A,01,1,1,0,0,0,0,0,0,0,"- ","- ",,,MONTEREY,SALINAS,-121.65625762939453,36.729862213134766
91099280,2019,2019-10-17,9730,2019-10-08,2112,021888,,2,2,9,2700,0,1,2,,1,070,"US-101 NORTHBOUND","CRAZY HORSE CANYON ROAD",2000.00,S,N,A,-,Y,,,101,,,,,,N,Y,2,0,1,2,A,-,01,23152,A,N,B,C,A,A,H,-,D,D,0,,,,,Y,Y,A,01,1,0,0,0,0,0,0,0,0,"- ","- ",36.815441131591797,-121.63848114013672,MONTEREY,UNINCORPORATED,-121.63848114013672,36.815448760986328
91122453,2019,2019-11-18,9730,2019-11-08,1530,017184,,5,2,4,2706,0,1,3,,1,012,SR-1,"VILLA CREEK BRIDGE",1056.00,S,N,A,-,Y,,,,,,,,,,Y,2,0,1,1,A,-,03,22350,,N,F,A,A,A,H,-,A,A,0,,,Y,,Y,,C,02,1,0,0,0,0,0,0,0,1,"- ","- ",35.846240997314453,-121.40599822998047,MONTEREY,MONTEREY,,
91143682,2019,2019-12-16,9730,2019-12-07,0157,020933,,6,3,9,2700,0,1,3,,1,074,SR-1,"STRUVE RD",1056.00,S,N,B,-,Y,,,1,,,,,,,Y,2,0,5,3,A,-,01,23152,A,F,B,C,A,B,H,-,D,D,0,,,,,Y,Y,D,22,1,4,0,0,0,0,0,0,0,"- ","- ",36.828498840332031,-121.77239990234375,MONTEREY,UNINCORPORATED,-121.77246856689453,36.828575134277344
91163117,2019,2020-04-02,9730,2019-12-31,1904,021856,,2,2,9,2700,0,1,3,,1,022,SR-1,"HANDLEY DR",124.00,S,N,A,-,Y,,,1,,,,,,,Y,2,0,2,2,A,-,05,21460,A,N,A,C,A,A,H,-,D,D,0,,,,,Y,,A,08,2,0,0,0,0,0,0,0,0,"- ","- ",36.565021514892578,-121.91221618652344,MONTEREY,UNINCORPORATED,-121.91224670410156,36.564998626708984
91224607,2020,2020-04-13,9735,2020-03-17,0655,020841,,2,1,9,2700,0,2,4,,1,011,"ARROYO SECO ROAD","THORNE ROAD",3168.00,N,N,B,-,N,,,,,,,,,,Y,1,1,0,2,A,-,11,21954,A,N,G,B,D,B,H,-,D,D,0,Y,,,,Y,,N,60,0,0,0,1,0,0,0,0,0,"- ","- ",36.323799133300781,-121.31355285644531,MONTEREY,UNINCORPORATED,-121.31352233886719,36.323272705078125
91226917,2019,2020-12-11,9730,2019-11-04,0853,019770,,1,1,9,2700,0,2,4,,1,073,"HALL ROAD","WILLOW ROAD",565.00,W,N,A,-,N,,,,,,,,,,Y,1,1,0,2,A,-,11,21954,A,N,G,B,D,A,H,-,A,D,0,Y,,,,Y,,N,60,0,0,0,1,0,0,0,0,0,"- ","- ",36.865940093994141,-121.73705291748047,MONTEREY,UNINCORPORATED,-121.73696899414062,36.86590576171875
91228239,2019,2020-04-21,9730,2019-12-20,2330,021396,,5,3,6,2708,0,3,5,,2,006,"SOUTH DAVIS ROAD","ACACIA STREET",373.00,N,N,A,-,N,,,,,,,,,,Y,1,1,2,2,A,-,01,23152,A,N,C,C,A,A,H,-,C,D,0,,,,,Y,Y,A,01,2,0,0,0,0,0,0,0,0,"- ","- ",36.673301696777344,-121.67945098876953,MONTEREY,SALINAS,-121.67963409423828,36.673187255859375
91228671,2020,2020-04-22,9730,2020-04-12,1344,021794,,7,1,9,2700,0,2,4,,1,073,"SAN MIGUEL CANYON ROAD","HAMBEY LANE",455.00,N,N,A,-,N,,,,,,,,,,Y,2,0,2,1,A,-,01,23152,A,F,E,I,A,A,H,-,A,D,0,,,,,Y,Y,A,07,2,0,0,0,0,0,0,0,0,"- ","- ",36.839168548583984,-121.68464660644531,MONTEREY,UNINCORPORATED,-121.68482208251953,36.8392333984375
91234795,2020,2020-05-07,9730,2020-03-05,1103,015367,,4,1,9,2700,0,1,3,,1,074,"SR-1 NB","MOLERA ROAD OVERCROSSING",23.00,N,N,A,-,Y,,,1,,,,,,N,Y,1,1,0,1,A,-,08,22107,,N,E,I,A,A,H,-,A,D,0,,,,,Y,,A,07,0,0,0,0,0,0,0,0,0,"- ","- ",36.745800018310547,-121.77133178710938,MONTEREY,UNINCORPORATED,-121.77118682861328,36.745697021484375