CASE_ID,ACCIDENT_YEAR,PROC_DATE,JURIS,COLLISION_DATE,COLLISION_TIME,OFFICER_ID,REPORTING_DISTRICT,DAY_OF_WEEK,CHP_SHIFT,POPULATION,CNTY_CITY_LOC,SPECIAL_COND,BEAT_TYPE,CHP_BEAT_TYPE,CITY_DIVISION_LAPD,CHP_BEAT_CLASS,BEAT_NUMBER,PRIMARY_RD,SECONDARY_RD,DISTANCE,DIRECTION,INTERSECTION,WEATHER_1,WEATHER_2,STATE_HWY_IND,CALTRANS_COUNTY,CALTRANS_DISTRICT,STATE_ROUTE,ROUTE_SUFFIX,POSTMILE_PREFIX,POSTMILE,LOCATION_TYPE,RAMP_INTERSECTION,SIDE_OF_HWY,TOW_AWAY,COLLISION_SEVERITY,NUMBER_KILLED,NUMBER_INJURED,PARTY_COUNT,PRIMARY_COLL_FACTOR,PCF_CODE_OF_VIOL,PCF_VIOL_CATEGORY,PCF_VIOLATION,PCF_VIOL_SUBSECTION,HIT_AND_RUN,TYPE_OF_COLLISION,MVIW,PED_ACTION,ROAD_SURFACE,ROAD_COND_1,ROAD_COND_2,LIGHTING,CONTROL_DEVICE,CHP_ROAD_TYPE,PEDESTRIAN_ACCIDENT,BICYCLE_ACCIDENT,MOTORCYCLE_ACCIDENT,TRUCK_ACCIDENT,NOT_PRIVATE_PROPERTY,ALCOHOL_INVOLVED,STWD_VEHTYPE_AT_FAULT,CHP_VEHTYPE_AT_FAULT,COUNT_SEVERE_INJ,COUNT_VISIBLE_INJ,COUNT_COMPLAINT_PAIN,COUNT_PED_KILLED,COUNT_PED_INJURED,COUNT_BICYCLIST_KILLED,COUNT_BICYCLIST_INJURED,COUNT_MC_KILLED,COUNT_MC_INJURED,PRIMARY_RAMP,SECONDARY_RAMP,LATITUDE,LONGITUDE,COUNTY,CITY,POINT_X,POINT_Y
91243197,2020,2020-05-27,9730,2020-05-26,1810,019529,,2,2,9,2700,0,3,5,,2,005,"ALISAL ROAD","SCONEGERG PARKWAY",3595.00,S,N,A,-,N,,,,,,,,,,Y,2,0,2,2,A,-,06,21750,,N,A,C,A,A,H,-,A,D,0,,,,,Y,,A,01,1,0,1,0,0,0,0,0,0,"- ","- ",36.663051605224609,-121.59246826171875,MONTEREY,UNINCORPORATED,,
91243675,2020,2020-05-28,9730,2020-05-20,0635,022481,,3,1,9,2700,0,1,2,,1,030,US-101,"CHUALAR ROAD",268.00,S,N,B,-,Y,,,101,,,,,,,Y,2,0,2,2,A,-,03,22350,,N,C,C,A,A,H,-,A,D,0,,,,,Y,,A,01,1,1,0,0,0,0,0,0,0,"- ","- ",36.568729400634766,-121.51747894287109,MONTEREY,UNINCORPORATED,-121.51747131347656,36.568737030029297
91250528,2020,2020-06-10,9730,2020-06-07,1325,020677,,7,1,9,2700,0,3,5,,2,006,"LAURELES GRADE","LOS ROBLES RD",8.00,S,N,A,-,N,,,,,,,,,,Y,2,0,1,2,A,-,06,21750,,N,C,C,A,A,H,-,A,D,0,,,Y,,Y,,C,02,1,0,0,0,0,0,0,0,1,"- ","- ",36.503650665283203,-121.75241851806641,MONTEREY,UNINCORPORATED,-121.75250244140625,36.503349304199219
91251350,2020,2020-06-18,9735,2020-06-02,1853,022118,,2,2,9,2700,0,1,3,,1,035,SR-198,"PEACH TREE ROAD",14731.00,E,N,A,-,Y,,,198,,,,,,,Y,2,0,1,1,A,-,03,22350,,N,F,A,A,A,H,-,B,D,0,,,,Y,Y,,G,25,1,0,0,0,0,0,0,0,0,"- ","- ",36.197601318359375,-120.78484344482422,MONTEREY,UNINCORPORATED,-120.78493499755859,36.197341918945312
91254063,2020,2020-06-18,9730,2020-06-13,2035,020701,,6,2,9,2700,0,3,5,,2,006,"425 HYLAND DRIVE","EL RANCHO WAY",520.00,N,N,A,-,N,,,,,,,,,,N,2,0,1,1,A,-,01,23152,A,N,F,A,A,A,H,-,D,D,0,,,Y,,Y,Y,C,06,1,0,0,0,0,0,0,0,1,"- ","- ",36.700859069824219,-121.67188262939453,MONTEREY,UNINCORPORATED,-121.67091369628906,36.700424194335938
91261447,2020,2022-04-04,9730,2020-06-21,1150,018886,,7,1,9,2700,0,3,5,,2,007,"MORO ROAD","TUSTIN ROAD",0.00,,Y,A,-,N,,,,,,,,,,N,2,0,1,2,A,-,12,22450,A,N,D,G,A,A,H,-,A,A,0,,Y,,,Y,,L,04,1,0,0,0,0,0,1,0,0,"- ","- ",36.808021545410156,-121.64923858642578,MONTEREY,UNINCORPORATED,-121.64926147460938,36.808269500732422
91276562,2020,2020-07-29,9730,2020-07-19,1855,020916,,7,2,9,2700,0,3,5,,2,003,"HARPER CANYON ROAD","RIMROCK CYN ROAD",730.00,E,N,A,-,N,,,,,,,,,,N,2,0,4,1,A,-,01,23152,A,N,E,I,A,A,H,-,A,D,0,,,Y,,Y,Y,C,06,3,1,0,0,0,0,0,0,4,"- ","- ",36.566478729248047,-121.69994354248047,MONTEREY,UNINCORPORATED,-121.70001983642578,36.566505432128906
91287584,2020,2020-08-17,9730,2020-08-13,1821,021856,,4,2,9,2700,0,3,5,,2,007,"PARADISE RD","DESMOND RD",427.00,W,N,B,-,N,,,,,,,,,,Y,2,0,1,1,A,-,01,23152,G,N,E,I,A,A,H,-,A,D,0,,,Y,,Y,Y,C,02,1,0,0,0,0,0,0,0,1,"- ","- ",36.802230834960938,-121.70245361328125,MONTEREY,UNINCORPORATED,-121.70223999023438,36.802211761474609
91292724,2020,2020-08-26,9730,2020-08-21,0910,014800,,5,1,9,2700,0,3,5,,2,005,"CRAZY HORSE CANYON ROAD","WILD HORSE CANYON ROAD",1035.00,E,N,A,-,N,,,,,,,,,,Y,2,0,2,2,A,-,05,21460,A,N,A,C,A,A,H,-,A,D,0,,,,,Y,,A,01,1,0,1,0,0,0,0,0,0,"- ","- ",36.482398986816406,-121.37120056152344,MONTEREY,UNINCORPORATED,,
91303055,2020,2020-09-11,9730,2020-09-03,0050,020701,,4,3,9,2700,0,1,3,,1,066,"ESPINOSA ROAD","PINSKI LANE",1550.00,E,N,A,-,N,,,,,,,,,,Y,2,0,1,1,A,-,01,23152,A,N,E,I,A,A,H,-,D,D,0,,,,,Y,Y,A,01,1,0,0,0,0,0,0,0,0,"- ","- ",36.747749328613281,-121.7239990234375,MONTEREY,UNINCORPORATED,-121.723945,36.747737000000001
91306072,2020,2020-09-16,9730,2020-09-06,0916,020598,,7,1,9,2700,0,3,5,,2,007,"ELKHORN ROAD","WAUGH ROAD",2482.00,S,N,A,-,N,,,,,,,,,,Y,2,0,1,1,A,-,08,22107,,N,F,A,A,A,H,-,A,D,0,,,,,Y,,A,07,1,0,0,0,0,0,0,0,0,"- ","- ",36.854400634765625,-121.75499725341797,MONTEREY,UNINCORPORATED,-121.75491333007812,36.854511260986328
91307334,2020,2020-09-18,9730,2020-09-08,0113,020896,,2,3,9,2700,0,1,3,,2,062,"SR-1 SB","FREMONT BLVD",5280.00,N,N,A,-,Y,,,1,,,,,,S,Y,2,0,1,1,A,-,01,23152,F,N,E,I,A,A,H,-,D,D,0,,,,,Y,,A,08,1,0,0,0,0,0,0,0,0,"- ","- ",36.637058258056641,-121.83132171630859,MONTEREY,UNINCORPORATED,-121.83079528808594,36.636608123779297
91315655,2020,2020-10-01,9735,2020-09-25,0740,017257,,5,1,9,2700,0,2,4,,1,021,"JOLON ROAD","FRUDDEN RD",4224.00,N,N,A,-,N,,,,,,,,,,Y,2,0,1,1,A,-,01,23152,A,N,F,I,A,A,H,-,A,A,0,,,,,Y,,A,01,1,0,0,0,0,0,0,0,0,"- ","- ",35.898490905761719,-120.94876861572266,MONTEREY,UNINCORPORATED,-120.94987487792969,35.898632049560547
91316739,2020,2020-10-02,9730,2020-06-26,1502,022481,,5,2,9,2700,0,1,3,,1,074,SR-1,"MOLERA ROAD",422.00,N,N,B,-,Y,,,1,,,,,,,Y,1,1,0,2,A,-,03,22350,,N,C,C,A,A,H,-,A,D,0,,,,,Y,,D,22,0,0,0,0,0,0,0,0,0,"- ","- ",36.756851196289062,-121.765380859375,MONTEREY,UNINCORPORATED,-121.76531219482422,36.756855010986328
91336897,2020,2020-11-02,9730,2020-07-11,0525,016537,,6,3,9,2700,0,1,2,,1,050,"US-101 S/B","GOULD RD.",1109.00,N,N,A,-,Y,,,101,,,,,,S,Y,1,1,0,1,A,-,08,22107,,N,E,I,A,A,H,-,B,D,0,,,,,Y,,D,22,0,0,0,0,0,0,0,0,0,"- ","- ",36.628021240234375,-121.58821868896484,MONTEREY,UNINCORPORATED,-121.58817291259766,36.628086090087891
91358533,2020,2020-12-11,9730,2020-11-25,1635,019770,,3,2,9,2700,0,3,5,,2,001,"WILLOW CREEK BEACH PARKING AREA",SR-1,144.00,W,N,A,-,N,,,,,,,,,,Y,1,1,1,1,B,-,22,,,N,E,I,A,A,H,-,B,D,0,,,,,Y,,-,"- ",0,1,0,0,0,0,0,0,0,"- ","- ",35.8927001953125,-121.46118927001953,MONTEREY,UNINCORPORATED,,
91371164,2020,2020-12-18,9730,2020-12-12,1350,020701,,6,1,9,2700,0,3,5,,2,005,"CROSS ROAD","PESANTE ROAD",170.00,W,N,B,-,N,,,,,,,,,,Y,2,0,3,1,A,-,03,22350,,N,E,I,A,B,H,-,A,D,0,,,,,Y,,A,08,1,0,2,0,0,0,0,0,0,"- ","- ",36.777210235595703,-121.65799713134766,MONTEREY,UNINCORPORATED,-121.65805816650391,36.777114868164062
91383465,2021,2021-01-07,9735,2021-01-01,1006,022537,,5,1,9,2700,0,3,5,,2,003,"BITTERWATER RD","INDUSTRIAL WAY",18480.00,E,N,A,-,N,,,,,,,,,,Y,2,0,1,1,A,-,08,22107,,N,E,I,A,A,H,-,A,D,0,,,,,Y,,A,07,1,0,0,0,0,0,0,0,0,"- ","- ",36.270481109619141,-121.06493377685547,MONTEREY,UNINCORPORATED,-121.07766723632812,36.266990661621094
91426953,2020,2021-03-15,9730,2020-12-06,2045,020701,,7,2,9,2700,0,1,2,,1,070,"UNITED STATES 101","BORONDA ROAD",1180.00,N,N,A,-,Y,,,,,,,,,,Y,1,1,0,2,A,-,01,23152,A,N,F,A,A,A,H,-,D,D,0,,,Y,,Y,Y,C,02,0,0,0,0,0,0,0,1,0,"- ","- ",36.725341796875,-121.65885925292969,MONTEREY,UNINCORPORATED,-121.65911865234375,36.725189208984375
91445577,2021,2021-11-02,9735,2021-02-02,1913,018995,,2,2,9,2700,0,1,2,,2,044,"US-101 (SOUTHBOUND)","LOS LOBOS RD",6864.00,S,N,A,-,Y,,,101,,,,,,,Y,1,1,2,4,A,-,01,23152,A,N,A,C,A,A,H,-,D,D,0,,,,Y,Y,Y,A,01,1,1,0,0,0,0,0,0,0,"- ","- ",35.9598388671875,-120.88423919677734,MONTEREY,UNINCORPORATED,-120.88417816162109,35.959884643554688
91461531,2021,2021-04-29,9730,2021-04-01,2140,020621,,4,2,9,2700,0,3,5,,2,007,"PORTER DRIVE","SAN JUAN ROAD",195.00,N,N,A,-,N,,,,,,,,,,Y,1,1,0,2,A,-,11,21954,A,N,G,B,D,A,H,-,C,D,0,Y,,,,Y,Y,N,60,0,0,0,1,0,0,0,0,0,"- ","- ",36.904788970947266,-121.75083923339844,MONTEREY,UNINCORPORATED,-121.75084686279297,36.904918670654297
91465908,2021,2021-05-05,9730,2021-04-19,0630,020576,,1,1,9,2700,0,1,3,,1,072,"STATE ROUTE-156","CATHEDRAL OAK ROAD",792.00,E,N,B,-,Y,,,156,,,,,,,Y,1,1,0,1,A,-,08,22107,,N,E,I,A,A,H,-,B,D,0,,,,,Y,,A,01,0,0,0,0,0,0,0,0,0,"- ","- ",36.777439117431641,-121.71230316162109,MONTEREY,UNINCORPORATED,-121.71228790283203,36.777389526367188
91524224,2021,2021-07-20,9730,2021-07-11,1134,018886,,7,1,9,2700,0,1,2,,1,070,"US-101 N/B","PRUNEDALE SOUTH ROAD OVERCROSSING",431.00,S,N,A,-,Y,,,101,,,,,,N,Y,2,0,5,2,A,-,01,23152,A,N,C,2,A,A,H,-,A,D,0,,,,,Y,Y,A,01,1,0,4,0,0,0,0,0,0,"- ","- ",36.768489837646484,-121.66873168945312,MONTEREY,UNINCORPORATED,-121.66878509521484,36.768478393554688
91527887,2021,2021-07-23,9735,2021-07-18,1909,018995,,7,2,9,2700,0,1,2,,2,042,"US-101 (NORTHBOUND)",SR-198,3910.00,N,N,B,-,Y,,,101,,,,,,,N,2,0,1,2,A,-,11,21954,A,N,G,B,D,A,H,-,A,D,0,Y,,,,Y,,N,60,1,0,0,0,1,0,0,0,0,"- ","- ",36.131111145019531,-121.02948760986328,MONTEREY,UNINCORPORATED,-121.02946472167969,36.131126403808594
91529107,2021,2021-07-26,9730,2021-05-21,2342,022047,,5,3,9,2700,0,2,4,,1,023,"CARMEL VALLEY ROAD","STATE ROUTE 1",0.00,,Y,A,-,Y,,,,,,,,,,Y,1,3,0,1,A,-,01,23152,A,N,E,I,A,A,H,-,C,A,0,,,,,Y,Y,D,22,0,0,0,0,0,0,0,0,0,"- ","- ",36.543441772460938,-121.90853881835938,MONTEREY,UNINCORPORATED,-121.90838623046875,36.543357849121094
91557071,2021,2021-08-27,9730,2021-08-23,0603,017785,,1,1,9,2700,0,3,5,,2,004,"ALISAL ROAD","HARTNELL ROAD",5280.00,N,N,A,-,N,,,,,,,,,,Y,2,0,4,3,A,-,06,21750,A,N,B,C,A,A,H,-,A,D,0,,,,,Y,,A,01,1,2,1,0,0,0,0,0,0,"- ","- ",36.657871246337891,-121.58789825439453,MONTEREY,UNINCORPORATED,-121.58727264404297,36.65716552734375
91558041,2021,2021-08-30,9730,2021-08-22,0117,020990,,7,3,9,2700,0,3,5,,2,003,"ALISAL ROAD","SCONBERG PARKWAY",2515.00,S,N,A,-,N,,,,,,,,,,Y,2,0,1,1,A,-,01,23152,A,N,F,A,A,A,H,-,D,D,0,,,,,Y,Y,A,01,1,0,0,0,0,0,0,0,0,"- ","- ",36.665538787841797,-121.59468841552734,MONTEREY,UNINCORPORATED,-121.60059356689453,36.672290802001953
91561446,2021,2021-09-02,9735,2021-08-27,2033,022034,,5,2,9,2700,0,1,2,,2,043,"US-101 SOUTHBOUND","PARIS VALLEY ROAD OVERCROSSING",75.00,N,N,A,-,Y,,,101,,,,,,S,Y,2,0,1,2,A,-,03,22350,,N,C,C,A,A,H,-,D,D,0,,,,,Y,,D,22,1,0,0,0,0,0,0,0,0,"- ","- ",36.076969146728516,-120.99832153320312,MONTEREY,UNINCORPORATED,-120.99829864501953,36.076995849609375
91568795,2021,2021-09-13,9730,2021-07-20,1645,021396,,2,2,9,2700,0,2,4,,1,075,"SAN JUAN ROAD","MURPHY ROAD",0.00,,Y,A,-,N,,,,,,,,,,Y,1,1,0,2,A,-,01,23152,A,N,D,D,A,A,H,-,A,A,0,,,,Y,Y,Y,A,01,0,0,0,0,0,0,0,0,0,"- ","- ",36.896419525146484,-121.67610168457031,MONTEREY,UNINCORPORATED,-121.676102,36.896419999999999
91581889,2021,2021-12-28,9735,2021-06-16,1548,021988,,3,2,9,2700,0,1,2,,1,040,"US 101 S/B","HUDSON RD",401.00,S,N,A,-,Y,,,,,,,,,,Y,1,1,3,2,A,-,08,22107,,N,E,I,A,A,H,-,A,A,0,,,,,Y,,M,47,2,1,0,0,0,0,0,0,0,"- ","- ",36.351631164550781,-121.26663970947266,MONTEREY,UNINCORPORATED,-121.26685333251953,36.3516845703125
91588201,2021,2023-01-23,9730,2021-09-26,1905,019770,,7,2,9,2700,0,1,3,,1,022,"STATE ROUTE 1","GARRAPATA TROUT FARM ROAD",792.00,N,N,A,-,Y,,,1,,,,,,,Y,2,0,1,2,A,-,08,22107,,N,B,G,A,A,H,-,B,D,0,,Y,,,Y,,L,04,1,0,0,0,0,0,1,0,0,"- ","- ",36.420280456542969,-121.91268920898438,MONTEREY,UNINCORPORATED,-121.91272735595703,36.420291900634766
9163187,2020,2020-10-13,2710,2020-08-12,1437,40386,19,3,5,4,2710,0,0,0,,0,02A,"FREMONT BL","HILBY AV",0.00,,Y,A,-,N,,,,,,,,,,Y,2,0,1,2,A,-,03,22350,,N,D,D,A,A,H,-,A,A,0,,,,,Y,,A,07,1,0,0,0,0,0,0,0,0,"- ","- ",,,MONTEREY,SEASIDE,-121.84882354736328,36.602611541748047
91652174,2021,2022-02-07,9730,2021-12-12,1810,020701,,7,2,9,2700,0,3,5,,2,005,"OLD STAGE ROAD","HEBERT ROAD",2000.00,S,N,C,-,N,,,,,,,,,,Y,2,0,2,2,A,-,05,21752,A,F,A,C,A,B,H,-,D,D,0,,,,,Y,,D,22,2,0,0,0,0,0,0,0,0,"- ","- ",36.747360229492188,-121.60558319091797,MONTEREY,UNINCORPORATED,-121.60691070556641,36.749778747558594
91670141,2021,2022-01-04,9730,2021-10-08,1243,018302,,5,1,9,2700,0,2,4,,1,023,"CARMEL VALLEY ROAD","SCARLETT ROAD",1056.00,E,N,A,-,N,,,,,,,,,,Y,1,1,1,3,A,-,05,21460,A,N,A,C,A,A,H,-,A,D,0,,,,,Y,,A,07,0,1,0,0,0,0,0,0,0,"- ","- ",36.516170501708984,-121.7818603515625,MONTEREY,UNINCORPORATED,-121.79086303710938,36.522205352783203
91671449,2021,2022-01-05,9730,2021-12-31,0009,019100,,5,3,9,2700,0,2,4,,1,073,"SAN MIGUEL CANYON ROAD","CORTO SAN MIGUEL",225.00,S,N,B,-,N,,,,,,,,,,Y,2,0,3,2,A,-,01,23152,A,N,A,C,A,A,H,-,D,D,0,,,,,Y,Y,A,01,2,1,0,0,0,0,0,0,0,"- ","- ",36.856311798095703,-121.69393920898438,MONTEREY,UNINCORPORATED,-121.69393920898438,36.856300354003906
91700923,2022,2022-02-15,9735,2022-02-07,0110,022034,,1,3,9,2700,0,2,4,,1,021,"JOLON ROAD","OASIS ROAD",739.00,N,N,A,-,N,,,,,,,,,,Y,2,0,1,1,A,-,01,23152,A,M,F,A,A,A,H,-,D,D,0,,,,,Y,Y,D,22,1,0,0,0,0,0,0,0,0,"- ","- ",36.171451568603516,-121.13067626953125,MONTEREY,UNINCORPORATED,-121.13058471679688,36.171035766601562
91730257,2021,2022-03-23,9730,2021-11-22,0959,018350,,1,1,9,2700,0,3,5,,2,006,"HARRISON ROAD","SALA ROAD",1056.00,S,N,A,-,N,,,,,,,,,,Y,1,1,2,3,A,-,03,22350,,M,D,C,A,A,H,-,A,D,0,,,,,Y,,A,07,0,0,2,0,0,0,0,0,0,"- ","- ",36.742790222167969,-121.656982421875,MONTEREY,UNINCORPORATED,-121.65681457519531,36.741546630859375
91733803,2022,2022-03-25,9730,2022-03-21,0737,022788,,1,1,9,2700,0,1,2,,1,050,"N/B US-101","HARTNELL RD",0.00,,Y,A,-,Y,MON,,101,,,82.046,H,,R,Y,2,0,4,2,A,-,09,21801,A,N,C,C,A,A,H,-,A,A,0,,,,Y,Y,,G,25,2,2,0,0,0,0,0,0,0,"- ","- ",36.622718811035156,-121.58058166503906,MONTEREY,UNINCORPORATED,-121.58056640625,36.622730255126953
91754830,2022,2022-04-22,9730,2022-04-18,1910,021776,,1,2,9,2700,0,2,4,,1,073,"SAN MIGUEL CANYON ROAD","STRAWBERRY ROAD",0.00,,Y,A,-,N,,,,,,,,,,Y,2,0,1,3,A,-,09,21802,A,N,D,C,A,A,H,-,A,A,0,,,,,Y,,A,01,1,0,0,0,0,0,0,0,0,"- ","- ",36.830211639404297,-121.67890930175781,MONTEREY,UNINCORPORATED,-121.67884826660156,36.830158233642578
91779858,2022,2022-05-25,9735,2022-05-15,1305,022724,,7,1,9,2700,0,2,4,,1,011,"ARROYO SECO ROAD","CARMEL VALLEY ROAD",1584.00,W,N,A,-,N,,,,,,,,,,Y,2,0,1,1,A,-,08,22107,,N,F,A,A,A,H,-,A,D,0,,,Y,,Y,,C,02,1,0,0,0,0,0,0,0,1,"- ","- ",36.25762939453125,-121.25762939453125,MONTEREY,UNINCORPORATED,-121.42828369140625,36.257633209228516
91791113,2022,2022-06-08,9730,2022-04-22,0525,016537,,5,3,9,2700,0,1,2,,1,030,"US-101 S/B","CHUALAR RIVER ROAD OVER CROSSING",8976.00,S,N,B,C,Y,MON,,101,,,75.220,H,,L,Y,1,1,0,1,A,-,08,22107,,N,A,I,A,B,H,-,D,D,0,,,,,Y,,A,07,0,0,0,0,0,0,0,0,0,"- ","- ",36.549961090087891,-121.49765014648438,MONTEREY,UNINCORPORATED,-121.49772644042969,36.549900054931641
91791258,2022,2022-06-08,9730,2022-05-27,1046,016666,,5,1,9,2700,0,1,3,,1,022,"SR-1 NB","SR-68/HOLMAN HIGHWAY O/C",830.00,S,N,A,-,Y,,,,,,,,,,N,2,0,1,2,D,-,00,,,N,B,G,A,A,H,-,A,D,0,,Y,,,Y,,-,"- ",1,0,0,0,0,0,1,0,0,"- ","- ",36.571998596191406,-121.91239929199219,MONTEREY,UNINCORPORATED,-121.91279602050781,36.571918487548828
91833996,2022,2022-08-05,9730,2022-08-02,2313,021888,,2,3,9,2700,0,3,5,,2,004,"ALTA STREET","CORDA ROAD",1000.00,S,N,A,-,N,,,,,,,,,,Y,2,0,1,1,A,-,08,22107,,N,F,A,A,A,H,-,D,D,0,,,,,Y,,A,01,1,0,0,0,0,0,0,0,0,"- ","- ",36.516151428222656,-121.45690155029297,MONTEREY,UNINCORPORATED,-121.45732116699219,36.516490936279297
91834017,2022,2022-08-05,9730,2022-05-13,2240,020896,,5,3,9,2700,0,2,4,,1,073,"SAN MIGUEL CANYON ROAD","HAMBEY LANE",450.00,W,N,A,-,N,,,,,,,,,,Y,1,1,0,1,A,-,01,23152,A,N,E,I,A,A,H,-,D,D,0,,,,,Y,Y,A,07,0,0,0,0,0,0,0,0,0,"- ","- ",36.839290618896484,-121.68473815917969,MONTEREY,UNINCORPORATED,-121.68489837646484,36.839290618896484
91834162,2022,2022-08-05,9730,2022-07-28,1630,019818,,4,2,9,2700,0,3,5,,2,007,"PORTER DR","SAN JUAN RD",250.00,S,N,A,-,N,,,,,,,,,,N,2,0,1,2,A,-,09,21801,A,N,D,C,A,A,H,-,A,D,0,,,,,Y,,A,01,1,0,0,0,0,0,0,0,0,"- ","- ",36.903911590576172,-121.74980926513672,MONTEREY,UNINCORPORATED,-121.74987030029297,36.903980255126953
91863025,2022,2022-09-13,9730,2022-09-01,1548,021776,,4,2,9,2700,0,2,4,,1,073,"HALL ROAD","SAN MIGUEL CANYON ROAD",1056.00,W,N,A,-,N,,,,,,,,,,N,2,0,1,2,A,-,08,22107,,N,H,G,A,A,H,-,A,D,0,,Y,,,Y,,L,04,1,0,0,0,0,0,1,0,0,"- ","- ",36.859729766845703,-121.70004272460938,MONTEREY,UNINCORPORATED,-121.69879150390625,36.859554290771484
91876087,2022,2022-09-28,9730,2022-06-25,0315,021888,,6,3,9,2700,0,1,2,,1,050,"UNITED STATES 101 NORTHBOUND","NORTH MAIN STREET OVERCROSSING",1100.00,N,N,E,-,Y,MON,,101,,R,88.506,H,,R,Y,1,1,0,2,A,-,01,23152,A,F,C,C,A,A,H,-,D,D,0,,,,,Y,Y,A,01,0,0,0,0,0,0,0,0,0,"- ","- ",36.689361572265625,-121.65625,MONTEREY,UNINCORPORATED,-121.65625,36.689361572265625
91889877,2022,2022-10-13,9735,2022-10-05,1530,022621,,3,2,9,2700,0,1,3,,2,030,"METZ RD","SPRECKELS RD",4224.00,S,N,A,-,N,,,,,,,,,,Y,2,0,1,1,A,-,08,22107,,N,E,J,A,A,H,-,A,D,0,,,,,Y,,A,01,1,0,0,0,0,0,0,0,0,"- ","- ",36.258781433105469,-121.13970184326172,MONTEREY,UNINCORPORATED,-121.13917541503906,36.258258819580078
91906918,2022,2022-11-01,9730,2022-10-22,2325,022137,,6,3,9,2700,0,3,5,,2,005,"SAN JUAN GRADE RD","LAGUNITA RD",950.00,S,N,A,-,N,,,,,,,,,,Y,2,0,1,6,A,-,08,22107,,N,E,A,A,A,H,-,D,D,0,,,,,Y,,A,07,1,0,0,0,0,0,0,0,0,"- ","- ",36.752529144287109,-121.62164306640625,MONTEREY,UNINCORPORATED,-121.62165069580078,36.752727508544922
91907757,2022,2022-11-02,9730,2022-09-26,1301,019315,,1,1,9,2700,0,1,3,,2,062,"SR-1 (N/B)","IRIS CANYON ROAD",3168.00,S,N,B,-,Y,MON,,1,,R,76.811,H,,R,N,1,1,0,1,A,-,08,22107,,N,E,I,A,A,H,-,A,D,0,,,Y,,Y,,C,02,0,0,0,0,0,0,0,1,0,"- ","- ",36.584339141845703,-121.88559722900391,MONTEREY,UNINCORPORATED,-121.8856201171875,36.584369659423828
91911351,2022,2022-11-07,9730,2022-10-31,0700,013744,,1,1,9,2700,0,3,5,,2,006,"RESERVATION ROAD","BLANCO ROAD",40.00,E,N,E,-,N,,,,,,,,,,N,2,0,3,4,A,-,01,23153,A,N,C,C,A,A,H,-,C,A,0,,,,,Y,Y,A,07,1,2,0,0,0,0,0,0,0,"- ","- ",36.666728973388672,-121.75631713867188,MONTEREY,UNINCORPORATED,-121.75656890869141,36.666873931884766
9192398,2020,2021-01-22,2708,2020-11-19,2008,58583,2708,4,5,6,2708,0,0,0,,0,009,"RT 68","STEPHANIE DR",17.00,N,N,A,-,Y,MON,5,68,-,-,19.850,I,5,W,Y,2,0,16,16,A,-,03,22350,,N,D,B,A,A,H,-,C,D,0,,,,,Y,,A,01,4,8,4,0,0,0,0,0,0,"- ","- ",,,MONTEREY,SALINAS,-121.66088104248047,36.653881072998047
91933952,2022,2022-12-05,9730,2022-11-27,0155,020896,,7,3,9,2700,0,3,5,,2,020,"17 MILE DR","CRESPI LN",207.00,S,N,A,-,N,,,,,,,,,,Y,2,0,1,1,A,-,08,22107,,N,F,I,A,A,H,-,D,D,0,,,,,Y,,A,07,1,0,0,0,0,0,0,0,0,"- ","- ",36.563308715820312,-121.93092346191406,MONTEREY,UNINCORPORATED,-121.93700408935547,36.567409515380859
91958442,2022,2023-01-03,9730,2022-08-15,2500,020933,,1,4,9,2700,0,1,3,,2,062,"STATE ROUTE 1 SOUTHBOUND","LIGHTFIGHTER DR",1056.00,S,N,B,-,Y,MON,,1,,R,82.626,H,,L,Y,1,1,0,1,A,-,01,23152,A,N,E,I,A,A,H,-,D,D,0,,,,,Y,Y,A,01,0,0,0,0,0,0,0,0,0,"- ","- ",36.644760131835938,-121.81891632080078,MONTEREY,UNINCORPORATED,-121.81899261474609,36.644882202148438
92012902,2023,2023-03-08,9730,2023-01-23,"3   ",022197,,1,3,9,2700,0,1,2,,1,070,"US-101 NB TO SAN MIGUEL CANYON RD","SAN MIGUEL CANYON ROAD",1437.00,S,N,B,-,Y,MON,,101," "," ",87.400,H,,R,Y,1,1,0,2,A,-,00,21960,A,N,G,B,D,A,H,-,C,D,0,Y,,,,Y,,N,60,0,0,0,1,0,0,0,0,0,"- ","- ",36.679008483886719,-121.64134979248047,MONTEREY,UNINCORPORATED,-121.64149475097656,36.678989410400391