CASE_ID,ACCIDENT_YEAR,PROC_DATE,JURIS,COLLISION_DATE,COLLISION_TIME,OFFICER_ID,REPORTING_DISTRICT,DAY_OF_WEEK,CHP_SHIFT,POPULATION,CNTY_CITY_LOC,SPECIAL_COND,BEAT_TYPE,CHP_BEAT_TYPE,CITY_DIVISION_LAPD,CHP_BEAT_CLASS,BEAT_NUMBER,PRIMARY_RD,SECONDARY_RD,DISTANCE,DIRECTION,INTERSECTION,WEATHER_1,WEATHER_2,STATE_HWY_IND,CALTRANS_COUNTY,CALTRANS_DISTRICT,STATE_ROUTE,ROUTE_SUFFIX,POSTMILE_PREFIX,POSTMILE,LOCATION_TYPE,RAMP_INTERSECTION,SIDE_OF_HWY,TOW_AWAY,COLLISION_SEVERITY,NUMBER_KILLED,NUMBER_INJURED,PARTY_COUNT,PRIMARY_COLL_FACTOR,PCF_CODE_OF_VIOL,PCF_VIOL_CATEGORY,PCF_VIOLATION,PCF_VIOL_SUBSECTION,HIT_AND_RUN,TYPE_OF_COLLISION,MVIW,PED_ACTION,ROAD_SURFACE,ROAD_COND_1,ROAD_COND_2,LIGHTING,CONTROL_DEVICE,CHP_ROAD_TYPE,PEDESTRIAN_ACCIDENT,BICYCLE_ACCIDENT,MOTORCYCLE_ACCIDENT,TRUCK_ACCIDENT,NOT_PRIVATE_PROPERTY,ALCOHOL_INVOLVED,STWD_VEHTYPE_AT_FAULT,CHP_VEHTYPE_AT_FAULT,COUNT_SEVERE_INJ,COUNT_VISIBLE_INJ,COUNT_COMPLAINT_PAIN,COUNT_PED_KILLED,COUNT_PED_INJURED,COUNT_BICYCLIST_KILLED,COUNT_BICYCLIST_INJURED,COUNT_MC_KILLED,COUNT_MC_INJURED,PRIMARY_RAMP,SECONDARY_RAMP,LATITUDE,LONGITUDE,COUNTY,CITY,POINT_X,POINT_Y
92041000,2023,2023-04-10,9730,2023-04-03,1720,019239,,1,2,9,2700,0,1,2,,1,050,"US-101 NB","HARTNELL RD",1584.00,S,N,A,-,Y,MON,,101," "," ",81.729,H,,R,Y,2,0,3,3,A,-,03,22350,,N,C,C,A,A,H,-,A,D,0,,,,,Y,,A,07,3,0,0,0,0,0,0,0,0,"- ","- ",36.619709014892578,-121.57627868652344,MONTEREY,UNINCORPORATED,-121.57633209228516,36.619663238525391
92056712,2023,2023-04-28,9735,2023-04-23,1723,022970,,7,2,9,2700,0,1,2,,1,040,"US-101 SOUTHBOUND","MAJOR FARMS",0.00,,Y,A,-,Y,MON,,101," "," ",58.496,H,,L,Y,2,0,3,2,A,-,01,23152,A,N,D,C,A,A,H,-,A,D,0,,,,,Y,Y,A,01,2,1,0,0,0,0,0,0,0,"- ","- ",36.380619049072266,-121.29766845703125,MONTEREY,UNINCORPORATED,-121.29766845703125,36.380619049072266
92059507,2023,2023-05-02,9730,2023-04-22,"310 ",022151,,6,3,9,2700,0,2,4,,2,063,"COOPER ROAD","BLANCO ROAD",0.00,,Y,A,-,N,,,,,,,,,,Y,2,0,1,2,A,-,12,22450,A,N,D,E,A,A,H,-,D,A,0,,,,,Y,,A,01,1,0,0,0,0,0,0,0,0,"- ","- ",36.678520202636719,-121.73506164550781,MONTEREY,UNINCORPORATED,-121.73502349853516,36.678699493408203
92079325,2023,2023-05-26,9730,2023-04-16,2211,022151,,7,3,9,2700,0,1,2,,1,050,"US-101 SOUTHBOUND","NORTH MAIN STREET",528.00,N,N,A,-,Y,MON,,101," ",R,88.447,H,,L,Y,2,0,1,1,A,-,08,22107,,N,E,I,A,A,H,-,C,D,0,,,,,Y,,-,"- ",1,0,0,0,0,0,0,0,0,"- ","- ",36.688579559326172,-121.65556335449219,MONTEREY,UNINCORPORATED,-121.65555572509766,36.688587188720703
92080655,2023,2023-05-29,9730,2023-05-22,2230,017184,,1,3,9,2700,0,1,3,,1,014,SR-1,"POINT SUR LIGHT LIGHTHOUSE",3168.00,N,N,B,-,Y,MON,,1," "," ",55.140,H,,R,Y,2,0,1,1,A,-,01,23152,A,N,F,A,A,A,H,-,D,A,0,,,,,Y,Y,D,23,1,0,0,0,0,0,0,0,0,"- ","- ",36.323570251464844,-121.89334106445312,MONTEREY,UNINCORPORATED,-121.89329528808594,36.323604583740234
92108783,2023,2023-07-03,9730,2023-06-29,1630,019239,,4,2,9,2700,0,1,3,,1,068,"SR-68 WEST OF CORRAL DE TIERRA RD","CORRAL DE TIERRA RD",3168.00,W,N,A,-,Y,MON,,68," "," ",12.310,H,,R,N,2,0,2,2,A,-,03,22350,,F,C,C,A,A,H,-,A,D,0,,,,,Y,,A,08,2,0,0,0,0,0,0,0,0,"- ","- ",36.57366943359375,-121.73676300048828,MONTEREY,UNINCORPORATED,-121.73677825927734,36.573692321777344
92158305,2023,2023-08-30,9730,2023-08-23,1540,017579,,3,2,9,2700,0,3,5,,2,006,"DAVIS ROAD","AMBROSE DRIVE",0.00,,Y,A,-,N,,,,,,,,,,Y,2,0,1,2,A,-,06,21755,A,N,D,C,A,A,H,-,A,D,0,,,Y,,Y,,C,02,1,0,0,0,0,0,0,0,1,"- ","- ",36.669239044189453,-121.68296051025391,MONTEREY,UNINCORPORATED,-121.68301391601562,36.66925048828125
9215942,2020,2021-02-17,2708,2020-10-01,1430,28606,,4,5,6,2708,0,0,0,,0,009,"ABBOTT ST","SOUTH SANBORN RD",500.00,E,N,A,-,N,,,,,,,,,,N,2,0,1,2,A,-,09,21801,A,N,B,D,A,A,H,-,A,A,0,,,,,Y,,D,22,1,0,0,0,0,0,0,0,0,"- ","- ",,,MONTEREY,SALINAS,-121.63431549072266,36.656631469726562
92185773,2023,2023-10-02,9735,2023-09-16,"440 ",022970,,6,3,9,2700,0,1,2,,2,045,"US-101 NORTHBOUND","BRADLEY ROAD",1584.00,N,N,A,-,Y,MON,,101," ",R,2.517,H,,R,Y,2,0,6,1,A,-,08,22107,,N,E,I,A,A,H,-,D,D,0,,,,,Y,,A,07,1,0,5,0,0,0,0,0,0,"- ","- ",35.820339202880859,-120.75765991210938,MONTEREY,UNINCORPORATED,-120.75751495361328,35.820396423339844
92187968,2023,2023-10-11,9730,2023-07-29,1240,018886,,6,1,9,2700,0,2,4,,1,073,"SAN MIGUEL CANYON ROAD","WOODLAND HILLS LANE",1286.00,E,N,A,-,N,,,,,,,,,,Y,1,1,0,2,A,-,08,22107,,N,B,G,A,A,H,-,A,D,0,,Y,,,Y,,D,22,0,0,0,0,0,1,0,0,0,"- ","- ",36.843059539794922,-121.68914794921875,MONTEREY,UNINCORPORATED,-121.68920135498047,36.843128204345703
92225883,2023,2023-11-01,9730,2023-09-28,1219,019818,,4,1,9,2700,0,3,5,,2,002,"CANADA DR","RIO VISTA DR",2700.00,N,N,A,-,N,,,,,,,,,,Y,1,1,0,1,C,-,18,,,N,H,7,A,A,H,-,A,D,0,,,,,Y,,-,"- ",0,0,0,0,0,0,0,0,0,"- ","- ",36.551559448242188,-121.89591217041016,MONTEREY,UNINCORPORATED,-121.89590454101562,36.55120849609375
92247876,2023,2023-11-29,9730,2023-08-07,1613,022197,,1,2,9,2700,0,3,5,,2,007,SR-183,"MONTEREY ST.",0.00,,Y,B,-,Y,MON,,183," ",R,8.739,H,,R,Y,1,1,0,2,A,-,06,21755,A,N,D,C,A,A,H,-,A,D,0,,,Y,,Y,,C,02,0,0,0,0,0,0,0,1,0,"- ","- ",36.758800506591797,-121.74851226806641,MONTEREY,UNINCORPORATED,-121.74852752685547,36.758781433105469
92249020,2023,2023-11-30,9730,2023-10-05,1132,018886,,4,1,9,2700,0,3,5,,2,003,"OUTLOOK DRIVE","HIGHMEADOW DRIVE",664.00,S,N,A,-,N,,,,,,,,,,Y,1,1,0,1,A,-,08,22107,,N,E,I,A,A,H,-,A,D,0,,,,,Y,,D,22,0,0,0,0,0,0,0,0,0,"- ","- ",36.563358306884766,-121.90711975097656,MONTEREY,UNINCORPORATED,-121.90693664550781,36.563400268554688
9225346,2020,2021-02-12,2708,2020-08-12,2330,87875,2708,3,5,6,2708,0,0,0,,0,006,"CASENTINI ST","NORTH MAIN ST",415.00,W,N,A,-,N,,,,,,,,,,N,2,0,1,2,A,-,11,21954,A,F,G,B,D,A,H,-,C,D,0,Y,,,,Y,,N,60,1,0,0,0,1,0,0,0,0,"- ","- ",,,MONTEREY,SALINAS,-121.65402221679688,36.684833526611328
92260057,2023,2023-12-12,9730,2023-12-03,1725,023288,,7,2,9,2700,0,2,4,,2,063,"BLANCO ROAD","COOPER ROAD",1056.00,W,N,A,-,N,,,,,,,,,,Y,2,0,2,1,A,-,01,23152,A,N,F,I,A,A,H,-,D,D,0,,,,,Y,Y,A,07,2,0,0,0,0,0,0,0,0,"- ","- ",36.678760528564453,-121.73972320556641,MONTEREY,UNINCORPORATED,-121.73862457275391,36.678646087646484
92275370,2023,2023-12-29,9730,2023-12-21,"658 ",015367,,4,1,9,2700,0,1,3,,1,022,"STATE ROUTE 1","CORONA ROAD",1750.00,N,N,B,-,Y,MON,,1," "," ",69.993,H,,R,Y,2,0,1,1,A,-,01,23152,F,N,E,I,A,B,H,-,A,D,0,,,,,Y,,A,01,1,0,0,0,0,0,0,0,0,"- ","- ",36.509899139404297,-121.93801879882812,MONTEREY,UNINCORPORATED,-121.93798828125,36.509910583496094
92281937,2024,2024-01-08,9730,2024-01-01,1205,022442,,1,1,9,2700,0,1,2,,1,070,"US-101 N/B","SAN JUAN RD",2475.00,S,N,A,-,Y,MON,,101," "," ",100.974,H,,R,N,2,0,2,1,A,-,03,22350,,N,E,I,A,A,H,-,A,D,0,,,Y,,Y,,C,02,1,0,1,0,0,0,0,0,2,"- ","- ",36.853469848632812,-121.63433837890625,MONTEREY,UNINCORPORATED,-121.63427734375,36.853439331054688
92283813,2024,2024-01-10,9730,2024-01-02,2040,019818,,2,2,9,2700,0,1,3,,2,062,"SR-1 S/B","LIGHTFIGHTER DR",1500.00,S,N,C,-,Y,MON,,1," ",R,82.590,H,,L,Y,2,0,4,2,A,-,08,22107,,N,C,C,A,B,H,-,D,D,0,,,,,Y,,A,01,2,0,2,0,0,0,0,0,0,"- ","- ",36.644729614257812,-121.81961059570312,MONTEREY,UNINCORPORATED,-121.81957244873047,36.644668579101562
92295139,2024,2024-01-23,9735,2024-01-15,1638,021431,,1,2,9,2700,0,1,2,,2,044,"US-101 SOUTHBOUND","JOLON ROAD UNDER CROSSING",80.00,N,N,B,-,Y,MON,,101," ",R,9.699,H,,L,N,2,0,1,1,A,-,08,22107,,N,E,I,A,A,H,-,A,D,0,,,Y,,Y,,C,02,1,0,0,0,0,0,0,0,1,"- ","- ",35.874149322509766,-120.83609771728516,MONTEREY,UNINCORPORATED,-120.83604431152344,35.874191284179688
9234469,2021,2021-03-16,2707,2021-01-23,1414,2245,2707,6,5,3,2707,0,0,0,,0,002,"OCEAN VIEW BL","8TH ST",6.00,W,N,A,-,N,,,,,,,,,,N,2,0,1,1,A,-,03,22350,,N,H,G,A,A,H,-,A,D,0,,Y,,,Y,,L,04,1,0,0,0,0,0,1,0,0,"- ","- ",,,MONTEREY,"PACIFIC GROVE",-121.91049194335938,36.621494293212891
92376977,2024,2024-04-29,9735,2024-04-20,1913,023000,,6,2,9,2700,0,3,5,,2,001,"RELIZ CANYON ROAD","ELM AVENUE",6864.00,S,N,A,-,N,,,,,,,,,,Y,2,0,3,1,A,-,08,22107,,N,E,8,A,A,H,-,B,D,0,,,,,Y,,A,01,1,2,0,0,0,0,0,0,0,"- ","- ",36.263080596923828,-121.29541778564453,MONTEREY,UNINCORPORATED,-121.29560852050781,36.263328552246094
92378444,2024,2024-04-30,9730,2024-04-20,"930 ",022061,,6,1,9,2700,0,3,5,,2,007,"VIERRA CYN ROAD","REAVIS WAY",370.00,E,N,A,-,N,,,,,,,,,,N,2,0,1,1,A,-,01,23152,A,N,F,A,A,A,H,-,A,D,0,,,,,Y,Y,A,07,1,0,0,0,0,0,0,0,0,"- ","- ",36.799098968505859,-121.64385986328125,MONTEREY,UNINCORPORATED,-121.64379119873047,36.799152374267578
92385241,2024,2024-05-08,9730,2024-04-27,2225,023646,,6,3,9,2700,0,1,2,,1,050,"US-101 N/B TO ABBOTT STREET","US-101 S/B OVERCROSSING",2.00,E,N,B,-,Y,MON,,101," "," ",82.468,H,,L,Y,2,0,3,1,A,-,01,23152,A,N,E,I,A,A,H,-,D,D,0,,,,,Y,Y,A,01,2,1,0,0,0,0,0,0,0,"- ","- ",36.626869201660156,-121.58645629882812,MONTEREY,UNINCORPORATED,-121.58647918701172,36.626850128173828
92388066,2024,2024-05-13,9730,2024-05-01,"742 ",020576,,3,1,6,2708,0,2,S,,2,901,"US-101 N/B TO BORONDA ROAD","BORONDA ROAD",0.00,,Y,B,-,N,,,,,,,,,,N,2,0,1,2,A,-,05,21650,,N,D,G,A,A,H,-,A,A,0,,Y,,,Y,,L,04,1,0,0,0,0,0,1,0,0,"- ","- ",36.721698760986328,-121.65838623046875,MONTEREY,SALINAS,-121.65974426269531,36.721988677978516
92407891,2024,2024-08-14,9730,2024-06-02,"316 ",023772,,7,3,9,2700,0,2,4,,1,073,"CASTROVILLE BLVD","SAN MIGUEL CANYON ROAD",0.00,,Y,B,-,N,,,,,,,,,,Y,2,0,3,1,A,-,01,23152,A,N,E,I,A,A,H,-,D,A,0,,,,,Y,Y,D,22,1,2,0,0,0,0,0,0,0,"- ","- ",36.808521270751953,-121.67195129394531,MONTEREY,UNINCORPORATED,-121.67190551757812,36.808399200439453
92439672,2024,2024-07-15,9730,2024-07-06,2016,023678,,6,2,9,2700,0,2,4,,1,073,"SAN MIGUEL CANYON ROAD","CASTROVILLE BLVD",0.00,,Y,A,-,N,,,,,,,,,,Y,2,0,6,2,A,-,09,21802,A,N,D,C,A,A,H,-,B,D,0,,,,,Y,,A,07,1,0,5,0,0,0,0,0,0,"- ","- ",36.80841064453125,-121.67198944091797,MONTEREY,UNINCORPORATED,-121.67190551757812,36.808399200439453
9251559,2020,2021-04-23,2708,2020-11-15,1403,30301,,7,5,6,2708,0,0,0,,0,,"CONSTITUTION BL","EAST LAUREL DR",300.00,N,N,A,-,N,,,,,,,,,,Y,2,0,1,2,A,-,09,21801,A,N,D,C,A,A,H,-,A,D,0,,,,,Y,,A,01,1,0,0,0,0,0,0,0,0,"- ","- ",,,MONTEREY,SALINAS,-121.63160705566406,36.695087432861328
9254889,2021,2021-05-03,2708,2021-03-20,1827,06240,,6,5,6,2708,0,0,0,,0,011,"NORTH SANBORN RD","GARNER AV",30.00,N,N,A,-,N,,,,,,,,,,Y,2,0,1,3,A,-,01,23152,A,F,C,C,F,A,H,-,A,A,0,Y,,,,Y,Y,A,01,1,0,0,0,0,0,0,0,0,"- ","- ",,,MONTEREY,SALINAS,-121.61505889892578,36.686256408691406
9286532,2021,2021-08-31,2712,2021-07-04,2325,1241,,7,5,3,2712,0,0,0,,0,001,"IMJIN PW","4TH ST",184.00,E,N,E,-,N,,,,,,,,,,N,2,0,2,1,A,-,01,23152,A,N,A,I,A,B,H,-,C,D,0,,,Y,,Y,Y,C,02,1,0,1,0,0,0,0,0,2,"- ","- ",,,MONTEREY,MARINA,-121.7999267578125,36.666656494140625
9300074,2021,2021-08-27,2710,2021-06-29,1757,37346,,2,5,4,2710,0,0,0,,0,02A,"NOCHE BUENA ST","HARCOURT AV",17.00,S,N,A,-,N,,,,,,,,,,Y,2,0,1,2,A,-,09,21802,B,N,D,C,A,A,H,-,-,D,0,,,Y,,Y,,C,02,1,0,0,0,0,0,0,0,1,"- ","- ",,,MONTEREY,SEASIDE,-121.837890625,36.603092193603516
9302696,2021,2021-08-13,2708,2021-05-26,0933,52520,SALIN,3,5,6,2708,0,0,0,,0,,"NORTH MAIN ST","MADRID ST",0.00,,Y,A,-,N,,,,,,,,,,Y,2,0,2,2,A,-,12,21453,A,N,D,C,A,A,H,-,A,A,0,,,,,Y,,A,01,2,0,0,0,0,0,0,0,0,"- ","- ",,,MONTEREY,SALINAS,-121.65469360351562,36.713268280029297
9314076,2021,2021-09-16,2707,2021-08-10,2131,2245,2707,2,5,3,2707,0,0,0,,0,002,"SURF AV","CORAL ST",120.00,E,Y,A,-,N,,,,,,,,,,N,2,0,1,2,A,-,03,22350,,N,C,E,A,A,H,-,D,D,0,,Y,Y,,Y,Y,L,04,1,0,0,0,0,0,1,0,0,"- ","- ",,,MONTEREY,"PACIFIC GROVE",-121.9268798828125,36.634323120117188
9320273,2021,2022-01-19,2708,2021-10-22,0643,52823,,5,5,6,2708,0,0,0,,0,005,"EAST LAUREL DR","GRANADA AV",10.00,E,N,C,-,N,,,,,,,,,,N,1,1,0,2,A,-,10,21950,A,N,G,B,B,B,H,-,C,D,0,Y,,,,Y,,A,01,0,0,0,1,0,0,0,0,0,"- ","- ",,,MONTEREY,SALINAS,-121.64031982421875,36.696781158447266
9320724,2021,2022-05-27,2706,2021-11-27,0749,103,2706,6,5,4,2706,0,0,0,,0,002,"DEL MONTE AV","CAMINO EL ESTERO",466.00,E,N,A,-,N,,,,,,,,,,Y,1,1,0,2,A,-,08,22107,,N,D,C,A,A,H,-,A,D,0,,,,,Y,,-,,0,0,0,0,0,0,0,0,0,"- ","- ",,,MONTEREY,MONTEREY,-121.88571929931641,36.599941253662109
9321776,2021,2021-10-14,2708,2021-06-25,1121,85065,2708,5,5,6,2708,0,0,0,,0,009,"ABBOTT ST","MERRILL ST",0.00,,Y,A,-,N,,,,,,,,,,Y,2,0,3,2,A,-,08,22107,,N,D,C,A,A,H,-,A,A,0,,,,Y,Y,,F,26,1,0,2,0,0,0,0,0,0,"- ","- ",,,MONTEREY,SALINAS,-121.63159942626953,36.655471801757812
9322135,2021,2021-10-09,2708,2021-08-02,1109,07904,,1,5,6,2708,0,0,0,,0,010,"EAST LAUREL DR","NORTH SANBORN RD",120.00,W,N,A,-,N,,,,,,,,,,N,2,0,1,2,A,-,03,22350,,N,C,C,A,-,H,-,A,D,0,,,,,Y,,A,07,1,0,0,0,0,0,0,0,0,"- ","- ",,,MONTEREY,SALINAS,-121.62108612060547,36.6832275390625
9324762,2021,2021-09-28,2708,2021-07-27,1440,74137,SALIN,2,5,6,2708,0,0,0,,0,006,"WEST ROSSI ST","QUAIL RUN CIR",0.00,,Y,A,-,N,,,,,,,,,,Y,2,0,3,2,A,-,09,21802,A,N,D,C,A,A,H,-,A,A,0,,,,,Y,,A,07,3,0,0,0,0,0,0,0,0,"- ","- ",,,MONTEREY,SALINAS,-121.66948699951172,36.686969757080078
93322778,2024,2024-08-02,9730,2024-07-28,"121 ",023288,,7,3,9,2700,0,1,3,,1,066,SR-183,"WALSH STREET",75.00,S,N,A,-,Y,MON,,183," ",R,8.826,H,,R,Y,2,0,2,2,A,-,01,23152,A,N,C,E,A,A,H,-,C,D,0,,,,,Y,Y,A,01,1,0,1,0,0,0,0,0,0,"- ","- ",36.75946044921875,-121.74973297119141,MONTEREY,UNINCORPORATED,-121.74960327148438,36.759571075439453
9386978,2021,2022-01-11,2710,2021-10-08,2058,40425,,5,5,4,2710,0,0,0,,0,003,"FREMONT BL","LA SALLE AV",0.00,,Y,A,-,N,,,,,,,,,,N,2,0,1,2,A,-,11,21453,D,N,B,B,B,A,H,-,-,A,0,Y,,,,Y,Y,N,60,1,0,0,0,1,0,0,0,0,"- ","- ",,,MONTEREY,SEASIDE,-121.84146118164062,36.616779327392578
9404821,2021,2022-04-22,2708,2021-09-30,1653,16258,SALIN,4,5,6,2708,0,0,0,,0,007,"SOUTH MAIN ST","W ROMIE LN",6.00,S,N,A,-,Y,MON,5,68,-,-,20.490,I,5,W,N,2,0,1,2,A,-,10,21950,A,N,G,B,B,A,H,-,A,A,0,Y,,,Y,Y,,F,26,1,0,0,0,1,0,0,0,0,"- ","- ",,,MONTEREY,SALINAS,-121.65771484375,36.662868499755859
9410381,2022,2022-04-15,2708,2022-01-19,1222,54440,,3,5,6,2708,0,0,0,,0,001,"SAN JUAN GRADE RD","NORTH MAIN ST",0.00,,Y,-,-,N,,,,,,,,,,Y,2,0,1,1,A,-,08,22107,,N,-,-,A,-,-,-,-,-,0,,,,,Y,,A,01,1,0,0,0,0,0,0,0,0,"- ","- ",,,MONTEREY,SALINAS,-121.65525054931641,36.716957092285156
9410382,2022,2022-04-11,2708,2022-01-14,1150,53260,,5,5,6,2708,0,0,0,,0,011,"DELMONTE AV","RIDER AV",10.00,E,N,A,-,N,,,,,,,,,,N,2,0,1,2,A,-,11,21954,A,N,-,B,D,A,H,-,A,D,0,Y,,,,Y,,N,60,1,0,0,0,1,0,0,0,0,"- ","- ",,,MONTEREY,SALINAS,-121.61350250244141,36.691776275634766
9432338,2021,2022-07-27,2708,2021-09-19,0029,74686,,7,5,6,2708,0,0,0,,0,,"N MADIERA AV","ROOSEVELT ST",100.00,N,N,A,-,N,,,,,,,,,,,2,0,1,2,A,-,11,21950,B,F,G,B,F,A,H,-,D,A,0,Y,,,,Y,Y,N,60,1,0,0,0,1,0,0,0,0,"- ","- ",,,MONTEREY,SALINAS,-121.63818359375,36.675861358642578
94375997,2024,2024-08-29,9730,2024-08-19,1923,023439,,1,2,4,2706,0,1,3,,2,062,"SR-1 NORTHBOUND","IRIS CANYON UNDERCROSSING",406.00,N,N,A,-,Y,MON,,1," ",R,76.564,H,,R,N,2,0,1,2,A,-,08,22107,,N,C,C,A,A,H,-,A,D,0,,,,,Y,,D,22,1,0,0,0,0,0,0,0,0,"- ","- ",36.583290100097656,-121.889892578125,MONTEREY,MONTEREY,-121.88990020751953,36.583339691162109
94431542,2024,2024-10-15,9730,2024-10-03,"720 ",021358,,4,1,9,2700,0,2,4,,1,023,"CARMEL VALLEY ROAD","RIO VISTA DRIVE",0.00,,Y,A,-,N,,,,,,,,,,Y,2,0,2,2,A,-,09,21802,A,N,D,C,A,A,H,-,A,A,0,,,,,Y,,A,07,1,0,1,0,0,0,0,0,0,"- ","- ",36.544090270996094,-121.90009307861328,MONTEREY,UNINCORPORATED,-121.89986419677734,36.543949127197266
94432205,2024,2024-10-15,9735,2024-10-08,2043,023994,,2,2,9,2700,0,1,2,,1,041,"RT 101","LAGOMARSINO AVENUE",0.00,,Y,A,-,Y,MON,,101," "," ",49.760,H,,R,Y,2,0,1,2,A,-,09,21802,A,N,D,C,A,A,H,-,D,A,0,,,,Y,Y,,G,25,1,0,0,0,0,0,0,0,0,"- ","- ",36.288021087646484,-121.19522857666016,MONTEREY,UNINCORPORATED,-121.19504547119141,36.288127899169922
94503883,2024,2024-12-13,9735,2024-12-08,1328,024047,,7,1,9,2700,0,2,4,,1,021,"JOLON ROAD","NEW PLEYTO RD",3168.00,W,N,A,-,N,,,,,,,,,,Y,2,0,1,1,A,-,08,22107,,M,E,J,A,A,H,-,A,D,0,,,,,Y,Y,A,01,1,0,0,0,0,0,0,0,0,"- ","- ",35.906280517578125,-120.99379730224609,MONTEREY,UNINCORPORATED,-120.99448394775391,35.906215667724609
94510709,2024,2024-12-19,9730,2024-10-19,1145,023678,,6,1,9,2700,0,1,2,,1,030,"UNITED STATES 101 SOUTHBOUND","GLORIA ROAD OVERCROSSING",7392.00,S,N,A,-,Y,MON,,101," "," ",67.942,H,,L,Y,1,1,3,5,A,-,03,22350,,N,C,C,A,A,H,-,A,D,0,,,,,Y,,-,"- ",0,1,2,0,0,0,0,0,0,"- ","- ",36.478530883789062,-121.40981292724609,MONTEREY,UNINCORPORATED,-121.40984344482422,36.478492736816406
94552816,2025,2025-01-28,9730,2025-01-20,"555 ",019315,,1,3,9,2700,0,1,2,,1,050,"US-101 (N/B)","JOHN ST",150.00,S,N,B,-,Y,MON,,101," "," ",86.750,H,,R,Y,2,0,1,1,A,-,01,23152,A,N,E,8,A,A,H,-,C,D,0,,,,,Y,Y,A,01,1,0,0,0,0,0,0,0,0,"- ","- ",36.670120239257812,-121.63820648193359,MONTEREY,UNINCORPORATED,-121.63813781738281,36.670188903808594
94581764,2025,2025-02-17,9735,2025-02-09,1955,023000,,7,2,9,2700,0,1,3,,1,035,SR-198,SR-25,24288.00,E,N,A,-,N,,,,,,,,,,Y,2,0,2,1,A,-,08,22107,,N,E,8,A,A,H,-,D,D,0,,,,,Y,,A,01,2,0,0,0,0,0,0,0,0,"- ","- ",36.198951721191406,-120.73683929443359,MONTEREY,UNINCORPORATED,-120.75823211669922,36.192646026611328
94591761,2025,2025-02-27,9730,2025-02-18,1654,023403,,2,2,9,2700,0,1,3,,1,074,SR-1,"STRUVE ROAD",880.00,S,N,A,-,Y,MON,,1," "," ",98.194,H,,R,Y,2,0,1,2,A,-,05,21460,,N,B,C,A,A,H,-,A,A,0,,,,Y,Y,,D,22,1,0,0,0,0,0,0,0,0,"- ","- ",36.828929901123047,-121.77207183837891,MONTEREY,UNINCORPORATED,-121.77208709716797,36.828937530517578
94672343,2024,2025-05-01,9730,2024-12-20,1733,023584,,5,2,9,2700,0,2,4,,1,075,"SAN JUAN ROAD","TARPEY ROAD",1417.00,E,N,A,-,N,,,,,,,,,,Y,1,1,1,3,A,-,01,23152,A,N,B,2,A,A,H,-,D,D,0,,,,,Y,,D,22,0,0,1,0,0,0,0,0,0,"- ","- ",36.864238739013672,-121.66774749755859,MONTEREY,UNINCORPORATED,-121.66698455810547,36.871631622314453
94697732,2025,2025-05-22,9735,2025-05-13,2118,021431,,2,2,9,2700,0,1,2,,2,045,US-101,"BRADLEY ROAD",3688.00,S,N,A,-,Y,MON,,101," ",R,1.463,H,,R,Y,2,0,2,2,A,-,05,21651,B,N,A,C,A,A,H,-,D,D,0,,,,,Y,,A,01,2,0,0,0,0,0,0,0,0,"- ","- ",35.806640625,-120.74906158447266,MONTEREY,UNINCORPORATED,-120.74904632568359,35.806644439697266
94704883,2025,2025-05-29,9730,2025-05-16,1136,017642,,5,1,9,2700,0,3,5,,2,003,"CARMEL VALLEY ROAD","TASSAJARA ROAD",3696.00,S,N,A,-,N,,,,,,,,,,N,2,0,1,1,A,-,08,22107,,N,F,A,A,A,H,-,A,D,0,,,Y,,Y,,C,02,1,0,0,0,0,0,0,0,1,"- ","- ",36.396030426025391,-121.57344818115234,MONTEREY,UNINCORPORATED,-121.57315063476562,36.395877838134766
94721914,2025,2025-06-11,9735,2025-06-04,1940,024182,,3,2,9,2700,0,1,2,,1,041,"US-101 SOUTHBOUND","CENTRAL AVENUE",9610.00,S,N,A,-,Y,MON,,101," "," ",43.930,H,,L,Y,2,0,2,2,A,-,03,22350,,N,C,C,A,A,H,-,A,D,0,,,,,Y,,A,01,2,0,0,0,0,0,0,0,0,"- ","- ",36.210010528564453,-121.16123962402344,MONTEREY,UNINCORPORATED,-121.16123962402344,36.210010528564453
9496991,2022,2022-10-28,2710,2022-06-20,2341,40408,MARIN,1,5,4,2710,0,0,0,,0,01A,"DEL MONTE BL","DEL MONTE BL 1526",0.00,,N,A,-,N,,,,,,,,,,N,2,0,1,2,A,-,09,21804,A,N,D,G,A,A,H,-,C,D,0,,Y,,,Y,,L,04,1,0,0,0,0,0,1,0,0,"- ","- ",,,MONTEREY,SEASIDE,-121.85903930664062,36.605869293212891