CASE_ID,ACCIDENT_YEAR,PROC_DATE,JURIS,COLLISION_DATE,COLLISION_TIME,OFFICER_ID,REPORTING_DISTRICT,DAY_OF_WEEK,CHP_SHIFT,POPULATION,CNTY_CITY_LOC,SPECIAL_COND,BEAT_TYPE,CHP_BEAT_TYPE,CITY_DIVISION_LAPD,CHP_BEAT_CLASS,BEAT_NUMBER,PRIMARY_RD,SECONDARY_RD,DISTANCE,DIRECTION,INTERSECTION,WEATHER_1,WEATHER_2,STATE_HWY_IND,CALTRANS_COUNTY,CALTRANS_DISTRICT,STATE_ROUTE,ROUTE_SUFFIX,POSTMILE_PREFIX,POSTMILE,LOCATION_TYPE,RAMP_INTERSECTION,SIDE_OF_HWY,TOW_AWAY,COLLISION_SEVERITY,NUMBER_KILLED,NUMBER_INJURED,PARTY_COUNT,PRIMARY_COLL_FACTOR,PCF_CODE_OF_VIOL,PCF_VIOL_CATEGORY,PCF_VIOLATION,PCF_VIOL_SUBSECTION,HIT_AND_RUN,TYPE_OF_COLLISION,MVIW,PED_ACTION,ROAD_SURFACE,ROAD_COND_1,ROAD_COND_2,LIGHTING,CONTROL_DEVICE,CHP_ROAD_TYPE,PEDESTRIAN_ACCIDENT,BICYCLE_ACCIDENT,MOTORCYCLE_ACCIDENT,TRUCK_ACCIDENT,NOT_PRIVATE_PROPERTY,ALCOHOL_INVOLVED,STWD_VEHTYPE_AT_FAULT,CHP_VEHTYPE_AT_FAULT,COUNT_SEVERE_INJ,COUNT_VISIBLE_INJ,COUNT_COMPLAINT_PAIN,COUNT_PED_KILLED,COUNT_PED_INJURED,COUNT_BICYCLIST_KILLED,COUNT_BICYCLIST_INJURED,COUNT_MC_KILLED,COUNT_MC_INJURED,PRIMARY_RAMP,SECONDARY_RAMP,LATITUDE,LONGITUDE,COUNTY,CITY,POINT_X,POINT_Y
9509833,2022,2022-12-15,2704,2022-11-04,2031,0098,2704,5,5,3,2704,0,0,0,,0,001,"12TH ST","OAK AV",324.00,N,N,A,-,N,,,,,,,,,,Y,2,0,2,2,A,-,01,23153,B,F,E,E,A,A,H,-,C,D,0,,,,,Y,Y,A,01,1,0,1,0,0,0,0,0,0,"- ","- ",,,MONTEREY,GREENFIELD,-121.25141906738281,36.317466735839844
9607624,2023,2023-10-02,2707,2023-08-18,2029,2340,2707,5,5,3,2707,0,0,0,,0,002,"ASILOMAR AV","DEL MONTE BL",0.00,,Y,A,-,N,,,,,,,,,,N,2,0,1,2,A,-,03,22350,,N,D,-,A,A,H,-,D,A,0,,Y,,,Y,,L,04,1,0,0,0,0,0,1,0,0,"- ","- ",,,MONTEREY,"PACIFIC GROVE",-121.9317626953125,36.634159088134766
9618733,2023,2023-12-06,2710,2023-10-11,"700 ",40435,SEASI,3,5,4,2710,0,0,0,,0,02A,"MONTEREY RD","FREMONT BL",0.00,,Y,A,-,N,,,,,,,,,,N,2,0,1,2,A,-,09,21453,B,F,G,B,B,A,H,-,A,A,0,Y,,,,Y,Y,-,"- ",1,0,0,0,1,0,0,0,0,"- ","- ",,,MONTEREY,SEASIDE,-121.84123229980469,36.623752593994141
9720372,2024,2024-09-27,2706,2024-07-26,1452,027,MONTE,5,5,4,2706,0,0,0,,0,003,"CASA VERDE WY","MONTECITO AV",317.00,N,N,A,-,Y,MON,5,1,-,R,78.590,R,4,N,Y,2,0,1,2,A,-,12,22450,A,N,D,C,A,A,H,-,A,A,0,,,Y,,Y,,C,02,1,0,0,0,0,0,0,0,1,"- ","- ",,,MONTEREY,MONTEREY,-121.86312103271484,36.600379943847656
9764588,2024,2025-06-27,2711,2024-10-25,"759 ",2708,2711,5,5,3,2711,0,0,0,,0,002,"DIXIE ST","METZ RD",0.00,,Y,A,-,N,,,,,,,,,,N,2,0,1,2,A,-,05,21650,1,N,D,C,A,A,H,-,A,D,0,,Y,,,Y,,L,04,1,0,0,0,0,0,1,0,0,"- ","- ",,,MONTEREY,SOLEDAD,-121.32205200195312,36.427768707275391
6290247,2014,2014-04-16,9735,2014-02-25,2500,16696,,2,4,9,2700,0,3,5,,2,003,"METZ RD","RT 146",3696.00,N,N,A,-,N,,,,,,,,,,Y,1,1,0,1,A,-,01,23152,A,N,E,I,A,A,H,-,D,D,0,,,Y,,Y,Y,C,02,0,0,0,0,0,0,0,1,0,"- ","- ",36.423189999999998,-121.28722,MONTEREY,UNINCORPORATED,-121.28695817000001,36.423015550000002
6290284,2014,2014-04-16,9730,2014-02-16,1709,19981,,7,2,9,2700,0,2,4,,1,023,"CARMEL VALLEY RD","RIO RD",554.00,E,N,A,-,N,,,,,,,,,,Y,1,1,0,1,C,-,18,,,N,E,I,A,A,H,-,A,D,0,,,,,Y,,-,"- ",0,0,0,0,0,0,0,0,0,"- ","- ",,,MONTEREY,UNINCORPORATED,-121.88997784,36.542402510000002
6290631,2014,2015-12-23,9730,2014-03-31,1956,19796,,1,2,9,2700,0,3,5,,2,007,"LAS LOMAS DR","THOMAS RD",160.00,S,N,C,-,N,,,,,,,,,,N,1,1,0,2,A,-,11,21954,A,N,G,B,E,B,H,-,D,D,0,Y,,,,Y,Y,N,60,0,0,0,1,0,0,0,0,0,"- ","- ",36.867759999999997,-121.73342,MONTEREY,UNINCORPORATED,-121.73360903,36.867982040000001
6291972,2014,2015-02-24,2708,2014-03-04,0449,18355,,2,5,6,2708,0,0,0,,0,,"WEST LAUREL DR","NORTH DAVIS RD",0.00,,Y,B,-,N,,,,,,,,,,Y,1,1,0,2,C,-,18,,,N,G,B,E,B,H,-,C,A,0,Y,,,,Y,,-,"- ",0,0,0,1,0,0,0,0,0,"- ","- ",,,MONTEREY,SALINAS,-121.66808987,36.697910100000001
6292335,2015,2015-06-30,2708,2015-03-26,1408,52823,,4,5,6,2708,0,0,0,,0,,"EAST MARKET ST","KERN ST",45.00,E,N,A,-,N,,,,,,,,,,N,1,1,0,2,A,-,01,21200,5,N,H,G,A,A,H,-,-,D,0,,Y,,,Y,,-,,0,0,0,0,0,1,0,0,0,"- ","- ",,,MONTEREY,SALINAS,-121.63992809,36.677372339999998
6292845,2015,2017-07-31,2708,2015-07-05,1940,59156,,7,5,6,2708,0,0,0,,0,010,"E MARKET","N MADEIRA",0.00,,Y,B,-,N,,,,,,,,,,Y,1,1,0,2,A,-,00,20001,B,F,A,C,A,A,H,-,A,A,0,,,,,Y,Y,-,,0,0,0,0,0,0,0,0,0,"- ","- ",,,MONTEREY,SALINAS,-121.63797984999999,36.677180069999999
6358595,2014,2016-01-14,9730,2014-01-25,0125,019529,,6,3,9,2700,0,1,3,,2,062,"RT 1","LIGHT FIGHTER DR",2150.00,S,N,A,-,Y,MON,5,1,-,R,82.480,H,-,N,Y,2,0,1,1,A,-,01,23152,A,N,H,H,A,A,H,-,D,D,1,,,Y,,Y,Y,C,02,1,0,0,0,0,0,0,0,1,"- ","- ",,,MONTEREY,UNINCORPORATED,-121.82020552,36.643566669999998
6358689,2014,2014-06-10,9730,2014-01-19,1600,18766,,7,2,9,2700,0,2,4,,1,023,"CARMEL VALLEY RD","TASSAJARA RD",16896.00,E,N,A,-,N,,,,,,,,,,Y,2,0,1,1,A,-,08,22107,,N,F,A,A,A,C,-,A,D,0,,,Y,,Y,,C,02,1,0,0,0,0,0,0,0,1,"- ","- ",,,MONTEREY,UNINCORPORATED,-121.56066045999999,36.371910479999997
6375421,2014,2015-08-10,2708,2014-01-18,0145,56473,,6,5,6,2708,0,0,0,,0,007,"PARK ST","RIKER ST",110.00,E,N,A,-,N,,,,,,,,,,N,2,0,1,2,A,-,03,22350,,F,G,B,E,A,H,-,D,D,0,Y,,,,Y,Y,-,,1,0,0,0,1,0,0,0,0,"- ","- ",,,MONTEREY,SALINAS,-121.66180968,36.677848449999999
6381758,2014,2014-06-13,9730,2014-01-27,1039,15014,,1,1,9,2700,0,2,4,,1,023,"CARMEL VALLEY RD","VIA MALLORCA",0.00,,Y,A,-,N,,,,,,,,,,Y,2,0,2,2,A,-,12,21453,A,N,D,C,A,A,H,-,A,A,0,,,,,Y,,A,01,1,0,1,0,0,0,0,0,0,"- ","- ",36.541730000000001,-121.87987,MONTEREY,UNINCORPORATED,-121.88014993,36.541700079999998
6404296,2014,2014-06-17,2710,2014-01-09,0414,37346,,4,5,4,2710,0,0,0,,0,,"N FREMONT","2400 N FREMONT",1.00,W,N,A,-,N,,,,,,,,,,Y,2,0,1,1,A,-,08,22107,,N,A,I,A,A,H,-,C,D,0,,,,,Y,Y,-,,1,0,0,0,0,0,0,0,0,"- ","- ",,,MONTEREY,SEASIDE,-121.85131788,36.59795373
6416722,2014,2016-03-05,9735,2014-03-04,0520,19894,,2,3,9,2700,0,1,3,,1,035,"RT 198","PRIEST VALLEY RD",7920.00,E,N,B,-,Y,MON,5,198,-,-,25.010,H,-,W,Y,2,0,3,1,A,-,08,22107,,F,F,J,A,A,H,-,D,D,0,,,,,Y,Y,A,01,1,1,1,0,0,0,0,0,0,"- ","- ",36.173760000000001,-120.67444999999999,MONTEREY,UNINCORPORATED,-120.67545063999999,36.173983020000001
6425116,2014,2016-01-14,9730,2014-02-25,0003,20168,,2,3,3,2712,0,1,3,,2,062,"RT 1","IMJIN PKWY",2640.00,S,N,A,-,Y,MON,5,1,-,R,83.980,H,-,S,Y,2,0,2,2,A,-,01,23152,A,N,A,C,A,A,H,-,D,D,1,,,,,Y,Y,A,01,1,0,1,0,0,0,0,0,0,"- ","- ",36.668480000000002,-121.81346000000001,MONTEREY,MARINA,-121.81635382,36.662677440000003
6440346,2014,2015-10-09,2712,2014-03-28,2011,719,,5,5,3,2712,0,0,0,,0,001,"CALIFORNIA AV","IMJIN PW",965.00,N,N,A,-,N,,,,,,,,,,Y,2,0,4,2,A,-,01,23153,A,N,A,C,A,A,H,-,C,D,0,,,,,Y,Y,A,01,1,1,2,0,0,0,0,0,0,"- ","- ",,,MONTEREY,MARINA,-121.79425461,36.667716159999998
6440352,2014,2014-06-23,9730,2014-03-16,1705,019700,,7,2,9,2700,0,3,5,,2,003,"SAN BENANCIO RD","HARPER CANYON RD",180.00,N,N,A,-,N,,,,,,,,,,Y,2,0,2,2,A,-,05,21460,A,N,A,C,A,A,H,-,A,D,0,,,,,Y,,A,01,1,0,1,0,0,0,0,0,0,"- ","- ",,,MONTEREY,UNINCORPORATED,-121.70837331,36.569963690000002
6440386,2014,2016-03-05,9730,2014-03-22,1130,19315,,6,1,9,2700,0,1,2,,1,070,"RT 101","DUNBARTON RD",528.00,S,N,A,-,Y,MON,5,101,-,-,100.260,H,-,S,N,2,0,1,2,A,-,03,22350,,N,C,C,A,A,H,-,A,D,5,,,Y,,Y,,C,02,1,0,0,0,0,0,0,0,1,"- ","- ",,,MONTEREY,UNINCORPORATED,-121.63406605999999,36.843852769999998
6444656,2014,2015-08-10,2708,2014-03-23,1732,56413,SALIN,7,5,6,2708,0,0,0,,0,010,"E ALISAL ST","NORTH MADEIRA AV",0.00,,Y,A,-,N,,,,,,,,,,Y,2,0,2,3,A,-,10,21950,A,N,G,B,B,A,-,-,A,A,0,Y,,,,Y,,-,,1,1,0,0,2,0,0,0,0,"- ","- ",,,MONTEREY,SALINAS,-121.63844989,36.674010039999999
6482154,2014,2014-07-29,9730,2014-05-05,1140,018171,,1,1,9,2700,0,2,4,,1,023,"CARMEL VALLEY RD","PRADO DEL SOL",326.00,E,N,A,-,N,,,,,,,,,,Y,2,0,1,1,A,-,08,22107,,N,E,I,A,A,H,-,A,D,0,,,,,Y,,D,22,1,0,0,0,0,0,0,0,0,"- ","- ",,,MONTEREY,UNINCORPORATED,-121.84319066,36.532570210000003
6493997,2014,2015-10-01,2706,2014-05-03,1552,229,2706,6,5,4,2706,0,0,0,,0,001,"PACIFIC ST","ARTILLERY ST",0.00,,Y,A,-,N,,,,,,,,,,Y,2,0,1,1,A,-,01,23152,A,N,E,I,A,A,H,-,A,A,0,,,,,Y,Y,D,22,1,0,0,0,0,0,0,0,0,"- ","- ",,,MONTEREY,MONTEREY,-121.89512988,36.604760059999997
6505068,2014,2016-04-09,9730,2014-05-11,1726,19981,,7,2,9,2700,0,1,3,,1,012,"RT 1","REDWOOD GULCH",3696.00,N,N,A,-,Y,MON,5,1,-,-,6.200,H,-,N,Y,2,0,1,1,A,-,08,22107,,N,E,I,A,A,H,-,A,D,0,,,,,Y,,A,07,1,0,0,0,0,0,0,0,0,"- ","- ",,,MONTEREY,UNINCORPORATED,-121.39998045999999,35.839700809999997
6506368,2014,2015-03-07,2708,2014-04-03,2034,56413,SALIN,4,5,6,2708,0,0,0,,0,010,"EAST LAUREL DR","ST EDWARDS",0.00,,Y,A,-,N,,,,,,,,,,Y,1,1,1,2,A,-,01,23152,A,N,A,C,A,A,H,-,C,D,0,,,,,Y,Y,-,,0,1,0,0,0,0,0,0,0,"- ","- ",,,MONTEREY,SALINAS,-121.62309998000001,36.686330009999999
6519477,2014,2014-07-31,2708,2014-05-04,1602,31967,SALIN,7,5,6,2708,0,0,0,,0,008,"STATION PL","PALMER ST",200.00,E,N,A,-,N,,,,,,,,,,Y,2,0,1,1,A,-,03,22350,,N,A,I,A,A,H,-,A,D,0,,,,,Y,,-,,1,0,0,0,0,0,0,0,0,"- ","- ",,,MONTEREY,SALINAS,,
6530933,2014,2014-08-08,2704,2014-06-06,1746,0633,,5,5,3,2704,0,0,0,,0,004,"5TH ST","MAPLE AV",221.00,S,N,A,-,N,,,,,,,,,,Y,2,0,1,2,A,-,11,21954,A,N,G,B,D,A,H,-,A,D,0,Y,,,,Y,Y,N,60,1,0,0,0,1,0,0,0,0,"- ","- ",,,MONTEREY,GREENFIELD,-121.23748752,36.321178310000001
6537069,2014,2014-08-20,9730,2014-06-02,2126,17020,,1,2,9,2700,0,3,5,,2,003,"FOLETTA RD","CHUALAR RIVER RD",4224.00,S,N,A,-,N,,,,,,,,,,Y,2,0,1,1,A,-,08,22107,,F,E,I,A,A,H,-,D,D,0,,,,,Y,,A,01,1,0,0,0,0,0,0,0,0,"- ","- ",36.55442,-121.50394,MONTEREY,UNINCORPORATED,-121.50676171000001,36.557234520000002
6549386,2014,2015-10-01,2708,2014-06-23,2109,18925,,1,5,6,2708,0,0,0,,0,005,"LUPIN DR","GARDENIA DR",0.00,,Y,A,-,N,,,,,,,,,,N,2,0,1,2,A,-,08,22107,,N,D,G,A,A,H,-,C,D,0,,Y,,,Y,,L,04,1,0,0,0,0,0,1,0,0,"- ","- ",,,MONTEREY,SALINAS,-121.65396988000001,36.68998002
6560031,2014,2014-08-20,9730,2014-07-04,0240,014800,,5,3,9,2700,0,3,5,,2,006,"RESERVATION RD","HILLTOWN RD",100.00,S,N,A,-,N,,,,,,,,,,Y,2,0,1,1,A,-,01,23152,A,N,E,I,A,A,H,-,D,D,0,,,,,Y,Y,A,08,1,0,0,0,0,0,0,0,0,"- ","- ",,,MONTEREY,UNINCORPORATED,-121.68252026,36.625577059999998
6578399,2014,2014-08-19,9730,2014-07-22,0518,020621,,2,3,9,2700,0,3,5,,2,003,"HARRIS RD","ABBOTT ST",3696.00,W,N,A,-,N,,,,,,,,,,Y,2,0,3,2,A,-,05,21460,A,N,A,C,A,A,H,-,B,D,0,,,,,Y,,E,22,1,0,2,0,0,0,0,0,0,"- ","- ",36.630369999999999,-121.62506,MONTEREY,UNINCORPORATED,-121.61941392999999,36.636532199999998
6591236,2014,2015-10-01,2708,2014-07-06,1944,08067,,7,5,6,2708,0,0,0,,0,010,"E ALISAL ST","N HEBBRON AV",136.00,W,N,A,-,N,,,,,,,,,,Y,2,0,2,2,A,-,08,22107,,N,C,C,A,A,H,-,A,A,0,,,,,Y,Y,-,,1,0,1,0,0,0,0,0,0,"- ","- ",,,MONTEREY,SALINAS,-121.63271073,36.67342309
6606259,2014,2015-12-29,9730,2014-03-08,0057,18946,,6,3,9,2700,0,3,5,,2,002,"ESQUILINE RD","CARMEL VALLEY RD",300.00,S,N,B,-,N,,,,,,,,,,N,1,1,0,2,A,-,01,23152,A,N,G,B,E,A,H,-,D,D,0,Y,,,,Y,Y,A,07,0,0,0,1,0,0,0,0,0,"- ","- ",,,MONTEREY,UNINCORPORATED,-121.72844391,36.477025060000003
6616084,2014,2014-09-29,9730,2014-08-18,2035,014800,,1,2,9,2700,0,3,5,,2,007,"CASTROVILLE BL","ELKHORN RD",1056.00,E,N,A,-,N,,,,,,,,,,Y,2,0,1,1,A,-,01,23152,A,N,E,I,A,A,H,-,D,D,0,,,,,Y,Y,D,22,1,0,0,0,0,0,0,0,0,"- ","- ",,,MONTEREY,UNINCORPORATED,-121.71686002,36.795074769999999
6636916,2014,2014-10-29,9735,2014-09-07,0205,019894,,7,3,9,2700,0,3,5,,2,004,"CHOLAME RD","PARKFIELD CEMETERY RD",16896.00,S,N,A,-,N,,,,,,,,,,Y,2,0,1,1,C,-,18,,,N,A,H,A,A,H,-,D,D,0,,,Y,,Y,,-,"- ",1,0,0,0,0,0,0,0,1,"- ","- ",35.840649999999997,-120.30110000000001,MONTEREY,UNINCORPORATED,-120.3810491,35.840703150000003
6642316,2014,2016-05-09,9730,2014-09-14,0225,019127,,7,3,6,2708,0,1,2,,1,050,"RT 101","NORTH MAIN ST",300.00,N,N,A,-,Y,MON,5,101,-,R,88.460,R,2,N,Y,2,0,1,1,A,-,01,23152,A,N,F,A,A,A,H,-,C,D,1,,,Y,,Y,Y,C,02,1,0,0,0,0,0,0,0,1,"- ","- ",36.688099999999999,-121.65282999999999,MONTEREY,SALINAS,-121.65557233,36.688860499999997
6645005,2014,2016-05-02,9730,2014-08-27,0730,18350,,3,1,4,2710,0,1,3,,2,062,"RT 1","FREMONT BL",3168.00,N,N,A,-,Y,MON,5,1,-,R,81.350,H,-,S,Y,2,0,2,4,A,-,08,22107,,N,C,C,A,A,H,-,A,D,1,,,Y,,Y,,C,02,1,1,0,0,0,0,0,0,2,"- ","- ",36.635260000000002,-121.8318,MONTEREY,SEASIDE,-121.83425201,36.6327262
6683513,2014,2015-01-23,9735,2014-10-15,0805,016696,,3,1,9,2700,0,1,2,,1,041,"RT 101","HOBSON AV",0.00,,Y,-,-,Y,,,101,,,,,,,Y,2,0,1,2,A,-,03,22350,,N,C,C,A,-,-,-,-,D,0,,,,Y,Y,,D,22,1,0,0,0,0,0,0,0,0,"- ","- ",36.276110000000003,-121.18525,MONTEREY,UNINCORPORATED,-121.18534737,36.276045230000001
6690948,2014,2015-01-23,9735,2014-10-21,1800,19263,,2,2,9,2700,0,3,5,,2,001,"ARROYO SECO RD","SYCAMORE FLATS RD",2112.00,E,N,A,-,N,,,,,,,,,,Y,2,0,1,1,A,-,08,22107,,N,F,A,A,A,H,-,A,D,0,,,Y,,Y,,C,02,1,0,0,0,0,0,0,0,1,"- ","- ",36.267539999999997,-121.37782,MONTEREY,UNINCORPORATED,-121.38195331999999,36.269555629999999
6690960,2014,2014-12-30,9735,2014-10-19,1827,19330,,7,2,9,2700,0,3,5,,2,003,"METZ RD","SPRECKELS RD",3696.00,S,N,A,-,N,,,,,,,,,,Y,2,0,1,1,A,-,01,23152,A,N,F,A,A,A,H,-,A,D,0,,,,,Y,Y,A,01,1,0,0,0,0,0,0,0,0,"- ","- ",36.258600000000001,-121.13949,MONTEREY,UNINCORPORATED,-121.1403073,36.259395140000002
6718153,2014,2015-12-18,9730,2014-09-25,2500,19934,,4,4,9,2700,0,1,3,,1,014,"RT 1","COAST RD",7392.00,S,N,A,-,Y,MON,5,1,-,-,49.760,H,-,S,Y,1,1,0,1,A,-,08,22107,,N,E,I,A,A,H,-,D,D,0,,,,,Y,Y,A,01,0,0,0,0,0,0,0,0,0,"- ","- ",36.275449999999999,-121.82341,MONTEREY,UNINCORPORATED,-121.82491214,36.275996509999999
6718608,2017,2019-04-08,2708,2017-12-10,1735,16258,SALIN,7,5,6,2708,0,0,0,,0,005,"EAST LAUREL DR","TERRA DR",0.00,,Y,A,-,N,,,,,,,,,,N,1,1,0,2,A,-,10,21950,A,N,G,B,B,A,H,-,C,D,0,Y,,,,Y,,A,01,0,0,0,1,0,0,0,0,0,"- ","- ",,,MONTEREY,SALINAS,-121.64881986,36.698650100000002
6720323,2014,2014-12-24,2708,2014-10-26,0803,23293,,7,5,6,2708,0,0,0,,0,002,"CHEROKEE DR","TULANE ST",66.00,N,N,A,-,N,,,,,,,,,,N,2,0,1,3,A,-,11,21950,B,N,G,B,E,A,H,-,A,D,0,Y,,,,Y,,N,60,1,0,0,0,1,0,0,0,0,"- ","- ",,,MONTEREY,SALINAS,-121.66404086,36.700598309999997
6732765,2014,2015-01-20,2707,2014-11-08,1023,2011,2707,6,5,3,2707,0,0,0,,0,002,"GRAND AV","LAUREL AV",0.00,N,N,A,-,N,,,,,,,,,,N,2,0,1,2,A,-,17,22517,,N,H,E,A,A,H,-,A,D,0,,Y,,,Y,,A,01,1,0,0,0,0,0,1,0,0,"- ","- ",,,MONTEREY,"PACIFIC GROVE",-121.91771989999999,36.61962012
6746145,2014,2015-12-03,2708,2014-09-25,1233,52823,,4,5,6,2708,0,0,0,,0,,"NORTH SANBORN RD","MADEIRA AV",0.00,,Y,A,-,N,,,,,,,,,,Y,2,0,1,2,A,-,12,21453,A,N,A,C,A,A,H,-,A,A,0,,,,,Y,,-,,1,0,0,0,0,0,0,0,0,"- ","- ",,,MONTEREY,SALINAS,-121.62214991,36.682260049999996
6781304,2015,2016-10-19,9730,2015-01-04,0635,018920,,7,1,9,2700,0,1,2,,1,070,"RT 101","SAN MIGUEL CANYON RD",528.00,N,N,A,-,Y,MON,5,101,-,-,96.240,H,-,S,Y,2,0,2,1,A,-,01,23152,A,N,E,I,A,A,H,-,D,D,5,,,,,Y,Y,A,01,1,1,0,0,0,0,0,0,0,"- ","- ",36.801049999999996,-121.6622,MONTEREY,UNINCORPORATED,-121.66362104,36.800031009999998
6801539,2015,2016-10-03,9730,2015-01-16,1906,018966,,5,2,9,2700,0,1,3,,1,068,"RT 68","TORERO DR",0.00,,Y,A,-,Y,MON,5,68,-,-,14.690,I,5,W,Y,2,0,2,2,A,-,17,24250,,N,A,C,A,A,H,-,C,D,0,,,,,Y,,D,22,1,1,0,0,0,0,0,0,0,"- ","- ",36.593580000000003,-121.70448,MONTEREY,UNINCORPORATED,-121.70464774,36.593525829999997
6854446,2014,2016-01-13,9730,2014-10-29,2359,18946,,3,3,9,2700,0,1,3,,1,068,"RT 68","CORRAL DE TIERRA RD",6336.00,W,N,A,-,Y,MON,5,68,-,-,11.750,H,-,E,Y,1,1,0,3,A,-,01,23152,E,F,G,B,E,A,D,-,C,A,0,Y,,,,Y,,A,01,0,0,0,1,0,0,0,0,0,"- ","- ",36.572119999999998,-121.74173999999999,MONTEREY,UNINCORPORATED,-121.74633566999999,36.571093519999998
6854478,2014,2015-05-28,9730,2014-12-20,0340,19700,,6,3,9,2700,0,1,3,,1,074,"RT 1","MOLERA RD",1584.00,N,N,B,C,Y,MON,5,1,-,-,94.700,H,-,N,Y,1,1,0,1,A,-,01,23152,A,N,E,I,A,B,H,-,D,D,0,,,,,Y,Y,A,01,0,0,0,0,0,0,0,0,0,"- ","- ",36.784140000000001,-121.78093,MONTEREY,UNINCORPORATED,-121.78076012,36.784101399999997
6854733,2015,2017-05-09,9730,2015-06-02,1802,19127,SA,2,2,9,2700,0,2,4,,1,073,"SAN MIGUEL CANYON RD","STRONG CIR",45.00,N,N,A,-,N,,,,,,,,,,Y,1,1,2,3,A,-,08,22107,,N,B,C,A,A,H,-,A,D,0,,,,Y,Y,,A,08,0,1,1,0,0,0,0,0,0,"- ","- ",36.832189999999997,-121.67946999999999,MONTEREY,UNINCORPORATED,-121.68310855,36.83658432
6854773,2015,2015-10-08,9730,2015-06-28,2337,20598,,7,3,9,2700,0,1,3,,1,072,"RT 156","MERIDIAN RD",2112.00,E,N,A,-,Y,MON,5,156,-,T,4.970,H,-,E,Y,1,1,0,1,A,-,01,23152,F,N,E,I,A,A,H,-,D,D,0,,,,,Y,Y,A,01,0,0,0,0,0,0,0,0,0,"- ","- ",36.784739999999999,-121.68805999999999,MONTEREY,UNINCORPORATED,-121.67186116000001,36.788797090000003
6856277,2015,2015-03-25,2708,2015-02-18,2038,06235,,3,5,6,2708,0,0,0,,0,007,"WEST MARKET ST","HAPP PL",0.00,,Y,A,-,N,,,,,,,,,,Y,2,0,2,2,A,-,09,21801,A,N,A,C,A,A,H,-,C,D,0,,,,,Y,,-,,1,0,1,0,0,0,0,0,0,"- ","- ",,,MONTEREY,SALINAS,-121.66002989,36.679100060000003
6856888,2014,2015-04-21,2710,2014-09-24,1631,3U127,,3,5,4,2710,0,0,0,,0,,"DEL MONTE AV","PALM AV",56.00,N,N,A,-,N,,,,,,,,,,N,2,0,1,3,A,-,06,21750,,F,G,G,A,A,H,-,A,D,0,,Y,,,Y,,-,,1,0,0,0,0,0,1,0,0,"- ","- ",,,MONTEREY,SEASIDE,-121.80356279999999,36.683571489999999
6858936,2015,2016-02-17,2708,2015-01-11,1624,18925,,7,5,6,2708,0,0,0,,0,005,"EAST LAUREL DR","LINWOOD DR",450.00,E,N,A,-,N,,,,,,,,,,Y,2,0,1,3,A,-,07,21658,A,N,D,C,A,A,H,-,A,D,0,,,,,Y,,-,,1,0,0,0,0,0,0,0,0,"- ","- ",,,MONTEREY,SALINAS,-121.6425746,36.697238339999998
6876784,2014,2015-04-23,2710,2014-10-28,1722,38145,,2,5,4,2710,0,0,0,,0,002,"FREMONT BL","PLAYA AV",0.00,,Y,A,-,N,,,,,,,,,,N,2,0,1,2,A,-,10,21950,A,N,G,B,B,A,-,-,A,A,0,Y,,,,Y,,-,,1,0,0,0,1,0,0,0,0,"- ","- ",,,MONTEREY,SEASIDE,-121.84116993000001,36.61800006
6905010,2015,2015-10-01,9730,2015-04-18,1322,19837,,6,1,9,2700,0,2,4,,1,075,"SAN JUAN RD","SUMMERLAND RD",605.00,W,N,A,-,N,,,,,,,,,,Y,1,1,3,2,A,-,03,22350,,N,C,C,A,A,H,-,A,D,0,,,,,Y,,A,07,0,2,1,0,0,0,0,0,0,"- ","- ",36.862549999999999,-121.66195,MONTEREY,UNINCORPORATED,-121.6619429,36.862545750000002
6905703,2015,2017-04-04,9735,2015-04-11,2302,20057,,6,3,9,2700,0,1,2,,1,040,"RT 101","HUDSON RD",885.00,N,N,A,-,Y,MON,5,101,-,-,56.110,H,-,N,Y,1,1,0,2,A,-,11,21954,A,N,G,B,E,A,H,-,C,D,4,Y,,,,Y,Y,N,60,0,0,0,1,0,0,0,0,0,"- ","- ",36.354770000000002,-121.26939,MONTEREY,UNINCORPORATED,-121.26938893000001,36.354688039999999
6905707,2015,2015-08-04,9730,2015-04-24,1648,19635,,5,2,9,2700,0,3,5,,2,002,"LAURELES GRADE RD","MIRAMONTE RD",792.00,S,N,A,-,N,,,,,,,,,,Y,1,1,3,2,A,-,05,21460,A,N,A,C,A,A,H,-,A,D,0,,,,,Y,,A,08,2,1,0,0,0,0,0,0,0,"- ","- ",36.505319999999998,-121.75233,MONTEREY,UNINCORPORATED,-121.75238,36.505259119999998
6913491,2015,2015-05-22,9730,2015-04-20,0130,020233,,1,3,9,2700,0,3,5,,2,006,"ESPINOSA RD","CHRISTENSEN RD",2640.00,W,N,B,-,N,,,,,,,,,,Y,2,0,2,1,A,-,08,22107,,N,F,I,A,A,H,-,D,D,0,,,,,Y,,A,01,1,1,0,0,0,0,0,0,0,"- ","- ",36.737670000000001,-121.66755000000001,MONTEREY,UNINCORPORATED,-121.66679133,36.737424339999997
6916637,2015,2015-05-28,2708,2015-04-12,0113,56473,,7,5,6,2708,0,0,0,,0,007,"CAPITOL ST","W GABILAN ST",0.00,,Y,A,-,N,,,,,,,,,,Y,2,0,1,1,A,-,01,23152,A,N,E,I,A,A,H,-,C,D,0,,,,,Y,Y,-,,1,0,0,0,0,0,0,0,0,"- ","- ",,,MONTEREY,SALINAS,-121.66046996999999,36.674900100000002
6927043,2015,2016-11-03,2706,2015-04-28,1606,148,2706,2,5,4,2706,0,0,0,,0,003,"RT 68","CANYON DEL REY BL",2640.00,W,N,A,-,Y,MON,5,68,-,-,6.310,H,-,E,Y,2,0,3,2,A,-,05,21650,,N,A,C,A,A,H,-,A,D,0,,,,,Y,,A,01,2,1,0,0,0,0,0,0,0,"- ","- ",,,MONTEREY,MONTEREY,-121.83716432999999,36.580855620000001