CASE_ID,ACCIDENT_YEAR,PROC_DATE,JURIS,COLLISION_DATE,COLLISION_TIME,OFFICER_ID,REPORTING_DISTRICT,DAY_OF_WEEK,CHP_SHIFT,POPULATION,CNTY_CITY_LOC,SPECIAL_COND,BEAT_TYPE,CHP_BEAT_TYPE,CITY_DIVISION_LAPD,CHP_BEAT_CLASS,BEAT_NUMBER,PRIMARY_RD,SECONDARY_RD,DISTANCE,DIRECTION,INTERSECTION,WEATHER_1,WEATHER_2,STATE_HWY_IND,CALTRANS_COUNTY,CALTRANS_DISTRICT,STATE_ROUTE,ROUTE_SUFFIX,POSTMILE_PREFIX,POSTMILE,LOCATION_TYPE,RAMP_INTERSECTION,SIDE_OF_HWY,TOW_AWAY,COLLISION_SEVERITY,NUMBER_KILLED,NUMBER_INJURED,PARTY_COUNT,PRIMARY_COLL_FACTOR,PCF_CODE_OF_VIOL,PCF_VIOL_CATEGORY,PCF_VIOLATION,PCF_VIOL_SUBSECTION,HIT_AND_RUN,TYPE_OF_COLLISION,MVIW,PED_ACTION,ROAD_SURFACE,ROAD_COND_1,ROAD_COND_2,LIGHTING,CONTROL_DEVICE,CHP_ROAD_TYPE,PEDESTRIAN_ACCIDENT,BICYCLE_ACCIDENT,MOTORCYCLE_ACCIDENT,TRUCK_ACCIDENT,NOT_PRIVATE_PROPERTY,ALCOHOL_INVOLVED,STWD_VEHTYPE_AT_FAULT,CHP_VEHTYPE_AT_FAULT,COUNT_SEVERE_INJ,COUNT_VISIBLE_INJ,COUNT_COMPLAINT_PAIN,COUNT_PED_KILLED,COUNT_PED_INJURED,COUNT_BICYCLIST_KILLED,COUNT_BICYCLIST_INJURED,COUNT_MC_KILLED,COUNT_MC_INJURED,PRIMARY_RAMP,SECONDARY_RAMP,LATITUDE,LONGITUDE,COUNTY,CITY,POINT_X,POINT_Y
6933957,2015,2016-09-29,9730,2015-05-05,1550,19569,,2,2,9,2700,0,1,3,,1,012,"RT 1",GORDA,19008.00,S,N,A,-,Y,MON,5,1,-,-,6.300,H,-,N,Y,2,0,1,1,A,-,08,22107,,N,E,I,A,A,H,-,A,D,0,,,,,Y,,A,01,1,0,0,0,0,0,0,0,0,"- ","- ",,,MONTEREY,UNINCORPORATED,-121.40105158999999,35.840578440000002
6947982,2015,2016-06-14,9735,2015-05-30,0945,17257,,6,1,9,2700,0,1,2,,1,040,"WALNUT AV","13TH ST",0.00,,Y,A,-,N,,,,,,,,,,Y,2,0,3,2,A,-,09,21802,A,N,D,C,A,A,H,-,A,A,0,,,,,Y,,A,01,1,2,0,0,0,0,0,0,0,"- ","- ",36.318739999999998,-121.26293,MONTEREY,UNINCORPORATED,-121.26323986,36.318560099999999
6975545,2015,2017-01-04,9735,2015-06-12,1315,020057,,5,1,9,2700,0,1,2,,2,042,"RT 101","RT 198",0.00,,Y,A,-,Y,MON,5,101,-,R,32.020,H,-,N,Y,2,0,2,1,A,-,08,22107,,N,F,A,A,A,H,-,A,D,3,,,,,Y,,A,01,1,0,1,0,0,0,0,0,0,"- ","- ",36.122030000000002,-121.02338,MONTEREY,UNINCORPORATED,-121.02331026,36.122216299999998
6999269,2015,2015-07-27,2706,2015-06-21,1552,320,MPD,7,5,4,2706,0,0,0,,0,003,"DEL MONTE AV","SLOAT AV",0.00,,Y,A,-,N,,,,,,,,,,Y,2,0,1,1,B,-,22,,,N,A,I,A,A,H,-,A,A,0,,,,,Y,,D,22,1,0,0,0,0,0,0,0,0,"- ","- ",,,MONTEREY,MONTEREY,-121.87887996000001,36.599860020000001
7006329,2015,2015-12-14,9730,2015-07-31,0556,17502,,5,3,9,2700,0,1,3,,1,068,"RT 68","FOSTER RD",199.00,E,N,B,-,Y,MON,5,68,-,T,18.420,H,-,E,Y,1,2,1,2,A,-,08,22107,,N,D,C,A,A,H,-,A,D,0,,,,,Y,,A,01,1,0,0,0,0,0,0,0,0,"- ","- ",,,MONTEREY,UNINCORPORATED,-121.66720103,36.636687870000003
7006373,2015,2017-03-30,9730,2015-04-24,1750,20391,,5,2,9,2700,0,3,5,,2,007,"CASTROVILLE BL","ELKHORN RD",1056.00,E,N,A,-,N,,,,,,,,,,Y,1,1,1,2,A,-,08,22107,,N,A,C,A,A,H,-,A,D,0,,,,,Y,,A,01,1,0,0,0,0,0,0,0,0,"- ","- ",36.795119999999997,-121.71747999999999,MONTEREY,UNINCORPORATED,-121.71686002,36.795074769999999
7011424,2015,2015-09-29,2708,2015-08-07,1921,30433,,5,5,6,2708,0,0,0,,0,012,"EAST MARKET ST","TOWT ST",0.00,,Y,A,-,N,,,,,,,,,,Y,2,0,4,3,A,-,12,22450,A,N,D,C,A,A,H,-,A,D,0,,,,,Y,,A,01,1,1,2,0,0,0,0,0,0,"- ","- ",,,MONTEREY,SALINAS,-121.62160987,36.676710030000002
7022234,2015,2015-08-22,9730,2015-07-18,2040,20233,,6,2,9,2700,0,3,5,,2,007,"SAN MIGUEL CANYON RD","LEWIS RD",1056.00,S,N,B,-,N,,,,,,,,,,Y,2,0,1,1,A,-,01,23152,A,F,F,I,A,A,H,-,D,D,0,,,,,Y,Y,A,01,1,0,0,0,0,0,0,0,0,"- ","- ",36.660820000000001,-121.68035,MONTEREY,UNINCORPORATED,-121.6885743,36.874882980000002
7119942,2015,2015-11-23,2708,2015-08-19,2042,16301,,3,5,6,2708,0,0,0,,0,,"NORTH SANBORN RD","FREEDOM PKWY",0.00,,Y,B,-,N,,,,,,,,,,Y,2,0,5,3,A,-,09,21801,A,N,A,C,A,A,H,-,C,A,0,,,,,Y,,-,,3,1,1,0,0,0,0,0,0,"- ","- ",,,MONTEREY,SALINAS,-121.60134986,36.692130040000002
7119950,2015,2015-11-23,2708,2015-08-18,1711,56682,SALIN,2,5,6,2708,0,0,0,,0,010,ABBOTT,JOHN,0.00,,Y,A,-,N,,,,,,,,,,Y,2,0,4,4,A,-,12,21453,A,N,A,C,A,A,H,-,A,A,0,,,,,Y,,A,01,1,0,3,0,0,0,0,0,0,"- ","- ",,,MONTEREY,SALINAS,-121.64686989,36.669430009999999
7190610,2016,2018-09-27,2708,2016-10-25,1046,06240,,2,5,6,2708,0,0,0,,0,001,"NORTH MAIN ST","HARDEN PKWY",0.00,,Y,A,-,N,,,,,,,,,,Y,1,1,1,2,A,-,12,21453,A,F,G,B,B,A,H,-,A,A,0,Y,,,,Y,,-,,0,1,0,1,0,0,0,0,0,"- ","- ",,,MONTEREY,SALINAS,-121.65452995,36.713290010000001
7190644,2016,2018-09-27,2708,2016-01-21,1916,76997,2708,4,5,6,2708,0,0,0,,0,004,"CONSTITUTION BL","EAST LAUREL DR",0.00,,Y,A,-,N,,,,,,,,,,Y,1,1,0,1,A,-,01,23152,A,N,E,I,A,A,H,-,C,A,0,,,,,Y,Y,-,,0,0,0,0,0,0,0,0,0,"- ","- ",,,MONTEREY,SALINAS,-121.63230994,36.694490109999997
7192252,2014,2016-03-02,2702,2014-05-03,1839,6838,MONTE,6,5,1,2702,0,0,0,,0,003,"MONTEREY SALINAS HWY","STONE CREEK",44.00,E,N,A,-,Y,,,,,,,,,,Y,2,0,1,2,A,-,06,21755,,N,D,C,A,A,H,-,A,D,0,,,,,Y,,-,,1,0,0,0,0,0,0,0,0,"- ","- ",,,MONTEREY,"DEL REY OAKS",,
7199669,2016,2016-07-18,2710,2016-01-14,1627,33762,,4,5,4,2710,0,0,0,,0,01B,"KIMBALL AV","HIGHLAND ST",0.00,,Y,A,-,N,,,,,,,,,,Y,1,1,0,2,A,-,03,22350,,N,D,C,A,A,C,-,A,D,0,,,Y,,Y,,C,02,0,0,0,0,0,0,0,1,0,"- ","- ",,,MONTEREY,SEASIDE,-121.83199992999999,36.59943011
7200129,2017,2019-04-08,2708,2017-03-05,2307,74764,,7,5,6,2708,0,0,0,,0,,"WEST BLANCO RD","LOS OLIVOS DR",205.00,W,N,B,-,N,,,,,,,,,,Y,1,1,0,1,A,-,00,22360,,N,E,I,A,B,H,-,D,D,0,,,,,Y,Y,A,07,0,0,0,0,0,0,0,0,0,"- ","- ",36.661520000000003,-121.66952000000001,MONTEREY,SALINAS,-121.66939297,36.661399029999998
8022050,2016,2016-04-20,2708,2016-03-31,1551,30433,MONTE,4,5,6,2708,0,0,0,,0,,"NATIVIDAD RD",CHAPARRAL,0.00,,Y,A,-,N,,,,,,,,,,Y,2,0,4,3,A,-,12,21453,A,N,D,C,A,A,H,-,A,A,0,,,,,Y,,A,01,1,1,2,0,0,0,0,0,0,"- ","- ",,,MONTEREY,SALINAS,-121.63451990999999,36.700130029999997
8022375,2016,2016-04-20,2708,2016-02-29,1630,19735,SPD,1,5,6,2708,0,0,0,,0,010,"EAST MARKET ST","CARR AV",20.00,W,N,A,-,N,,,,,,,,,,Y,2,0,3,2,A,-,03,22350,,N,C,C,A,A,H,-,A,D,0,,,,,Y,,A,01,1,0,2,0,0,0,0,0,0,"- ","- ",,,MONTEREY,SALINAS,-121.63555762,36.676927229999997
8030201,2016,2016-08-24,2712,2016-03-30,1824,2712,2712,3,5,3,2712,0,0,0,,0,001,"RESERVATION RD","CRESTVIEW CT",13.00,W,N,A,-,N,,,,,,,,,,N,2,0,1,2,A,-,09,21801,A,N,D,G,A,A,H,-,A,D,0,,Y,,,Y,,A,01,1,0,0,0,0,0,1,0,0,"- ","- ",,,MONTEREY,MARINA,-121.7861781,36.681228269999998
8039115,2016,2016-05-18,2708,2016-03-31,1519,92537,,4,5,6,2708,0,0,0,,0,004,"CONSTITUTION BL","EAST LAUREL DR",2640.00,N,N,A,-,N,,,,,,,,,,Y,2,0,2,1,A,-,07,21658,A,N,E,I,A,A,H,-,A,-,0,,,,,Y,,D,22,2,0,0,0,0,0,0,0,0,"- ","- ",,,MONTEREY,SALINAS,-121.62538929999999,36.699028769999998
8040787,2016,2016-05-19,2708,2016-04-08,2055,12507,,5,5,6,2708,0,0,0,,0,001,"W BORONDA RD","NORTH MAIN ST",0.00,,Y,C,-,N,,,,,,,,,,N,2,0,1,2,A,-,10,21950,A,N,G,B,B,B,H,-,C,A,0,Y,,,,Y,,-,,1,0,0,0,1,0,0,0,0,"- ","- ",,,MONTEREY,SALINAS,-121.65622992,36.721620110000003
8040792,2016,2016-05-19,2708,2016-04-15,2143,74426,,5,5,6,2708,0,0,0,,0,007,"SOUTH MAIN ST","HARVEST ST",0.00,,Y,A,-,N,,,,,,,,,,N,2,0,1,2,A,-,10,21950,A,N,G,B,B,A,H,-,C,A,0,Y,,,,Y,Y,-,,1,0,0,0,1,0,0,0,0,"- ","- ",,,MONTEREY,SALINAS,-121.65532999,36.669350100000003
8040796,2016,2016-05-19,2708,2016-04-29,2153,19735,SPD,5,5,6,2708,0,0,0,,0,006,"WEST LAUREL DR","NORTH DAVIS RD",204.00,E,N,A,-,N,,,,,,,,,,Y,2,0,1,1,C,-,18,,,N,F,I,A,A,H,-,C,A,0,,,,,Y,,-,"- ",1,0,0,0,0,0,0,0,0,"- ","- ",,,MONTEREY,SALINAS,-121.66739585000001,36.697870559999998
8067528,2016,2016-08-02,2710,2016-03-12,2356,40391,MARIN,6,5,4,2710,0,0,0,,0,,"KIMBALL AV","DOUGLAS CT",0.00,,Y,A,-,N,,,,,,,,,,Y,2,0,1,2,A,-,05,21650,,N,A,C,A,B,H,-,C,A,0,,,Y,,Y,,C,02,1,0,0,0,0,0,0,0,1,"- ","- ",,,MONTEREY,SEASIDE,-121.83602996,36.599480069999998
8093336,2016,2016-07-29,2708,2016-06-16,1827,19973,,4,5,6,2708,0,0,0,,0,,"EAST BORONDA RD","MCKINNON ST",25.00,E,N,A,-,N,,,,,,,,,,Y,2,0,1,2,A,-,03,22350,,N,C,C,A,A,H,-,A,D,0,,,,,Y,,A,01,1,0,0,0,0,0,0,0,0,"- ","- ",,,MONTEREY,SALINAS,-121.64357646000001,36.717056079999999
8094202,2016,2016-08-01,2708,2016-05-04,0457,42636,,3,5,6,2708,0,0,0,,0,010,"EAST ALISAL ST","HOLADAY AV",32.00,W,N,A,-,N,,,,,,,,,,N,2,0,1,2,A,-,11,21954,A,N,G,B,D,A,H,-,C,A,0,Y,,,,Y,,N,60,1,0,0,0,1,0,0,0,0,"- ","- ",,,MONTEREY,SALINAS,-121.62910828,36.673060990000003
8106491,2016,2016-10-13,2708,2016-07-16,2042,04125,,6,5,6,2708,0,0,0,,0,001,"SAN JUAN GRADE RD",".8 MILE MARKER ON SAN JUAN GRADE",15.00,N,N,A,-,N,,,,,,,,,,Y,2,0,2,2,A,-,01,23153,A,F,A,-,A,A,H,-,B,D,0,,,,,Y,,-,,1,0,1,0,0,0,0,0,0,"- ","- ",,,MONTEREY,SALINAS,,
8118594,2016,2016-11-29,2711,2016-08-08,1508,3649,2711,1,5,3,2711,0,0,0,,0,002,"FRONT ST","EAST ST",10.00,N,N,A,-,N,,,,,,,,,,N,2,0,1,2,D,-,00,,,N,G,A,A,A,H,-,A,A,0,,Y,,Y,Y,,-,"- ",1,0,0,0,0,0,1,0,0,"- ","- ",,,MONTEREY,SOLEDAD,-121.32619247,36.424908119999998
8157946,2016,2016-11-03,2704,2016-09-15,1652,7178,,4,5,3,2704,0,0,0,,0,006,"3RD ST","OAK AV",1000.00,N,N,A,-,N,,,,,,,,,,N,2,0,1,2,A,-,09,21804,A,N,G,G,A,A,H,-,A,D,0,,Y,,,Y,,L,04,1,0,0,0,0,0,1,0,0,"- ","- ",,,MONTEREY,GREENFIELD,-121.23609080999999,36.328259359999997
8165661,2016,2016-11-14,2708,2016-09-12,1948,78725,2708,1,5,6,2708,0,0,0,,0,004,"CONSTITUTION BL","EAST LAUREL DR",401.00,N,N,A,-,N,,,,,,,,,,N,2,0,1,2,A,-,11,21954,A,N,G,B,D,A,H,-,C,D,0,Y,,,,Y,,N,60,1,0,0,0,1,0,0,0,0,"- ","- ",,,MONTEREY,SALINAS,-121.63138775,36.695302249999997
8166751,2016,2018-09-27,2708,2016-08-23,1157,35838,,2,5,6,2708,0,0,0,,0,010,"EAST LAUREL DR","ST EDWARDS AV",0.00,,Y,A,-,N,,,,,,,,,,Y,1,1,1,2,A,-,01,23152,E,N,-,C,A,A,H,-,A,D,0,,,,,Y,,-,,0,1,0,0,0,0,0,0,0,"- ","- ",,,MONTEREY,SALINAS,-121.62309998000001,36.686330009999999
8166771,2016,2017-03-30,2708,2016-01-25,2117,58964,SPD,1,5,6,2708,0,0,0,,0,,"NORTH MAIN ST","HARDEN PKWY",522.00,S,N,A,-,N,,,,,,,,,,N,1,1,0,2,A,-,11,21954,A,N,G,B,D,A,H,-,C,D,0,Y,,,,Y,,N,60,0,0,0,1,0,0,0,0,0,"- ","- ",,,MONTEREY,SALINAS,-121.65425553999999,36.711873220000001
8167178,2018,2018-06-05,2708,2018-02-18,1216,58964,,7,5,6,2708,0,0,0,,0,,"SAN JUAN GRADE RD","VAN BUREN",0.00,,Y,A,-,N,,,,,,,,,,Y,1,1,0,2,A,-,09,21801,A,N,D,C,A,A,H,-,A,D,0,,,Y,,Y,,A,01,0,0,0,0,0,0,0,1,0,"- ","- ",,,MONTEREY,SALINAS,-121.64658355712891,36.723850250244141
8168058,2019,2020-01-08,2708,2019-07-27,1227,19943,,6,5,6,2708,0,0,0,,0,007,"RT 68","STEPHANIE DR",383.00,N,N,A,-,Y,MON,5,68,-,-,19.920,H,-,E,Y,2,0,2,6,A,-,08,22107,,N,D,E,A,A,H,-,A,D,0,,,,,Y,Y,A,01,2,0,0,0,0,0,0,0,0,"- ","- ",,,MONTEREY,SALINAS,-121.66043853759766,36.654819488525391
8168208,2017,2018-05-19,2711,2017-07-28,0536,00894,2711,5,5,3,2711,0,0,0,,0,001,"SAN VICENTE RD","FRONT ST",0.00,,Y,E,-,N,,,,,,,,,,N,1,1,0,2,A,-,03,22350,,F,G,B,D,A,D,-,C,D,0,Y,,,,Y,,D,22,0,0,0,1,0,0,0,0,0,"- ","- ",,,MONTEREY,SOLEDAD,-121.33375986999999,36.429699999999997
81767859,2021,2022-05-09,2708,2021-06-28,2133,73315,,1,5,6,2708,0,0,0,,0,009,"WORK ST","ELVEE CIR",0.00,,Y,A,-,N,,,,,,,,,,N,2,0,1,2,A,-,05,21650,1,N,D,G,A,A,H,-,C,D,0,,Y,,,Y,,L,04,1,0,0,0,0,0,1,0,0,"- ","- ",,,MONTEREY,SALINAS,-121.63571166992188,36.664722442626953
81767889,2022,2022-05-09,2708,2022-03-19,1708,71633,,6,5,6,2708,0,0,0,,0,008,"MONTEREY ST","E ALISAL ST",45.00,N,N,A,-,N,,,,,,,,,,N,2,0,2,3,A,-,01,23152,A,N,C,C,A,A,H,-,A,A,0,,,,,Y,Y,A,01,1,1,0,0,0,0,0,0,0,"- ","- ",,,MONTEREY,SALINAS,-121.65371704101562,36.674079895019531
81835740,2022,2022-08-09,2708,2022-07-13,0757,16258,SALIN,3,5,6,2708,0,0,0,,0,005,"NATIVIDAD RD","SORRENTINI DR",0.00,,Y,B,-,N,,,,,,,,,,N,2,0,1,2,A,-,07,21658,A,F,C,G,A,A,H,-,A,D,0,,Y,Y,,Y,,L,04,1,0,0,0,0,0,1,0,0,"- ","- ",,,MONTEREY,SALINAS,-121.64048767089844,36.6944580078125
8184628,2016,2016-12-14,2708,2016-11-25,0727,71633,SALIN,5,5,6,2708,0,0,0,,0,006,"WEST ROSSI ST","RICO ST",0.00,,Y,A,-,N,,,,,,,,,,Y,2,0,1,1,A,-,03,22350,A,N,E,I,A,A,H,-,A,A,0,,,,,Y,,-,,1,0,0,0,0,0,0,0,0,"- ","- ",,,MONTEREY,SALINAS,-121.66150992999999,36.683930099999998
81862846,2022,2022-09-13,2708,2022-08-28,2131,19003,,7,5,6,2708,0,0,0,,0,012,"LAUREL DR","SANBORN RD",199.00,E,N,A,-,N,,,,,,,,,,Y,2,0,3,4,A,-,01,23152,A,N,B,E,A,A,H,-,C,A,0,,,,,Y,Y,D,22,1,0,2,0,0,0,0,0,0,"- ","- ",,,MONTEREY,SALINAS,-121.62050628662109,36.682483673095703
81870438,2022,2022-09-22,2708,2022-09-05,1635,71633,SALIN,1,5,6,2708,0,0,0,,0,008,"EAST MARKET ST","S/B US 101 OFF RAMP",0.00,,Y,A,-,Y,,,,,,,,,,Y,2,0,2,2,A,-,01,23152,A,N,D,C,A,A,H,-,A,D,0,,,,,Y,,A,01,1,0,1,0,0,0,0,0,0,"- ","- ",,,MONTEREY,SALINAS,-121.64144134521484,36.677734375
81934701,2022,2022-12-06,2708,2022-11-17,2223,74125,,4,5,6,2708,0,0,0,,0,009,"SANBORN RD","PELLET AVE",100.00,W,N,A,-,N,,,,,,,,,,N,2,0,1,2,A,-,11,21954,A,F,G,B,E,A,H,-,C,A,0,Y,,,,Y,,N,60,1,0,0,0,1,0,0,0,0,"- ","- ",,,MONTEREY,SALINAS,-121.63220977783203,36.661762237548828
81948726,2022,2022-12-22,2708,2022-11-09,2019,229,SALIN,3,5,6,2708,0,0,0,,0,004,"NANTUCKET BLVD","DECLARATION ST",153.00,W,N,A,-,N,,,,,,,,,,Y,2,0,2,1,A,-,03,22350,,N,E,I,A,A,H,-,C,D,0,,,,,Y,,A,01,2,0,0,0,0,0,0,0,0,"- ","- ",,,MONTEREY,SALINAS,-121.60666656494141,36.707080841064453
81983679,2023,2023-02-01,2708,2023-01-01,1948,15945,,7,5,6,2708,0,0,0,,0,,"SHERWOOD DR","EAST MARKET ST",5.00,W,N,A,-,N,,,,,,,,,,N,2,0,1,2,A,-,10,21950,A,N,G,B,B,A,H,-,C,A,0,Y,,,Y,Y,,F,55,1,0,0,0,1,0,0,0,0,"- ","- ",,,MONTEREY,SALINAS,-121.65001678466797,36.678348541259766
81999481,2023,2023-02-22,2708,2023-01-30,1510,229,SALIN,1,5,6,2708,0,0,0,,0,011,"EAST BORONDA RD","RIDER AVE",0.00,W,Y,A,-,N,,,,,,,,,,N,2,0,1,2,A,-,08,22107,,N,D,C,A,A,H,-,A,A,0,,,,,Y,,A,01,1,0,0,0,0,0,0,0,0,"- ","- ",,,MONTEREY,SALINAS,-121.60016632080078,36.700199127197266
82086543,2023,2023-06-06,2708,2023-05-20,"136 ",51385,SALIN,6,5,6,2708,0,0,0,,0,011,"918 ACOSTA PLZ","DRIVEWAY ENTRANCE TO 918 ACOSTA PLAZA",6.00,W,N,A,-,N,,,,,,,,,,Y,2,0,2,3,A,-,01,23152,A,N,C,G,A,A,H,-,C,D,0,,,,,Y,Y,A,01,2,0,0,0,0,0,0,0,0,"- ","- ",,,MONTEREY,SALINAS,-121.61985015869141,36.683563232421875
82161943,2023,2023-09-05,2706,2023-08-28,1403,007,,1,5,4,2706,0,0,0,,0,,"ALVARADO ST","PEARL ST",121.00,N,N,A,-,N,,,,,,,,,,N,2,0,1,2,A,-,03,22350,,N,G,B,E,A,H,-,A,D,0,Y,,,,Y,,A,01,1,0,0,0,1,0,0,0,0,"- ","- ",36.597640991210938,-121.89508056640625,MONTEREY,MONTEREY,-121.89485168457031,36.598064422607422
82180355,2023,2023-09-27,2705,2023-07-23,1802,15,2705,7,5,3,2705,0,0,0,,0,002,"3RD ST","DIVISION ST",242.00,N,N,A,-,N,,,,,,,,,,N,2,0,2,2,A,-,09,21801,A,N,D,D,A,A,H,-,A,D,0,,,,,Y,Y,A,01,1,0,1,0,0,0,0,0,0,"- ","- ",,,MONTEREY,"KING CITY",-121.12361145019531,36.209522247314453
82180363,2023,2023-09-26,2705,2023-08-30,"744 ",19,2705,3,5,3,2705,0,0,0,,0,001,"COLLINS ST","N RUSS ST",6.00,E,N,A,-,N,,,,,,,,,,N,2,0,1,2,A,-,10,21950,A,F,G,B,B,A,H,-,A,A,0,Y,,,,Y,,D,22,1,0,0,0,1,0,0,0,0,"- ","- ",,,MONTEREY,"KING CITY",-121.13132476806641,36.214340209960938
82188343,2023,2023-10-03,2705,2023-09-20,1301,11,2705,3,5,3,2705,0,0,0,,0,001,"SAN ANTONIO DR","AMHERST DR",0.00,,Y,A,-,N,,,,,,,,,,Y,2,0,4,3,A,-,03,22350,,N,D,C,A,A,H,-,A,D,0,,,,,Y,,A,01,1,3,0,0,0,0,0,0,0,"- ","- ",,,MONTEREY,"KING CITY",-121.13919830322266,36.207378387451172
82259343,2023,2023-12-12,2708,2023-11-21,2118,15945,,2,5,6,2708,0,0,0,,0,,"WEST MARKET ST","LINCOLN AVE",150.00,E,N,A,-,Y,,,,,,,,,,N,2,0,1,2,A,-,11,21954,A,F,G,B,D,A,H,-,C,A,0,Y,,,,Y,,N,60,1,0,0,0,1,0,0,0,0,"- ","- ",,,MONTEREY,SALINAS,-121.65703582763672,36.678009033203125
82281285,2023,2024-01-08,2706,2023-12-15,1507,103,MONTE,5,5,4,2706,0,0,0,,0,001,"DAVID AVE","WAVE ST",106.00,E,N,A,-,N,,,,,,,,,,N,2,0,1,2,A,-,09,21803,A,N,D,G,A,A,H,-,A,A,0,,Y,,,Y,,L,04,1,0,0,0,0,0,1,0,0,"- ","- ",,,MONTEREY,MONTEREY,-121.90245819091797,36.617752075195312
82324873,2024,2024-02-28,2708,2024-02-11,2207,74137,2708,7,5,6,2708,0,0,0,,0,012,"NORTH SANBORN RD","EAST MARKET ST",45.00,E,N,A,-,N,,,,,,,,,,Y,2,0,4,1,A,-,01,23152,A,N,E,I,A,A,H,-,C,D,0,,,,,Y,Y,A,01,1,2,1,0,0,0,0,0,0,"- ","- ",,,MONTEREY,SALINAS,-121.62702178955078,36.676563262939453
82327144,2024,2024-03-01,2708,2024-01-29,1447,53260,,1,5,6,2708,0,0,0,,0,005,"NORTH MAIN ST","IRIS DR",896.00,N,N,A,-,N,,,,,,,,,,Y,2,0,1,2,A,-,07,21658,A,N,D,G,A,A,H,-,A,D,0,,Y,,Y,Y,,L,04,1,0,0,0,0,0,1,0,0,"- ","- ",,,MONTEREY,SALINAS,-121.65204620361328,36.695625305175781
82334255,2024,2024-03-11,2706,2024-02-29,2100,147,,4,5,4,2706,0,0,0,,0,002,"LINDA VISTA DR","LINDA VISTA PL",13.00,S,N,C,-,N,,,,,,,,,,Y,2,0,1,1,A,-,08,22107,,F,E,J,A,B,H,-,C,D,0,,,,,Y,,A,01,1,0,0,0,0,0,0,0,0,"- ","- ",36.583549499511719,-121.90912628173828,MONTEREY,MONTEREY,-121.90910339355469,36.583446502685547
82362681,2024,2024-04-15,2708,2024-03-27,2238,232,,3,5,6,2708,0,0,0,,0,010,"EAST MARKET ST","NORTH SANBORN RD",0.00,,Y,C,-,N,,,,,,,,,,Y,2,0,2,2,A,-,03,22350,,N,A,C,A,B,H,-,C,A,0,,,,,Y,,A,01,1,0,1,0,0,0,0,0,0,"- ","- ",,,MONTEREY,SALINAS,-121.62708282470703,36.676448822021484
82438760,2024,2024-07-15,2708,2024-06-07,"807 ",07904,,5,5,6,2708,0,0,0,,0,010,"N MADEIRA AVE","EAST MARKET ST",68.00,S,N,A,-,N,,,,,,,,,,N,2,0,1,2,A,-,21,22106,,N,C,G,A,A,H,-,A,D,0,,Y,,,Y,,A,01,1,0,0,0,0,0,1,0,0,"- ","- ",,,MONTEREY,SALINAS,-121.63800811767578,36.676994323730469
8285072,2016,2017-01-24,2708,2016-11-17,0748,13102,MUNIL,4,5,6,2708,0,0,0,,0,007,"CAPITOL ST","W ALISAL ST",0.00,,Y,A,-,N,,,,,,,,,,N,2,0,1,2,A,-,10,21950,A,F,G,B,B,A,H,-,A,D,0,Y,,,,Y,,-,,1,0,0,0,1,0,0,0,0,"- ","- ",,,MONTEREY,SALINAS,-121.66007989000001,36.67311007
8289879,2017,2017-02-02,2706,2017-01-14,1946,410,2706,6,5,4,2706,0,0,0,,0,003,"DEL MONTE AV","ENGLISH AV",0.00,,Y,A,-,N,,,,,,,,,,Y,2,0,3,3,A,-,07,21658,A,N,C,C,A,A,H,-,C,A,0,,,,,Y,,D,22,1,1,1,0,0,0,0,0,0,"- ","- ",,,MONTEREY,MONTEREY,-121.86071986,36.604820089999997
8364224,2017,2017-05-24,2708,2017-04-10,1746,56793,,1,5,6,2708,0,0,0,,0,011,"WILLIAMS RD","FREEDOM PKWY",600.00,N,N,A,-,N,,,,,,,,,,Y,2,0,1,1,A,-,08,22107,,N,E,I,A,A,H,-,A,D,0,,,,,Y,Y,-,,1,0,0,0,0,0,0,0,0,"- ","- ",,,MONTEREY,SALINAS,-121.59503002,36.686572869999999
8391402,2017,2017-06-21,2708,2017-05-19,2318,31977,,5,5,6,2708,0,0,0,,0,006,"CASENTINI ST","NORTH MAIN ST",1100.00,W,N,A,-,N,,,,,,,,,,Y,2,0,2,2,A,-,01,23152,A,N,A,C,A,A,H,-,C,D,0,,,,,Y,Y,-,,1,1,0,0,0,0,0,0,0,"- ","- ",,,MONTEREY,SALINAS,-121.65593781,36.685881709999997
8404775,2018,2018-06-09,2708,2018-04-12,1209,71633,SALIN,4,5,6,2708,0,0,0,,0,001,"ABBOTT ST","HARKINS RD",1700.00,S,N,A,-,N,,,,,,,,,,Y,1,1,3,2,A,-,08,22100,B,N,D,C,A,A,H,-,A,D,0,,,,,Y,,-,,2,1,0,0,0,0,0,0,0,"- ","- ",,,MONTEREY,SALINAS,-121.62166595458984,36.651222229003906
8404813,2018,2020-05-26,2708,2018-03-11,2148,25182,,7,5,6,2708,0,0,0,,0,002,"HARDEN PKWY","REGENCY CIR",30.00,E,N,A,-,N,,,,,,,,,,Y,1,1,1,3,A,-,03,22350,,N,B,C,A,A,H,-,C,D,0,,,,,Y,Y,-,,0,0,1,0,0,0,0,0,0,"- ","- ",,,MONTEREY,SALINAS,-121.64916229248047,36.713443756103516
8437360,2017,2017-09-27,2706,2017-09-06,1347,301,MPD,3,5,4,2706,0,0,0,,0,002,"CALLE PRINCIPAL","JEFFERSON ST",0.00,,Y,B,-,N,,,,,,,,,,N,2,0,1,2,A,-,10,21950,A,N,G,B,B,A,H,-,A,A,0,Y,,,,Y,,A,01,1,0,0,0,1,0,0,0,0,"- ","- ",,,MONTEREY,MONTEREY,-121.89588999,36.59819006
84387649,2024,2024-09-10,2706,2024-09-02,1407,395,,1,5,4,2706,0,0,0,,0,003,"DEL MONTE AVE","SLOAT AVE",586.00,E,N,A,-,N,,,,,,,,,,N,2,0,2,3,A,-,04,21703,,N,C,C,A,A,H,-,A,D,0,,,Y,,Y,,C,02,2,0,0,0,0,0,0,0,2,"- ","- ",36.599830627441406,-121.87889862060547,MONTEREY,MONTEREY,-121.87688446044922,36.599796295166016