CASE_ID,ACCIDENT_YEAR,PROC_DATE,JURIS,COLLISION_DATE,COLLISION_TIME,OFFICER_ID,REPORTING_DISTRICT,DAY_OF_WEEK,CHP_SHIFT,POPULATION,CNTY_CITY_LOC,SPECIAL_COND,BEAT_TYPE,CHP_BEAT_TYPE,CITY_DIVISION_LAPD,CHP_BEAT_CLASS,BEAT_NUMBER,PRIMARY_RD,SECONDARY_RD,DISTANCE,DIRECTION,INTERSECTION,WEATHER_1,WEATHER_2,STATE_HWY_IND,CALTRANS_COUNTY,CALTRANS_DISTRICT,STATE_ROUTE,ROUTE_SUFFIX,POSTMILE_PREFIX,POSTMILE,LOCATION_TYPE,RAMP_INTERSECTION,SIDE_OF_HWY,TOW_AWAY,COLLISION_SEVERITY,NUMBER_KILLED,NUMBER_INJURED,PARTY_COUNT,PRIMARY_COLL_FACTOR,PCF_CODE_OF_VIOL,PCF_VIOL_CATEGORY,PCF_VIOLATION,PCF_VIOL_SUBSECTION,HIT_AND_RUN,TYPE_OF_COLLISION,MVIW,PED_ACTION,ROAD_SURFACE,ROAD_COND_1,ROAD_COND_2,LIGHTING,CONTROL_DEVICE,CHP_ROAD_TYPE,PEDESTRIAN_ACCIDENT,BICYCLE_ACCIDENT,MOTORCYCLE_ACCIDENT,TRUCK_ACCIDENT,NOT_PRIVATE_PROPERTY,ALCOHOL_INVOLVED,STWD_VEHTYPE_AT_FAULT,CHP_VEHTYPE_AT_FAULT,COUNT_SEVERE_INJ,COUNT_VISIBLE_INJ,COUNT_COMPLAINT_PAIN,COUNT_PED_KILLED,COUNT_PED_INJURED,COUNT_BICYCLIST_KILLED,COUNT_BICYCLIST_INJURED,COUNT_MC_KILLED,COUNT_MC_INJURED,PRIMARY_RAMP,SECONDARY_RAMP,LATITUDE,LONGITUDE,COUNTY,CITY,POINT_X,POINT_Y
84389425,2024,2024-09-11,2708,2024-07-22,2041,240,,1,5,6,2708,0,0,0,,0,,"NORTH SANBORN RD","OREGON ST",0.00,,Y,A,-,N,,,,,,,,,,N,2,0,2,2,A,-,12,21453,A,N,D,C,A,A,H,-,C,A,0,,,,,Y,,A,01,2,0,0,0,0,0,0,0,0,"- ","- ",,,MONTEREY,SALINAS,-121.62214660644531,36.682262420654297
84394401,2024,2024-09-16,2708,2024-08-22,2038,04113,,4,5,6,2708,0,0,0,,0,001,"EAST BORONDA RD","SAN JUAN GRADE RD",0.00,,Y,A,-,N,,,,,,,,,,Y,2,0,3,3,A,-,01,23153,A,N,D,C,A,A,H,-,C,A,0,,,,,Y,Y,A,07,1,2,0,0,0,0,0,0,0,"- ","- ",,,MONTEREY,SALINAS,-121.65118408203125,36.719791412353516
84420308,2024,2024-10-07,2708,2024-09-12,"14  ",51385,,4,5,6,2708,0,0,0,,0,012,"SCONBERG PKWY","FREEDOM PKWY",0.00,,Y,A,-,N,,,,,,,,,,Y,2,0,2,1,A,-,01,23153,A,N,E,I,A,A,H,-,C,D,0,,,,,Y,Y,D,22,1,1,0,0,0,0,0,0,0,"- ","- ",,,MONTEREY,SALINAS,-121.59049224853516,36.677726745605469
8444331,2017,2017-09-22,2708,2017-07-04,2138,34273,SALIN,2,5,6,2708,0,0,0,,0,008,"W ALISAL ST","LINCOLN AV",0.00,,Y,A,-,N,,,,,,,,,,N,2,0,1,2,A,-,10,21950,A,N,G,B,B,A,H,-,C,A,0,Y,,,,Y,,-,,1,0,0,0,1,0,0,0,0,"- ","- ",,,MONTEREY,SALINAS,-121.65684994999999,36.673520089999997
84534361,2024,2025-03-18,2708,2024-10-31,2034,98751,,4,5,6,2708,0,0,0,,0,005,"NATIVIDAD RD","EAST BERNAL DR",500.00,N,N,A,-,N,,,,,,,,,,Y,2,0,5,3,A,-,01,23152,A,N,A,C,A,A,H,-,C,D,0,,,,,Y,Y,A,01,2,1,2,0,0,0,0,0,0,"- ","- ",,,MONTEREY,SALINAS,-121.64220428466797,36.693168640136719
84534371,2024,2025-01-13,2708,2024-11-10,1229,59989,,7,5,6,2708,0,0,0,,0,012,"KENNETH AVE","EAST LAUREL DR",122.00,S,N,A,-,N,,,,,,,,,,N,2,0,1,2,A,-,09,21804,A,F,D,G,A,A,H,-,A,D,0,,Y,,,Y,,L,04,1,0,0,0,0,0,1,0,0,"- ","- ",,,MONTEREY,SALINAS,-121.61529541015625,36.675876617431641
8455263,2017,2017-09-26,2710,2017-08-18,2025,36057,,5,5,4,2710,0,0,0,,0,,"CANYON DEL REY BL","WILLIAMS AV",0.00,,Y,A,-,N,,,,,,,,,,N,2,0,1,2,A,-,11,21955,,N,G,B,D,A,H,-,C,D,0,Y,,,,Y,Y,N,60,1,0,0,0,1,0,0,0,0,"- ","- ",,,MONTEREY,SEASIDE,-121.85240988,36.600780100000001
84584818,2025,2025-02-20,2706,2025-02-16,2238,273,,7,5,4,2706,0,0,0,,0,001,"PACIFIC ST","LIGHTHOUSE AVE",79.00,W,N,A,-,N,,,,,,,,,,Y,2,0,1,1,A,-,01,23153,B,N,E,I,A,A,H,-,C,D,0,,,,,Y,Y,A,01,1,0,0,0,0,0,0,0,0,"- ","- ",,,MONTEREY,MONTEREY,-121.89504241943359,36.604785919189453
84589938,2025,2025-02-27,2708,2025-02-06,1633,92575,,4,5,6,2708,0,0,0,,0,001,"NORTH MAIN ST","E BOLIVAR ST",0.00,,Y,B,-,N,,,,,,,,,,N,2,0,1,2,A,-,10,21950,A,N,G,B,B,A,H,-,A,A,0,Y,,,,Y,,A,01,1,0,0,0,1,0,0,0,0,"- ","- ",,,MONTEREY,SALINAS,-121.6563720703125,36.725048065185547
84651236,2025,2025-04-16,2706,2025-04-13,"731 ",121,,7,5,4,2706,0,0,0,,0,002,"FRANKLIN ST","FIGUEROA ST",0.00,,Y,B,-,N,,,,,,,,,,N,2,0,1,2,A,-,12,21453,A,N,D,G,A,A,H,-,A,A,0,,Y,,,Y,,L,04,1,0,0,0,0,0,1,0,0,"- ","- ",,,MONTEREY,MONTEREY,-121.89019775390625,36.599292755126953
8465769,2018,2019-05-08,2712,2018-08-16,1650,1033,2712,4,5,3,2712,0,0,0,,0,001,"IMJIN PKWY","CALIFORNIA AV",628.00,W,N,A,-,N,,,,,,,,,,Y,1,1,1,2,A,-,08,22107,,N,D,C,A,A,H,-,A,D,0,,,,,Y,Y,A,01,0,0,1,0,0,0,0,0,0,"- ","- ",,,MONTEREY,MARINA,-121.79891204833984,36.666580200195312
8465918,2018,2019-08-08,2712,2018-11-03,2119,1062,2712,6,5,3,2712,0,0,0,,0,001,"CARDOZA AV","DOLPHIN CIR",39.00,S,N,A,-,N,,,,,,,,,,N,1,1,1,2,C,-,18,,,N,A,C,A,A,H,-,C,D,0,,,,,Y,,-,"- ",0,0,1,0,0,0,0,0,0,"- ","- ",,,MONTEREY,MARINA,-121.80186462402344,36.696868896484375
8465944,2019,2019-07-24,2702,2019-05-25,0452,7658,2702,6,5,1,2702,0,0,0,,0,001,"RT 218","RT 68",0.00,,Y,B,-,Y,MON,5,218,-,-,1.950,H,-,E,Y,1,1,0,1,A,-,01,23152,A,N,E,I,A,A,H,-,C,A,0,,,Y,,Y,Y,C,02,0,0,0,0,0,0,0,1,0,"- ","- ",,,MONTEREY,"DEL REY OAKS",-121.82791900634766,36.580963134765625
84665522,2025,2025-04-28,2708,2025-04-05,1440,120,,6,5,6,2708,0,0,0,,0,008,"EAST MARKET ST","MONTEREY ST",136.00,E,N,A,-,N,,,,,,,,,,N,2,0,1,2,A,-,11,21954,A,N,G,B,E,A,H,-,A,D,0,Y,,,,Y,,A,01,1,0,0,0,1,0,0,0,0,"- ","- ",,,MONTEREY,SALINAS,-121.65406799316406,36.677772521972656
84690982,2025,2025-05-19,2712,2025-04-28,"708 ",1237,,1,5,3,2712,0,0,0,,0,01A,"RESERVATION RD","HIGHWAY 1",50.00,E,N,A,-,N,,,,,,,,,,Y,2,0,2,2,A,-,01,23152,B,N,D,C,A,A,H,-,A,D,0,,,,,Y,Y,A,01,1,0,1,0,0,0,0,0,0,"- ","- ",,,MONTEREY,MARINA,-121.80461883544922,36.696678161621094
84697987,2025,2025-07-08,2705,2025-04-26,1025,13,,6,5,3,2705,0,0,0,,0,001,"SPRECKELS RD","LEGACY DR",0.00,,Y,B,-,N,,,,,,,,,,N,2,0,3,3,A,-,03,22350,,N,D,E,A,A,H,-,A,A,0,,,Y,,Y,,C,02,1,1,1,0,0,0,0,0,1,"- ","- ",,,MONTEREY,"KING CITY",-121.13240051269531,36.220321655273438
84700325,2025,2025-05-26,2706,2025-05-24,1547,395,,6,5,4,2706,0,0,0,,0,001,"FRANKLIN ST","LARKIN ST",0.00,,Y,A,-,N,,,,,,,,,,N,2,0,1,2,A,-,09,21804,A,N,D,C,A,A,H,-,A,A,0,,,,,Y,,A,01,1,0,0,0,0,0,0,0,0,"- ","- ",36.600879669189453,-121.89865112304688,MONTEREY,MONTEREY,-121.89861297607422,36.600849151611328
84700765,2025,2025-05-27,2708,2025-04-04,2310,247,,5,5,6,2708,0,0,0,,0,012,"FREEDOM PKWY","SCONBERG PKWY",0.00,,Y,A,-,N,,,,,,,,,,N,2,0,2,1,A,-,03,22350,,N,E,I,A,A,H,-,C,D,0,,,,,Y,,A,01,2,0,0,0,0,0,0,0,0,"- ","- ",,,MONTEREY,SALINAS,-121.59049224853516,36.677726745605469
8475215,2017,2017-12-09,2706,2017-10-07,2153,519,MPD,6,5,4,2706,0,0,0,,0,002,"MUNRAS AV","SOLEDAD DR",0.00,,Y,A,-,N,,,,,,,,,,Y,2,0,3,2,A,-,03,22350,,N,D,C,A,A,H,-,C,A,0,,,,,Y,,A,07,2,0,1,0,0,0,0,0,0,"- ","- ",,,MONTEREY,MONTEREY,-121.90185992000001,36.583360050000003
8476194,2017,2017-10-27,2708,2017-08-25,1223,49532,SALIN,5,5,6,2708,0,0,0,,0,005,"MAIN ST",BERNAL,50.00,S,N,A,-,N,,,,,,,,,,N,2,0,1,3,A,-,04,21703,,N,C,C,A,A,H,-,A,A,0,,,,,Y,,A,01,1,0,0,0,0,0,0,0,0,"- ","- ",,,MONTEREY,SALINAS,-121.65246415999999,36.689832680000002
8476363,2017,2017-10-25,2708,2017-09-08,2005,49021,,5,5,6,2708,0,0,0,,0,001,"EAST BORONDA RD","NORTH MAIN ST",200.00,E,N,A,-,N,,,,,,,,,,Y,2,0,4,2,A,-,03,22350,,N,C,C,A,A,H,-,C,A,0,,,,,Y,,-,,1,0,3,0,0,0,0,0,0,"- ","- ",,,MONTEREY,SALINAS,-121.65555474,36.721540040000001
8476375,2017,2017-10-25,2708,2017-09-19,0605,18925,,2,5,6,2708,0,0,0,,0,008,"FRONT ST","EAST MARKET ST",147.00,E,N,A,-,N,,,,,,,,,,N,2,0,1,2,A,-,11,21954,A,F,D,G,A,A,H,-,E,D,0,,Y,,,Y,,L,04,1,0,0,0,0,0,1,0,0,"- ","- ",,,MONTEREY,SALINAS,-121.65244848,36.677657359999998
8496277,2017,2017-12-04,2706,2017-10-27,0634,031,2706,5,5,4,2706,0,0,0,,0,002,"SOLEDAD DR","PACIFIC ST",0.00,,Y,A,-,N,,,,,,,,,,N,2,0,1,2,A,-,11,21950,B,N,G,B,B,A,H,-,C,A,0,Y,,,,Y,,N,60,1,0,0,0,1,0,0,0,0,"- ","- ",,,MONTEREY,MONTEREY,-121.90286998000001,36.58425003
8505509,2017,2018-07-13,2706,2017-11-16,1412,992,2,4,5,4,2706,0,0,0,,0,003,"RT 68","RT 218",68.00,W,N,C,-,Y,MON,5,68,-,-,6.800,H,-,W,Y,2,0,4,2,A,-,03,22350,,N,D,C,A,B,H,-,A,D,0,,,,,Y,,A,01,3,1,0,0,0,0,0,0,0,WF,"- ",,,MONTEREY,MONTEREY,-121.82868824000001,36.58125184
8554230,2018,2018-08-02,2706,2018-02-20,0925,250,,2,5,4,2706,0,0,0,,0,003,"RT 68","JOSSELYN CANYON RD",5.00,W,N,A,-,Y,MON,5,68,-,-,5.210,H,-,E,N,2,0,1,2,A,-,03,22350,,N,C,C,A,A,H,-,A,A,0,,,,,Y,,A,01,1,0,0,0,0,0,0,0,0,"- ","- ",,,MONTEREY,MONTEREY,-121.85568237304688,36.583488464355469
8589493,2018,2018-04-05,2706,2018-03-18,1720,635,MPD,7,5,4,2706,0,0,0,,0,003,"DEL MONTE AV","CASA VERDE WY",0.00,,Y,A,-,N,,,,,,,,,,N,2,0,1,2,A,-,08,22107,,F,D,G,A,A,H,-,A,A,0,,Y,,,Y,,-,99,1,0,0,0,0,0,1,0,0,"- ","- ",,,MONTEREY,MONTEREY,-121.86660003662109,36.602081298828125
8609530,2018,2018-04-27,2708,2018-03-09,0012,54353,,5,5,6,2708,0,0,0,,0,007,"W ALISAL ST","COLLEGE DR",42.00,W,N,A,-,N,,,,,,,,,,Y,2,0,1,1,A,-,08,22107,,N,E,I,A,A,H,-,C,D,0,,,,,Y,,-,,1,0,0,0,0,0,0,0,0,"- ","- ",,,MONTEREY,SALINAS,-121.67062377929688,36.671100616455078
8609550,2018,2018-04-27,2708,2018-03-09,1715,31977,,5,5,6,2708,0,0,0,,0,005,"EAST LAUREL DR","GRANADA AV",87.00,S,N,A,-,N,,,,,,,,,,N,2,0,1,2,A,-,04,21703,,N,C,C,A,A,H,-,A,A,0,,,,,Y,,-,,1,0,0,0,0,0,0,0,0,"- ","- ",,,MONTEREY,SALINAS,-121.64006805419922,36.696723937988281
8617315,2018,2018-05-24,2708,2018-04-02,1047,13102,,1,5,6,2708,0,0,0,,0,009,"ABBOTT ST","MALARIN ST",0.00,,Y,A,-,N,,,,,,,,,,Y,2,0,1,4,A,-,09,21801,A,N,D,C,E,A,H,-,A,A,0,Y,,,,Y,,-,,1,0,0,0,1,0,0,0,0,"- ","- ",,,MONTEREY,SALINAS,-121.64170074462891,36.662380218505859
8643551,2018,2018-07-03,2708,2018-05-17,0507,71713,,4,5,6,2708,0,0,0,,0,011,"BUCKHORN DR","BISON WY",0.00,,Y,A,-,N,,,,,,,,,,N,2,0,1,2,A,-,09,21802,A,N,D,C,A,A,H,-,B,D,0,,,,,Y,,A,01,1,0,0,0,0,0,0,0,0,"- ","- ",,,MONTEREY,SALINAS,-121.59706878662109,36.691551208496094
8643730,2017,2018-06-28,2708,2017-05-13,1345,37663,,6,5,6,2708,0,0,0,,0,010,"CARR AV","TERRACE ST",150.00,N,N,A,-,N,,,,,,,,,,N,2,0,1,1,A,-,03,22350,,N,A,I,A,A,H,-,A,D,0,,,,,Y,,-,,1,0,0,0,0,0,0,0,0,"- ","- ",,,MONTEREY,SALINAS,-121.63515239,36.678985740000002
8648427,2018,2020-05-26,2708,2018-10-10,1944,08225,,3,5,6,2708,0,0,0,,0,008,"W ALISAL ST","MAIN ST",0.00,,Y,A,-,N,,,,,,,,,,Y,1,1,0,2,A,-,11,21950,B,N,A,B,B,A,H,-,C,A,0,Y,,,,Y,Y,N,60,0,0,0,1,0,0,0,0,0,"- ","- ",,,MONTEREY,SALINAS,-121.65482330322266,36.673801422119141
8648580,2018,2019-02-13,2708,2018-01-08,0638,37923,,1,5,6,2708,0,0,0,,0,002,"W LAUREL","BALDWIN ST",250.00,E,N,C,-,N,,,,,,,,,,N,1,1,0,2,D,-,00,,,F,G,B,E,B,H,-,D,D,0,Y,,,,Y,,-,"- ",0,0,0,1,0,0,0,0,0,"- ","- ",,,MONTEREY,SALINAS,-121.65348052978516,36.699134826660156
8651919,2018,2018-10-09,2708,2018-08-18,1811,80368,SALIN,6,5,6,2708,0,0,0,,0,005,"WEST LAUREL DR","PARKSIDE ST",48.00,E,N,A,-,N,,,,,,,,,,N,2,0,1,2,A,-,08,22100,B,N,D,G,A,A,H,-,A,D,0,,Y,,,Y,,L,04,1,0,0,0,0,0,1,0,0,"- ","- ",,,MONTEREY,SALINAS,-121.65577697753906,36.698848724365234
8654668,2018,2018-07-17,2706,2018-07-05,2219,826,2706,4,5,4,2706,0,0,0,,0,001,"LIGHTHOUSE AV","HOFFMAN AV",148.00,N,N,A,-,N,,,,,,,,,,N,2,0,1,2,A,-,11,21955,,N,G,B,D,A,H,-,C,D,0,Y,,,,Y,Y,N,60,1,0,0,0,1,0,0,0,0,"- ","- ",,,MONTEREY,MONTEREY,-121.90199279785156,36.613895416259766
8657187,2018,2018-09-21,2706,2018-07-18,1752,123,2706,3,5,4,2706,0,0,0,,0,003,"NORTH FREMONT ST","CASANOVA AV",8.00,W,N,A,-,N,,,,,,,,,,N,2,0,1,2,A,-,11,21456,C,N,G,B,B,A,H,-,A,A,0,Y,,,,Y,,N,60,1,0,0,0,1,0,0,0,0,"- ","- ",,,MONTEREY,MONTEREY,-121.85325622558594,36.597667694091797
8676904,2018,2018-08-27,2710,2018-06-05,0450,40396,,2,5,4,2710,0,0,0,,0,003,"DEL MONTE BL","CANYON DEL REY BL",13.00,N,N,A,-,Y,MON,5,218,-,L,0.250,I,6,W,Y,2,0,4,1,A,-,01,23152,A,N,E,I,A,A,H,-,C,A,0,,,,,Y,,A,01,1,1,2,0,0,0,0,0,0,"- ","- ",,,MONTEREY,SEASIDE,-121.85576629638672,36.607620239257812
8688628,2018,2018-09-27,2706,2018-08-20,1818,177,MONTE,1,5,4,2706,0,0,0,,0,002,"PEARL ST","EL ESTERO",596.00,E,N,A,-,N,,,,,,,,,,Y,2,0,6,3,A,-,01,23153,A,N,B,C,A,A,H,-,A,D,0,,,,,Y,Y,A,07,2,2,2,0,0,0,0,0,0,"- ","- ",,,MONTEREY,MONTEREY,-121.88615417480469,36.596992492675781
8704010,2018,2018-10-02,2708,2018-08-09,1043,30347,,4,5,6,2708,0,0,0,,0,011,"DEL MONTE",WILLIAMS,0.00,,Y,A,-,N,,,,,,,,,,N,2,0,1,2,A,-,11,21954,A,N,G,G,A,A,H,-,C,A,0,,Y,,,Y,,L,04,1,0,0,0,0,0,1,0,0,"- ","- ",,,MONTEREY,SALINAS,-121.60430145263672,36.681201934814453
8712920,2018,2018-10-29,2708,2018-09-22,1715,98751,SALIN,6,5,6,2708,0,0,0,,0,003,"LOS COCHES AV","HUMBOLDT DR",0.00,,Y,A,-,N,,,,,,,,,,Y,2,0,4,2,A,-,09,21802,A,N,D,C,A,A,H,-,A,A,0,,,,,Y,,A,01,1,3,0,0,0,0,0,0,0,"- ","- ",,,MONTEREY,SALINAS,-121.63043212890625,36.708259582519531
8731422,2018,2018-11-07,2710,2018-09-29,0902,37346,,6,5,4,2710,0,0,0,,0,02B,"YOSEMITE ST","YOSEMITE ST 1500",0.00,,Y,A,-,N,,,,,,,,,,N,2,0,1,2,A,-,11,21954,A,N,A,B,D,A,H,-,A,D,0,Y,,,,Y,,N,60,1,0,0,0,1,0,0,0,0,"- ","- ",,,MONTEREY,SEASIDE,-121.83014274,36.607291670000002
8737986,2018,2018-11-27,2708,2018-10-28,0014,79945,,7,5,6,2708,0,0,0,,0,003,"EAST BORONDA RD","CONSTITUTION BL",500.00,W,N,A,-,N,,,,,,,,,,Y,2,0,7,2,A,-,01,23152,A,N,A,C,A,A,H,-,C,D,0,,,,,Y,Y,-,,6,1,0,0,0,0,0,0,0,"- ","- ",,,MONTEREY,SALINAS,-121.60352325439453,36.705764770507812
8749621,2018,2019-01-11,2710,2018-10-24,1951,40411,MARIN,3,5,4,2710,0,0,0,,0,004,"GEN JIM MOORE BL","STREET LIGHT 23",140.00,S,N,A,-,N,,,,,,,,,,N,2,0,1,1,A,-,03,22350,,N,E,J,A,A,H,-,C,D,0,,,Y,,Y,,C,02,1,0,0,0,0,0,0,0,1,"- ","- ",,,MONTEREY,SEASIDE,,
8778675,2018,2019-01-30,2708,2018-12-14,1749,O4125,SALIN,5,5,6,2708,0,0,0,,0,004,"EAST BORONDA RD","NATIVIDAD RD",74.00,E,N,A,-,N,,,,,,,,,,Y,2,0,1,3,A,-,00,23153,C,F,C,C,A,A,H,-,A,A,0,,,,,Y,,A,01,1,0,0,0,0,0,0,0,0,"- ","- ",,,MONTEREY,SALINAS,-121.62326812744141,36.715518951416016
8778704,2018,2019-01-31,2708,2018-12-11,1235,80368,SALIN,2,5,6,2708,0,0,0,,0,,"GRIFFIN ST","EAST MARKET ST",28.00,S,N,A,-,N,,,,,,,,,,N,2,0,1,2,A,-,03,22350,,N,C,C,A,A,H,-,A,A,0,,,,,Y,,A,07,1,0,0,0,0,0,0,0,0,"- ","- ",,,MONTEREY,SALINAS,-121.64492797851562,36.678882598876953
8785326,2018,2019-01-31,2708,2018-12-10,1939,30347,SALIN,1,5,6,2708,0,0,0,,0,010,"EAST MARKET","CARR AV",178.00,E,N,A,-,N,,,,,,,,,,N,2,0,1,2,A,-,10,21950,A,N,G,B,C,A,H,-,C,A,0,Y,,,,Y,,-,,1,0,0,0,1,0,0,0,0,"- ","- ",,,MONTEREY,SALINAS,-121.6348876953125,36.676860809326172
8808429,2019,2021-05-20,2705,2019-01-30,2017,K23576,2705,3,5,3,2705,0,0,0,,0,901,"S FIRST ST","LONOAK RD",820.00,S,N,A,-,N,,,,,,,,,,N,1,1,0,4,A,-,03,22350,,F,G,B,E,A,H,-,D,D,0,Y,,,,Y,Y,A,07,0,0,0,1,0,0,0,0,0,"- ","- ",,,MONTEREY,"KING CITY",-121.11524963378906,36.204792022705078
8821868,2019,2019-03-26,2708,2019-02-05,1528,06235,,2,5,6,2708,0,0,0,,0,009,"EAST ROMIE LN","SAN MARINO WY",150.00,E,N,A,-,N,,,,,,,,,,N,2,0,1,2,A,-,11,21954,A,N,G,B,D,A,H,-,A,D,0,Y,,,,Y,,N,60,1,0,0,0,1,0,0,0,0,"- ","- ",,,MONTEREY,SALINAS,-121.64225006103516,36.659049987792969
8839687,2019,2019-05-03,2708,2019-03-15,0813,80673,SALIN,5,5,6,2708,0,0,0,,0,001,"NATIVIDAD RD","ROGGE RD",976.00,S,N,A,-,N,,,,,,,,,,Y,2,0,7,2,A,-,05,21460,A,N,A,C,A,A,H,-,A,D,0,,,,,Y,,A,01,4,3,0,0,0,0,0,0,0,"- ","- ",,,MONTEREY,SALINAS,-121.61830902099609,36.726222991943359
8859003,2019,2019-05-21,2708,2019-04-11,0122,54353,,4,5,6,2708,0,0,0,,0,007,"WEST MARKET ST","CLARK ST",242.00,W,N,A,-,N,,,,,,,,,,Y,2,0,2,2,A,-,01,23153,A,F,D,C,A,A,H,-,D,D,0,,,,,Y,Y,-,,1,0,1,0,0,0,0,0,0,"- ","- ",,,MONTEREY,SALINAS,-121.67160034179688,36.683609008789062
8872286,2021,2021-10-05,2708,2021-08-18,2116,34273,,3,5,6,2708,0,0,0,,0,007,"RT 183","CLARK ST",635.00,E,N,A,-,Y,MON,5,183,-,-,1.800,H,-,S,N,2,0,1,2,A,-,11,21954,A,N,G,B,D,A,H,-,D,D,0,Y,,,,Y,,N,60,1,0,0,0,1,0,0,0,0,"- ","- ",,,MONTEREY,SALINAS,-121.67270660400391,36.684001922607422
8879456,2019,2019-07-02,2708,2019-05-11,2356,19003,,6,5,6,2708,0,0,0,,0,012,"EAST LAUREL DR","NORTH SANBORN RD",30.00,E,N,A,-,N,,,,,,,,,,Y,2,0,1,1,A,-,01,23152,A,N,E,I,A,A,H,-,C,A,0,,,,,Y,Y,A,01,1,0,0,0,0,0,0,0,0,"- ","- ",,,MONTEREY,SALINAS,-121.62082672119141,36.682872772216797
8886408,2019,2019-08-15,2710,2019-05-24,2140,36057,,5,5,4,2710,0,0,0,,0,01B,"CANYON DEL REY BL","CHARLES AV",51.00,W,N,A,-,Y,,,,,,,,,,N,2,0,1,2,A,-,11,21956,,N,G,B,E,A,H,-,C,D,0,Y,,,,Y,,N,60,1,0,0,0,1,0,0,0,0,"- ","- ",,,MONTEREY,SEASIDE,-121.85189056396484,36.600128173828125
8886736,2019,2019-07-03,2708,2019-04-30,1502,25182,,2,5,6,2708,0,0,0,,0,008,"EAST MARKET ST","IVY ST",17.00,N,N,B,-,N,,,,,,,,,,Y,2,0,1,3,A,-,08,22100,B,N,D,C,A,A,H,-,A,D,0,,,,,Y,Y,-,,1,0,0,0,0,0,0,0,0,"- ","- ",,,MONTEREY,SALINAS,-121.64350128173828,36.678569793701172
8899934,2019,2019-07-31,2708,2019-06-06,1928,17987,,4,5,6,2708,0,0,0,,0,012,"WILLIAMS RD","DEL MONTE AV",0.00,,Y,A,-,N,,,,,,,,,,N,2,0,1,2,A,-,10,21950,A,N,G,B,B,A,H,-,A,A,0,Y,,,,Y,,A,01,1,0,0,0,1,0,0,0,0,"- ","- ",,,MONTEREY,SALINAS,-121.60430145263672,36.681201934814453
8911616,2020,2022-06-18,2708,2020-07-25,0148,52823,,6,5,6,2708,0,0,0,,0,,"EAST BORONDA RD","CONSTITUTION BL",0.00,,Y,A,-,N,,,,,,,,,,Y,1,1,0,1,A,-,01,23152,A,N,A,I,A,A,H,-,C,A,0,,,,,Y,Y,A,01,0,0,0,0,0,0,0,0,0,"- ","- ",,,MONTEREY,SALINAS,-121.60334777832031,36.704399108886719
8911802,2020,2022-06-18,2703,2020-10-20,1930,4766,2703,2,5,2,2703,0,0,0,,0,ALL,"ALTA ST","FERMIN ST",0.00,,Y,A,-,N,,,,,,,,,,N,1,1,0,2,A,-,11,21954,A,N,G,B,E,A,H,-,D,D,0,Y,,,,Y,Y,N,60,0,0,0,1,0,0,0,0,0,"- ","- ",,,MONTEREY,GONZALES,-121.44786071777344,36.509090423583984
8924030,2019,2020-07-13,2708,2019-06-16,0945,34273,,7,5,6,2708,0,0,0,,0,009,"RT 68","WORK ST",320.00,E,-,A,-,Y,MON,5,68,-,-,21.870,H,-,W,Y,2,0,2,2,A,-,05,21460,A,N,A,C,A,A,H,-,A,D,0,,,,,Y,,-,,1,1,0,0,0,0,0,0,0,"- ","- ",,,MONTEREY,SALINAS,-121.64187622070312,36.670906066894531
8951527,2019,2019-10-29,2708,2019-09-15,1751,25182,,7,5,6,2708,0,0,0,,0,010,"E ALISAL ST","SMITH ST",55.00,E,N,A,-,N,,,,,,,,,,N,2,0,2,3,A,-,03,22350,,F,G,B,E,A,G,-,A,A,0,Y,,,,Y,,A,01,1,1,0,0,2,0,0,0,0,"- ","- ",,,MONTEREY,SALINAS,-121.63654327392578,36.673820495605469
8962187,2019,2019-10-24,2708,2019-08-07,1851,NABRUZZI,NORTH,3,5,6,2708,0,0,0,,0,005,"BERNAL DR","ALPINE DR",10.00,W,N,A,-,N,,,,,,,,,,N,2,0,1,2,A,-,11,21954,A,N,G,B,D,A,H,-,A,D,0,Y,,,,Y,Y,N,60,1,0,0,0,1,0,0,0,0,"- ","- ",,,MONTEREY,SALINAS,-121.65032196044922,36.689876556396484
8974272,2019,2020-09-14,2708,2019-08-22,1620,59989,SALIN,4,5,6,2708,0,0,0,,0,00O,"RT 68","SPRING ST",435.00,E,N,A,-,Y,MON,5,68,-,-,21.780,H,-,E,Y,2,0,1,3,A,-,03,22350,,F,B,C,A,A,H,-,A,D,0,,,,,Y,,-,,1,0,0,0,0,0,0,0,0,"- ","- ",,,MONTEREY,SALINAS,-121.64331817626953,36.670513153076172
8976424,2019,2019-11-22,2704,2019-09-06,1755,7478,2704,5,5,3,2704,0,0,0,,0,001,"ELM AV","HEIDI DR",0.00,,Y,A,-,N,,,,,,,,,,N,2,0,1,2,A,-,00,12500,A,N,G,B,B,A,H,-,A,D,0,Y,,,,Y,,B,07,1,0,0,0,1,0,0,0,0,"- ","- ",,,MONTEREY,GREENFIELD,-121.24693298339844,36.314430236816406
8980387,2019,2019-11-25,2708,2019-09-15,1934,53260,,7,5,6,2708,0,0,0,,0,008,"EAST MARKET ST","MONTEREY ST",0.00,,Y,A,-,N,,,,,,,,,,N,2,0,1,2,A,-,12,21453,A,N,D,G,A,A,H,-,C,A,0,,Y,,,Y,,L,04,1,0,0,0,0,0,1,0,0,"- ","- ",,,MONTEREY,SALINAS,-121.65451812744141,36.677700042724609
8980395,2019,2019-11-25,2708,2019-09-14,2326,30424,SALIN,6,5,6,2708,0,0,0,,0,005,"TYLER ST","WEST LAUREL DR",61.00,S,N,A,-,N,,,,,,,,,,Y,2,0,1,2,A,-,05,21460,A,N,A,C,A,A,H,-,C,-,0,,,,,Y,,A,01,1,0,0,0,0,0,0,0,0,"- ","- ",,,MONTEREY,SALINAS,-121.65939331054688,36.698215484619141
8987482,2019,2019-11-26,2708,2019-10-03,1305,07904,,4,5,6,2708,0,0,0,,0,009,"ABBOTT ST","MERRILL ST",0.00,,Y,A,-,N,,,,,,,,,,Y,2,0,1,2,A,-,09,21804,A,N,D,C,A,A,H,-,A,D,0,,,,,Y,,-,,1,0,0,0,0,0,0,0,0,"- ","- ",,,MONTEREY,SALINAS,-121.63159942626953,36.655471801757812