CASE_ID,ACCIDENT_YEAR,PROC_DATE,JURIS,COLLISION_DATE,COLLISION_TIME,OFFICER_ID,REPORTING_DISTRICT,DAY_OF_WEEK,CHP_SHIFT,POPULATION,CNTY_CITY_LOC,SPECIAL_COND,BEAT_TYPE,CHP_BEAT_TYPE,CITY_DIVISION_LAPD,CHP_BEAT_CLASS,BEAT_NUMBER,PRIMARY_RD,SECONDARY_RD,DISTANCE,DIRECTION,INTERSECTION,WEATHER_1,WEATHER_2,STATE_HWY_IND,CALTRANS_COUNTY,CALTRANS_DISTRICT,STATE_ROUTE,ROUTE_SUFFIX,POSTMILE_PREFIX,POSTMILE,LOCATION_TYPE,RAMP_INTERSECTION,SIDE_OF_HWY,TOW_AWAY,COLLISION_SEVERITY,NUMBER_KILLED,NUMBER_INJURED,PARTY_COUNT,PRIMARY_COLL_FACTOR,PCF_CODE_OF_VIOL,PCF_VIOL_CATEGORY,PCF_VIOLATION,PCF_VIOL_SUBSECTION,HIT_AND_RUN,TYPE_OF_COLLISION,MVIW,PED_ACTION,ROAD_SURFACE,ROAD_COND_1,ROAD_COND_2,LIGHTING,CONTROL_DEVICE,CHP_ROAD_TYPE,PEDESTRIAN_ACCIDENT,BICYCLE_ACCIDENT,MOTORCYCLE_ACCIDENT,TRUCK_ACCIDENT,NOT_PRIVATE_PROPERTY,ALCOHOL_INVOLVED,STWD_VEHTYPE_AT_FAULT,CHP_VEHTYPE_AT_FAULT,COUNT_SEVERE_INJ,COUNT_VISIBLE_INJ,COUNT_COMPLAINT_PAIN,COUNT_PED_KILLED,COUNT_PED_INJURED,COUNT_BICYCLIST_KILLED,COUNT_BICYCLIST_INJURED,COUNT_MC_KILLED,COUNT_MC_INJURED,PRIMARY_RAMP,SECONDARY_RAMP,LATITUDE,LONGITUDE,COUNTY,CITY,POINT_X,POINT_Y
9000908,2019,2019-12-30,2708,2019-11-26,2032,80368,SALIN,2,5,6,2708,0,0,0,,0,006,"SHERWOOD DR","EAST ROSSI ST",0.00,S,N,C,-,N,,,,,,,,,,Y,2,0,1,2,A,-,09,21804,A,F,D,C,A,B,H,-,C,D,0,,,,,Y,,-,,1,0,0,0,0,0,0,0,0,"- ","- ",,,MONTEREY,SALINAS,-121.65036773681641,36.680198669433594
90015217,2015,2015-10-19,9730,2015-09-01,1945,017785,,2,2,9,2700,0,1,2,,1,050,"US-101 N/B","GOULD ROAD",0.00,,Y,A,-,Y,,,101,,,,,,N,Y,2,0,2,2,A,-,09,21802,A,N,D,C,A,A,H,-,B,A,0,,,,,Y,,D,22,1,0,1,0,0,0,0,0,0,"- ","- ",36.627800000000001,-121.5873,MONTEREY,UNINCORPORATED,-121.58727729,36.627839109999996
90019118,2015,2015-10-19,9730,2015-09-06,1830,020896,,7,2,9,2700,0,1,3,,1,022,SR-1,"AURORA DEL MAR",10560.00,S,N,A,-,Y,,,1,,,,,,,N,2,0,1,2,A,-,06,21755,,N,B,C,A,A,H,-,A,D,0,,,Y,,Y,Y,C,02,1,0,0,0,0,0,0,0,1,"- ","- ",36.456650000000003,-121.92400000000001,MONTEREY,UNINCORPORATED,-121.92399524,36.456650449999998
90033198,2015,2015-11-24,9730,2015-10-11,0450,020896,,7,3,9,2700,0,1,2,,1,030,"US-101 SOUTHBOUND","5TH STREET O/C",2600.00,S,N,A,-,Y,,,101,,,,,,S,Y,2,0,1,1,A,-,01,23152,A,N,E,I,A,A,H,-,D,D,0,,,,,Y,Y,D,22,1,0,0,0,0,0,0,0,0,"- ","- ",36.506520000000002,-121.43433,MONTEREY,UNINCORPORATED,-121.43431071000001,36.506530079999997
90037625,2015,2015-10-26,9730,2015-10-21,0814,020621,,3,1,9,2700,0,3,5,,2,005,"PENZANCE STREE","ONYX CT",100.00,E,N,A,F,N,,,,,,,,,,N,2,0,1,2,A,-,03,22350,,N,G,B,D,A,H,-,A,D,0,Y,,,,Y,,A,01,1,0,0,0,1,0,0,0,0,"- ","- ",36.729010000000002,-121.63269,MONTEREY,UNINCORPORATED,-121.63257856,36.729066959999997
90046265,2015,2015-11-06,9735,2015-10-31,1057,020057,,6,1,9,2700,0,1,2,,2,043,"US-101 S/B","PARIS VALLEY RD. O/C",3168.00,S,N,A,-,Y,,,101,,,,,,S,Y,2,0,2,1,A,-,01,23152,A,N,E,J,A,A,H,-,A,D,0,,,,,Y,Y,A,01,1,1,0,0,0,0,0,0,0,"- ","- ",36.068469999999998,-120.9877,MONTEREY,UNINCORPORATED,-120.98754964,36.068632100000002
90052977,2015,2015-11-17,9730,2015-09-10,2152,015297,,4,2,9,2700,0,1,3,,1,072,SR-156,SR-183,528.00,W,N,A,E,Y,,,156,,,,,,,Y,1,1,0,1,A,-,01,23152,A,N,F,A,A,A,H,-,D,D,0,,,,,Y,Y,A,01,0,0,0,0,0,0,0,0,0,"- ","- ",36.759160000000001,-121.75566000000001,MONTEREY,UNINCORPORATED,-121.75568752,36.75921108
90054879,2015,2015-11-19,9730,2015-11-14,1536,017184,,6,2,9,2700,0,3,5,,2,001,"PREWITT RIDGE RD.","S. COAST RIDGE RD.",12.00,W,N,A,-,N,,,,,,,,,,N,2,0,1,1,A,-,03,22350,,N,F,A,A,A,H,-,A,D,0,,,Y,,Y,,C,02,1,0,0,0,0,0,0,0,1,"- ","- ",,,MONTEREY,UNINCORPORATED,-121.44157054,35.971608959999998
90062496,2015,2015-12-01,9730,2015-11-26,1030,020903,,4,1,9,2700,0,1,3,,1,022,SR-1,"SAN LUIS AVENUE",83.00,N,N,A,-,Y,,,1,,,,,,,Y,2,0,1,1,A,-,01,23152,A,N,E,I,A,A,H,-,A,D,0,,,,,Y,Y,A,01,1,0,0,0,0,0,0,0,0,"- ","- ",36.567500000000003,-121.91298,MONTEREY,UNINCORPORATED,-121.91288654,36.567467860000001
90076491,2015,2015-12-17,9730,2015-11-17,2016,015297,,2,2,9,2700,0,1,2,,1,070,"US-101 S/B","BLACKIE ROAD",5.00,S,N,A,-,Y,,,101,,,,,,S,Y,1,1,0,2,A,-,11,21954,A,N,G,B,D,A,H,-,D,D,0,Y,,,,Y,Y,N,60,0,0,0,1,0,0,0,0,0,"- ","- ",36.772359999999999,-121.66925000000001,MONTEREY,UNINCORPORATED,-121.66929235000001,36.772356539999997
90082539,2015,2015-12-28,9730,2015-12-15,2140,020233,,2,2,9,2700,0,1,3,,1,024,"SR-68 (HOLMAN HWY)","MORSE DRIVE",2640.00,E,N,B,-,Y,,,68,,,,,,,Y,2,0,1,1,A,-,01,23152,A,N,E,I,A,A,H,-,D,D,0,,,,,Y,Y,A,01,1,0,0,0,0,0,0,0,0,"- ","- ",36.591239999999999,-121.92261999999999,MONTEREY,UNINCORPORATED,-121.92258279000001,36.591256700000002
90090750,2015,2016-01-07,9735,2015-12-07,1945,017952,,1,2,9,2700,0,1,2,,2,042,"US-101 S/B","LAYOUS O/C",2112.00,N,N,A,-,Y,,,101,,,,,,S,N,1,1,0,2,D,-,00,,,F,G,B,E,A,H,-,D,D,0,Y,,,,Y,,-,"- ",0,0,0,1,0,0,0,0,0,"- ","- ",36.174790000000002,-121.06188,MONTEREY,UNINCORPORATED,-121.06185502,36.174802890000002
90101526,2015,2016-01-25,9730,2015-11-11,1530,020621,,3,2,9,2700,0,1,3,,1,014,SR-1,"47520 HIGHWAY 1",0.00,,Y,A,-,Y,,,1,,,,,,,Y,2,0,1,2,A,-,09,21804,A,N,D,C,A,A,H,-,A,D,0,,,Y,,Y,,A,01,1,0,0,0,0,0,0,0,1,"- ","- ",36.237699999999997,-121.771,MONTEREY,UNINCORPORATED,-121.77101337000001,36.237683240000003
90103816,2016,2016-01-27,9730,2016-01-06,1840,017803,,3,2,9,2700,0,1,3,,1,068,"STATE ROUTE 68","HITCHCOCK ROAD",0.00,,Y,B,-,Y,,,68,,,,,,,Y,1,1,4,3,A,-,09,21801,A,N,A,C,A,B,D,H,D,D,0,,,,,Y,,A,01,1,1,2,0,0,0,0,0,0,"- ","- ",36.644620000000003,-121.66422,MONTEREY,UNINCORPORATED,-121.66423025,36.644624059999998
90105191,2015,2016-01-29,9730,2015-10-01,0630,014584,,4,1,9,2700,0,3,5,,2,006,"RESERVATION ROAD","PANZIERA ROAD",540.00,S,N,B,-,N,,,,,,,,,,Y,1,1,0,2,A,-,05,21460,A,N,B,C,A,B,H,-,B,D,0,,,,Y,Y,,G,27,0,0,0,0,0,0,0,0,0,"- ","- ",36.652529999999999,-121.72530999999999,MONTEREY,UNINCORPORATED,-121.72531118000001,36.652528500000003
90105860,2015,2016-06-08,9730,2015-12-02,1820,015297,,3,2,9,2700,0,3,5,,2,004,"ALISAL ROAD","HARTNELL ROAD",639.00,S,N,A,-,N,,,,,,,,,,Y,1,1,1,2,A,-,11,21954,A,N,G,B,E,A,H,-,D,D,0,Y,,,,Y,,N,60,0,1,0,1,0,0,0,0,0,"- ","- ",36.643810000000002,-121.57465000000001,MONTEREY,UNINCORPORATED,-121.57521343000001,36.644162690000002
90144629,2016,2016-03-28,9735,2016-03-19,0730,017681,,6,1,9,2700,0,1,3,,1,034,SR-198,SR-25,9504.00,W,N,A,-,Y,,,198,,,,,,,Y,1,1,0,1,A,-,03,22350,,N,E,I,A,A,H,-,A,D,0,,,,Y,Y,,F,27,0,0,0,0,0,0,0,0,0,"- ","- ",36.189459999999997,-120.83660999999999,MONTEREY,UNINCORPORATED,-120.83658689000001,36.189493390000003
90150280,2016,2016-04-04,9730,2016-03-21,1212,020208,,1,1,9,2700,0,1,3,,1,074,SR-1,"MOLERA ROAD",669.00,N,N,B,G,Y,,,1,,,,,,,Y,1,2,6,2,A,-,01,23152,E,N,A,C,A,A,H,-,A,D,0,,,,,Y,,A,07,4,2,0,0,0,0,0,0,0,"- ","- ",36.780349999999999,-121.7778,MONTEREY,UNINCORPORATED,-121.77776824,36.7803878
90162771,2016,2016-05-19,9735,2016-03-26,1125,018338,,6,1,9,2700,0,1,2,,1,041,"US-101 SOUTHBOUND","CENTRAL AVE",5808.00,N,N,A,-,Y,,,101,,,,,,S,Y,1,1,1,2,A,-,08,22107,,N,F,A,A,A,H,-,A,D,0,,,,,Y,,A,01,0,0,1,0,0,0,0,0,0,"- ","- ",36.251089999999998,-121.17614,MONTEREY,UNINCORPORATED,-121.17639887999999,36.251053489999997
90165996,2016,2016-04-26,9730,2016-04-23,1653,020208,,6,2,9,2700,0,2,4,,1,023,"CARMEL VALLEY ROAD","PHELPS WAY",310.00,W,N,A,-,Y,,,,,,,,,,N,2,0,1,2,A,-,08,22107,,N,D,G,A,A,H,-,A,D,0,,Y,,,Y,,L,04,1,0,0,0,0,0,1,0,0,"- ","- ",36.498699999999999,-121.7533,MONTEREY,UNINCORPORATED,-121.75249525,36.498230499999998
90172029,2016,2016-05-03,9730,2016-04-24,1100,018543,,7,1,9,2700,0,1,3,,1,012,SR-1,"MPM 42",1056.00,N,N,A,-,Y,,,1,,,,,,,Y,2,0,1,1,A,-,08,22107,,N,F,A,A,A,H,-,A,D,0,,,Y,,Y,,C,02,1,0,0,0,0,0,0,0,1,"- ","- ",36.208730000000003,-121.73444000000001,MONTEREY,UNINCORPORATED,-121.73444042,36.208720829999997
90173833,2016,2016-05-05,9730,2016-04-30,1508,020896,,6,2,9,2700,0,1,3,,1,072,SR-156,"MONTE DEL LAGO",528.00,E,N,A,-,Y,,,156,,,,,,,Y,2,0,1,2,A,-,03,22350,,N,C,C,A,A,H,-,A,D,0,,,Y,,Y,,C,02,1,0,0,0,0,0,0,0,1,"- ","- ",36.771650000000001,-121.73187,MONTEREY,UNINCORPORATED,-121.73188976,36.771720090000002
90174875,2016,2016-05-09,9730,2016-04-28,1730,020208,,4,2,9,2700,0,2,4,,1,075,"SAN JUAN ROAD","CARPENTERIA ROAD",0.00,,Y,A,-,N,,,,,,,,,,Y,2,0,2,2,A,-,09,21802,A,N,D,C,A,A,H,-,A,D,0,,,,,Y,,A,01,1,0,1,0,0,0,0,0,0,"- ","- ",36.860100000000003,-121.6534,MONTEREY,UNINCORPORATED,-121.65342990000001,36.860180020000001
90179529,2016,2016-05-16,9730,2016-05-15,0924,019569,,7,1,9,2700,0,1,2,,1,070,US-101,"BERTA CANYON RD",528.00,S,N,A,-,Y,,,,,,,,,,Y,2,0,1,1,A,-,08,22107,,N,E,I,A,A,H,-,A,D,0,,,,,Y,,A,01,1,0,0,0,0,0,0,0,0,"- ","- ",,,MONTEREY,UNINCORPORATED,-121.6681742,36.786280249999997
90183322,2016,2016-05-19,9730,2016-05-11,0545,019529,,3,3,9,2700,0,2,4,,1,075,"SAN JUAN ROAD","QUAIL HILL LANE",120.00,E,N,B,F,N,,,,,,,,,,Y,2,0,2,3,A,-,03,22350,,N,D,C,E,B,C,-,D,D,0,Y,,,,Y,,D,22,1,1,0,0,1,0,0,0,0,"- ","- ",,,MONTEREY,UNINCORPORATED,-121.66848665000001,36.865980970000003
90191509,2016,2016-08-16,9730,2016-05-19,2135,020677,,4,2,9,2700,0,1,3,,1,012,SR-1,"SOBRANTES POINT",3168.00,S,N,A,-,Y,,,1,,,,,,,Y,2,0,3,1,A,-,01,23152,E,N,E,I,A,A,H,-,D,D,0,,,,Y,Y,,G,25,1,2,0,0,0,0,0,0,0,"- ","- ",36.442360000000001,-121.92274,MONTEREY,UNINCORPORATED,-121.92273496999999,36.442362879999997
90199563,2016,2016-06-13,9730,2016-05-22,2048,020514,,7,2,9,2700,0,3,5,,2,004,"CHUALAR ROAD","LINCOLN ST",800.00,E,N,A,-,N,,,,,,,,,,Y,2,0,1,1,A,-,08,22107,,N,F,I,A,A,H,-,D,D,0,,,,,Y,,A,07,1,0,0,0,0,0,0,0,0,"- ","- ",36.574260000000002,-121.51597,MONTEREY,UNINCORPORATED,-121.51581308999999,36.574370170000002
90210814,2016,2016-06-28,9730,2016-06-21,1740,020208,,2,2,9,2700,0,1,3,,1,012,"SR-1 S/B","WILLOW CREEK BRIDGE",200.00,N,N,A,-,Y,,,1,,,,,,S,Y,2,0,1,1,A,-,05,21460,A,N,E,I,A,A,H,-,A,D,0,,,Y,,Y,,C,02,1,0,0,0,0,0,0,0,1,"- ","- ",35.895699999999998,-121.4597,MONTEREY,UNINCORPORATED,-121.45986583,35.895767560000003
90214912,2016,2016-07-07,9730,2016-04-30,0752,020677,,6,1,9,2700,0,2,4,,1,023,"CARMEL VALLEY ROAD","SCARLETT ROAD",1302.00,E,N,A,-,Y,,,,,,,,,,Y,1,1,0,1,A,-,08,22107,,N,E,I,A,A,H,-,A,D,0,,,,,Y,,A,01,0,0,0,0,0,0,0,0,0,"- ","- ",36.515230000000003,-121.78022,MONTEREY,UNINCORPORATED,-121.79020094000001,36.521794509999999
90218696,2016,2016-07-08,9730,2016-07-06,1530,017803,,3,2,9,2700,0,1,3,,1,068,"SR68 E/B","PORTOLA DR",2112.00,E,N,A,-,Y,,,68,,,,,,E,Y,2,0,1,1,A,-,08,22107,,N,F,A,A,A,H,-,A,D,0,,,,,Y,,A,07,1,0,0,0,0,0,0,0,0,"- ","- ",36.613280000000003,-121.68933,MONTEREY,UNINCORPORATED,-121.68940257,36.613320629999997
90229559,2016,2016-08-23,9730,2016-07-19,2500,020903,,2,4,9,2700,0,1,3,,1,014,SR-1,"COAST RD",3696.00,N,N,A,-,Y,,,1,,,,,,,N,2,0,1,1,C,-,18,,,F,H,A,A,A,H,-,D,D,0,,,,,Y,,-,"- ",1,0,0,0,0,0,0,0,0,"- ","- ",36.290770000000002,-121.85733999999999,MONTEREY,UNINCORPORATED,-121.85728895,36.290874600000002
90231201,2016,2016-07-27,9730,2016-07-19,0020,020576,,2,3,9,2700,0,1,2,,1,030,US-101,"SPENCE ROAD",0.00,,Y,A,-,Y,,,101,,,,,,,Y,2,0,2,2,A,-,09,21802,A,N,D,C,A,A,H,-,D,A,0,,,,Y,Y,,G,25,1,0,1,0,0,0,0,0,0,"- ","- ",36.612960000000001,-121.56733,MONTEREY,UNINCORPORATED,-121.56738717,36.612881819999998
90249510,2016,2016-08-22,9730,2016-08-04,0225,020677,,4,3,6,2708,0,1,2,,1,070,"US-101 S/B","CRAZY HORSE CANYON RD",120.00,N,N,E,-,Y,,,,,,,,,,Y,2,0,1,1,A,-,03,22350,,N,E,I,A,A,H,-,C,D,0,,,,,Y,,D,22,1,0,0,0,0,0,0,0,0,"- ","- ",36.81915,-121.63419,MONTEREY,SALINAS,-121.63285,36.818489999999997
90256549,2016,2016-08-30,9730,2016-08-24,0238,019127,,3,3,9,2700,0,3,5,,2,004,"OLD STAGE ROAD","WILLIAMS ROAD",2112.00,E,N,B,-,N,,,,,,,,,,Y,2,0,1,1,A,-,08,22107,,N,E,I,A,A,H,-,C,A,0,,,,,Y,,A,01,1,0,0,0,0,0,0,0,0,"- ","- ",36.69323,-121.56968000000001,MONTEREY,UNINCORPORATED,-121.57002847,36.693715079999997
90260525,2016,2016-09-05,9730,2016-08-22,1734,019700,,1,2,9,2700,0,3,5,,2,006,"DEL MONTE BOULEVARD","LAPIS ROAD",0.00,,Y,A,-,N,,,,,,,,,,Y,2,0,3,2,A,-,01,23152,A,N,A,C,A,A,H,-,A,D,0,,,,,Y,Y,A,01,1,1,1,0,0,0,0,0,0,"- ","- ",36.432099999999998,-121.47179,MONTEREY,UNINCORPORATED,-121.78853986999999,36.705039999999997
90275096,2016,2016-09-26,9730,2016-06-28,0610,018350,,2,1,9,2700,0,1,3,,1,066,SR-183,"SAN JON ROAD",0.00,,Y,B,-,Y,,,183,,,,,,,Y,1,1,1,2,A,-,09,21802,A,N,D,C,A,A,H,-,A,A,0,,,Y,,Y,,C,02,0,1,0,0,0,0,0,1,0,"- ","- ",36.703479999999999,-121.70731000000001,MONTEREY,UNINCORPORATED,-121.70735551,36.703436080000003
90280929,2016,2016-09-30,9735,2016-09-28,1310,018338,,3,1,9,2700,0,1,2,,1,040,"US-101 NORTHBOUND","HUDSON RD",2112.00,N,N,A,-,Y,,,101,,,,,,N,Y,2,0,1,1,A,-,08,22107,,N,E,I,A,A,D,-,A,D,0,,,,,Y,,A,01,1,0,0,0,0,0,0,0,0,"- ","- ",36.3583,-121.27272000000001,MONTEREY,UNINCORPORATED,-121.27276667,36.358256869999998
90309913,2016,2016-11-02,9735,2016-10-20,2230,020417,,4,3,9,2700,0,1,2,,1,040,"US-101 S/B","LOS COCHES RD.",0.00,,Y,B,-,Y,,,101,,,,,,S,N,2,0,3,2,A,-,09,21804,A,N,D,C,A,A,H,-,D,D,0,,,,Y,Y,,F,27,1,0,2,0,0,0,0,0,0,"- ","- ",36.36591,-121.28021,MONTEREY,UNINCORPORATED,-121.28029141,36.365818089999998
90343425,2016,2016-12-13,9735,2016-12-08,0855,017681,,4,1,9,2700,0,2,4,,1,011,"ARROYO SECO RD","SYCAMORE FLATS RD",1056.00,E,N,B,C,N,,,,,,,,,,Y,1,1,0,1,A,-,08,22107,,N,E,I,A,B,H,-,A,D,0,,,,,Y,,A,08,0,0,0,0,0,0,0,0,0,"- ","- ",36.269959999999998,-121.35545999999999,MONTEREY,UNINCORPORATED,-121.38546565999999,36.270044169999998
90356660,2016,2016-12-28,9730,2016-12-24,1259,017184,,6,1,9,2700,0,1,3,,1,024,"SR-68 (HOLMAN HWY)","SR-1 O/C",40.00,W,N,A,-,Y,,,68,,,,,,,Y,2,0,1,2,A,-,05,21460,A,N,A,G,A,A,D,-,A,A,0,,Y,,,Y,,L,04,1,0,0,0,0,0,1,0,0,"- ","- ",36.575040000000001,-121.91284,MONTEREY,UNINCORPORATED,-121.91275077,36.57512784
90360892,2016,2017-01-04,9730,2016-12-29,1520,020899,,4,2,9,2700,0,1,3,,2,062,"NORTHBOUND SR-1","SR-68 (HOLMAN HIGHWAY)",943.00,N,N,A,-,Y,,,1,,,,,,,Y,2,0,2,1,A,-,08,22107,,N,F,A,A,A,H,-,A,D,0,,,,,Y,,E,22,1,0,1,0,0,0,0,0,0,"- ","- ",36.576479999999997,-121.90997,MONTEREY,UNINCORPORATED,-121.90999146999999,36.576513669999997
90365287,2016,2017-02-07,9735,2016-11-22,0915,016696,,2,1,9,2700,0,3,5,,2,003,"METZ ROAD","BLUE JAY LANE",1056.00,N,N,A,-,N,,,,,,,,,,Y,1,1,1,2,A,-,05,21460,A,N,A,C,A,A,H,-,A,D,0,,,,,Y,,A,01,0,1,0,0,0,0,0,0,0,"- ","- ",36.406149999999997,-121.26318000000001,MONTEREY,UNINCORPORATED,-121.26278354,36.405857400000002
90368756,2017,2017-01-13,9735,2017-01-11,1830,019800,,3,2,9,2700,0,3,5,,2,003,"LONOAK RD","FIRST ST",23760.00,E,N,A,-,N,,,,,,,,,,Y,2,0,1,1,A,-,08,22107,,N,E,I,A,A,H,-,D,D,0,,,,,Y,,A,01,1,0,0,0,0,0,0,0,0,"- ","- ",36.233150000000002,-121.04542000000001,MONTEREY,UNINCORPORATED,-121.04474583,36.233607239999998
90374377,2016,2017-01-31,9730,2016-12-13,1610,021396,,2,2,9,2700,0,1,3,,1,022,"SR-1 S/B","MALPASO CREEK BRIDGE",2413.00,S,N,A,-,Y,,,1,,,,,,S,Y,1,1,0,1,A,-,08,22107,,N,E,I,A,A,H,-,D,D,0,,,,,Y,,A,01,0,0,0,0,0,0,0,0,0,"- ","- ",36.464350000000003,-121.9273,MONTEREY,UNINCORPORATED,-121.92731232,36.464341099999999
90386089,2017,2017-02-06,9730,2017-02-01,1518,018810,,3,2,9,2700,0,1,3,,1,022,SR-1,"MORSE DRIVE",0.00,,Y,B,-,Y,,,1,,,,,,,Y,2,0,1,2,A,-,09,21804,A,N,D,C,A,A,H,-,A,A,0,,,Y,,Y,,D,22,1,0,0,0,0,0,0,0,1,"- ","- ",36.55274,-121.91055,MONTEREY,UNINCORPORATED,-121.910645,36.5527236
90405815,2016,2017-03-06,9730,2016-12-16,1517,020065,,5,2,9,2700,0,1,3,,1,068,"SR-68 (MONTEREY/SALINAS HWY.)","STEPHANIE DRIVE",921.00,W,N,A,-,Y,,,68,,,,,,,Y,1,1,1,2,A,-,08,22107,,N,D,C,A,A,H,-,A,D,0,,,,,Y,,A,01,0,0,1,0,0,0,0,0,0,"- ","- ",36.65175,-121.66159,MONTEREY,UNINCORPORATED,-121.66160096999999,36.651753849999999
90411304,2017,2017-03-13,9730,2017-01-18,1330,017502,,3,1,4,2706,0,1,3,,2,062,"SR-1 S/B TO FREMONT STREET","AGUAJITO ROAD",1056.00,N,N,C,-,Y,,,1,,,,R,,S,Y,1,1,0,1,A,-,08,22107,,N,E,I,A,B,H,-,A,D,0,,,,,Y,,D,22,0,0,0,0,0,0,0,0,0,"- ","- ",36.592939999999999,-121.87916,MONTEREY,MONTEREY,-121.87916,36.592939999999999
90416891,2016,2017-03-24,9730,2016-07-03,2240,019934,,7,3,9,2700,0,1,2,,1,030,"US101 N/B","CAMPHORA GLORIA O/C",2640.00,S,N,B,-,Y,,,101,,,,,,N,N,2,0,1,1,C,-,18,,,F,H,A,A,A,H,-,D,D,0,,,,,Y,Y,-,"- ",1,0,0,0,0,0,0,0,0,"- ","- ",36.443980000000003,-121.35590000000001,MONTEREY,UNINCORPORATED,-121.35587311,36.444021730000003
90433935,2017,2017-04-13,9730,2017-04-10,1530,019981,,1,2,9,2700,0,3,5,,2,002,"PALO COLORADO ROAD",SR-1,10560.00,E,N,A,-,N,,,,,,,,,,Y,2,0,1,1,A,-,08,22107,,N,E,I,A,A,H,-,A,D,0,,,,,Y,,A,07,1,0,0,0,0,0,0,0,0,"- ","- ",36.389789999999998,-121.87161999999999,MONTEREY,UNINCORPORATED,-121.87161999999999,36.389789999999998
9043758,2020,2020-02-25,2708,2020-01-16,1629,80368,,4,5,6,2708,0,0,0,,0,001,"SAN JUAN GRADE RD","RUSSELL RD",5.00,S,N,C,-,N,,,,,,,,,,Y,2,0,2,3,A,-,08,22107,,N,A,C,A,B,H,-,A,D,0,,,,,Y,,A,01,1,0,1,0,0,0,0,0,0,"- ","- ",,,MONTEREY,SALINAS,-121.64109802246094,36.730148315429688
90448060,2017,2017-05-03,9735,2017-04-25,1500,016696,,2,2,9,2700,0,3,5,,2,001,"14TH STREET","WALNUT AVENUE",1584.00,S,N,A,-,N,,,,,,,,,,Y,2,0,1,2,A,-,08,22107,,N,A,D,A,A,H,-,A,D,0,,,,Y,Y,,A,01,1,0,0,0,0,0,0,0,0,"- ","- ",36.310949999999998,-121.26758,MONTEREY,UNINCORPORATED,-121.26752526,36.310839139999999
90454680,2017,2017-05-12,9730,2017-05-05,1548,020841,,5,2,9,2700,0,3,5,,2,006,"ESPINOSA ROAD",SR-183,2270.00,E,N,A,-,N,,,,,,,,,,Y,2,0,4,3,A,-,05,21460,A,N,A,C,A,A,H,-,A,D,0,,,,,Y,,A,01,2,0,2,0,0,0,0,0,0,"- ","- ",36.742469999999997,-121.73302,MONTEREY,UNINCORPORATED,-121.73302174,36.742482459999998
90461543,2017,2018-05-25,9730,2017-05-19,0449,017785,,5,3,9,2700,0,1,2,,1,050,"US-101 NORTHBOUND","GOULD ROAD",0.00,,Y,A,-,Y,,,101,,,,,,N,Y,1,1,0,2,A,-,03,22350,,N,D,C,A,A,H,-,D,D,0,,,,Y,Y,,A,01,0,0,0,0,0,0,0,0,0,"- ","- ",36.645380000000003,-121.61149,MONTEREY,UNINCORPORATED,-121.61149502000001,36.645373130000003
90472224,2017,2017-06-06,9735,2017-06-05,1420,019486,,1,2,9,2700,0,1,2,,1,040,"US 101 S/B","UNDERWOOD RD",3168.00,N,N,A,-,Y,,,,,,,,,,Y,2,0,1,2,A,-,03,22350,,N,C,C,A,A,H,-,A,D,0,,,,,Y,,A,01,1,0,0,0,0,0,0,0,0,"- ","- ",36.304600000000001,-121.22392000000001,MONTEREY,UNINCORPORATED,-121.22261654,36.30342504
90490850,2017,2017-06-29,9730,2017-06-21,0805,018350,,3,1,9,2700,0,2,4,,1,023,"LAURELES GRADE","CARMEL VALLEY ROAD",0.00,,Y,A,B,N,,,,,,,,,,Y,2,0,1,1,A,-,03,22350,,N,E,I,A,A,H,-,A,A,0,,,,Y,Y,,F,27,1,0,0,0,0,0,0,0,0,"- ","- ",36.500579999999999,-121.75658,MONTEREY,UNINCORPORATED,-121.75655988,36.500920100000002
90493323,2017,2017-07-04,9730,2017-06-15,1833,012332,,4,2,6,2708,0,1,2,,1,050,"US-101 NORTHBOUND","LAUREL DRIVE",330.00,N,N,A,-,Y,,,101,,,,,,N,Y,1,1,0,2,A,-,11,21954,A,N,G,B,E,A,H,-,A,A,0,Y,,,,Y,,N,60,0,0,0,1,0,0,0,0,0,"- ","- ",36.698770000000003,-121.66488,MONTEREY,SALINAS,-121.66482425,36.698795760000003
90496679,2017,2017-07-10,9730,2017-07-01,2330,020677,,6,3,9,2700,0,3,5,,2,005,"HARRISON RD.","SALA RD.",528.00,S,N,A,-,N,,,,,,,,,,N,2,0,1,2,A,-,11,21954,A,N,A,B,D,A,H,-,D,D,0,Y,,,,Y,Y,N,60,1,0,0,0,1,0,0,0,0,"- ","- ",36.742809999999999,-121.65678,MONTEREY,UNINCORPORATED,-121.65693333,36.742993810000002
90505946,2017,2017-07-21,9730,2017-07-13,1733,019818,,4,2,9,2700,0,2,4,,1,073,"SAN MIGUEL CANYON RD","CASTROVILLE BLVD",528.00,N,N,B,-,N,,,,,,,,,,Y,2,0,1,2,A,-,09,21804,A,N,D,C,A,A,H,-,A,D,0,,,,,Y,,A,01,1,0,0,0,0,0,0,0,0,"- ","- ",36.80986,-121.67305,MONTEREY,UNINCORPORATED,-121.67295958,36.809570800000003