CASE_ID,ACCIDENT_YEAR,PROC_DATE,JURIS,COLLISION_DATE,COLLISION_TIME,OFFICER_ID,REPORTING_DISTRICT,DAY_OF_WEEK,CHP_SHIFT,POPULATION,CNTY_CITY_LOC,SPECIAL_COND,BEAT_TYPE,CHP_BEAT_TYPE,CITY_DIVISION_LAPD,CHP_BEAT_CLASS,BEAT_NUMBER,PRIMARY_RD,SECONDARY_RD,DISTANCE,DIRECTION,INTERSECTION,WEATHER_1,WEATHER_2,STATE_HWY_IND,CALTRANS_COUNTY,CALTRANS_DISTRICT,STATE_ROUTE,ROUTE_SUFFIX,POSTMILE_PREFIX,POSTMILE,LOCATION_TYPE,RAMP_INTERSECTION,SIDE_OF_HWY,TOW_AWAY,COLLISION_SEVERITY,NUMBER_KILLED,NUMBER_INJURED,PARTY_COUNT,PRIMARY_COLL_FACTOR,PCF_CODE_OF_VIOL,PCF_VIOL_CATEGORY,PCF_VIOLATION,PCF_VIOL_SUBSECTION,HIT_AND_RUN,TYPE_OF_COLLISION,MVIW,PED_ACTION,ROAD_SURFACE,ROAD_COND_1,ROAD_COND_2,LIGHTING,CONTROL_DEVICE,CHP_ROAD_TYPE,PEDESTRIAN_ACCIDENT,BICYCLE_ACCIDENT,MOTORCYCLE_ACCIDENT,TRUCK_ACCIDENT,NOT_PRIVATE_PROPERTY,ALCOHOL_INVOLVED,STWD_VEHTYPE_AT_FAULT,CHP_VEHTYPE_AT_FAULT,COUNT_SEVERE_INJ,COUNT_VISIBLE_INJ,COUNT_COMPLAINT_PAIN,COUNT_PED_KILLED,COUNT_PED_INJURED,COUNT_BICYCLIST_KILLED,COUNT_BICYCLIST_INJURED,COUNT_MC_KILLED,COUNT_MC_INJURED,PRIMARY_RAMP,SECONDARY_RAMP,LATITUDE,LONGITUDE,COUNTY,CITY,POINT_X,POINT_Y
90508973,2017,2017-07-26,9730,2017-07-16,0730,018350,,7,1,9,2700,0,3,5,,2,006,"OLD STAGE ROAD","NATIVIDAD ROAD",462.00,N,N,A,-,N,,,,,,,,,,Y,2,0,4,2,A,-,08,22107,,N,B,C,A,A,H,-,A,D,0,,,,,Y,,A,01,1,2,1,0,0,0,0,0,0,"- ","- ",36.741329999999998,-121.60223999999999,MONTEREY,UNINCORPORATED,-121.60229398,36.741215910000001
90522720,2017,2017-08-14,9730,2017-08-04,1624,012332,,5,2,9,2700,0,3,5,,2,005,"SAN JUAN GRADE RD","CRAZY HORSE CYN RD",8448.00,N,N,A,-,N,,,,,,,,,,Y,2,0,2,2,A,-,08,22107,,N,D,C,A,A,H,-,A,D,0,,,,,Y,,A,07,1,0,1,0,0,0,0,0,0,"- ","- ",36.791449999999998,-121.58532,MONTEREY,UNINCORPORATED,-121.58677186,36.790427270000002
90547402,2017,2017-09-14,9730,2017-09-06,0020,021396,,3,3,9,2700,0,3,5,,2,005,"HARRISON ROAD","MARTINES ROAD",150.00,N,N,A,-,N,,,,,,,,,,Y,2,0,1,1,A,-,08,22107,,N,F,A,A,A,H,-,C,A,0,,,,,Y,Y,A,08,1,0,0,0,0,0,0,0,0,"- ","- ",36.749969999999998,-121.65718,MONTEREY,UNINCORPORATED,-121.65728436000001,36.749475070000003
90552715,2017,2017-09-21,9730,2017-08-05,1050,018543,,6,1,9,2700,0,3,5,,2,003,"RIVER ROAD","PINE CANYON ROAD",1320.00,S,N,A,-,N,,,,,,,,,,Y,1,1,0,2,A,-,06,21751,,N,A,C,A,A,H,-,A,D,0,,,Y,,Y,,C,02,0,0,0,0,0,0,0,1,0,"- ","- ",36.596469999999997,-121.62181,MONTEREY,UNINCORPORATED,-121.62085254,36.596258159999998
90558333,2017,2017-09-28,9735,2017-08-22,1422,019486,,2,2,9,2700,0,1,2,,1,041,"U/S 101 S/B","LAGOMARSINO AVE",2112.00,S,N,A,-,Y,,,,,,,,,,Y,1,1,0,2,A,-,09,21804,A,N,D,C,A,A,H,-,A,D,0,,,,,Y,,A,01,0,0,0,0,0,0,0,0,0,"- ","- ",36.28172,-121.18922999999999,MONTEREY,UNINCORPORATED,,
90560690,2017,2017-10-02,9730,2017-08-11,2335,021359,,5,3,9,2700,0,1,3,,2,062,"SR-1 SOUTHBOUND","MPM 84.00",269.00,N,N,A,-,Y,,,1,,,,,,S,Y,1,1,4,3,A,-,21,22106,,N,D,C,A,A,H,-,C,D,0,,,,,Y,,A,01,0,2,2,0,0,0,0,0,0,"- ","- ",36.665559999999999,-121.81544,MONTEREY,UNINCORPORATED,-121.81542232,36.665552210000001
90569486,2017,2017-10-12,9730,2017-10-06,1325,017184,,5,1,9,2700,0,3,5,,2,006,"STRUVE RD. (SOUTH)",SR-1,1056.00,W,N,A,-,N,,,,,,,,,,Y,2,0,2,1,A,-,01,23152,A,F,E,I,A,A,H,-,A,A,0,,,,,Y,Y,A,01,1,1,0,0,0,0,0,0,0,"- ","- ",36.825960000000002,-121.78,MONTEREY,UNINCORPORATED,-121.78005,36.823349999999998
90576871,2017,2017-10-24,9730,2017-10-15,2220,021359,,7,3,9,2700,0,2,4,,1,073,"HALL ROAD","SAN MIGUEL CANYON ROAD",0.00,,Y,A,-,N,,,,,,,,,,Y,2,0,7,3,A,-,01,23152,A,N,A,C,A,A,H,-,D,A,0,,,,,Y,Y,A,01,1,3,3,0,0,0,0,0,0,"- ","- ",36.85933,-121.69523,MONTEREY,UNINCORPORATED,-121.69519993999999,36.859320099999998
90584221,2017,2017-10-31,9730,2017-10-25,0820,016666,,3,1,9,2700,0,3,5,,2,002,"15TH AVENUE","MONTE VERDE STREET",261.00,N,N,A,-,N,,,,,,,,,,N,2,0,1,2,A,-,08,22107,,N,G,B,E,A,H,-,A,D,0,Y,,,,Y,,A,01,1,0,0,0,1,0,0,0,0,"- ","- ",36.542999999999999,-121.9243,MONTEREY,UNINCORPORATED,-121.9258172,36.543380579999997
90590782,2017,2017-11-08,9730,2017-10-27,0955,018543,,5,1,9,2700,0,1,3,,1,014,SR-1,"BIXBY BRIDGE",1584.00,N,N,A,-,Y,,,1,,,,,,,Y,2,0,1,1,A,-,03,22350,,N,F,A,A,A,B,-,A,D,0,,,Y,,Y,,C,02,1,0,0,0,0,0,0,0,1,"- ","- ",36.375309999999999,-121.90481,MONTEREY,UNINCORPORATED,-121.90481468999999,36.375310089999999
90599142,2017,2017-11-21,9730,2017-11-17,1746,019956,,5,2,9,2700,0,2,4,,2,063,"WEST BLANCO RD","ARMSTRONG RD",300.00,E,N,A,-,N,,,,,,,,,,Y,2,0,1,2,A,-,09,21801,A,N,D,C,A,A,H,-,D,D,0,,,,,Y,,A,07,1,0,0,0,0,0,0,0,0,"- ","- ",36.678310000000003,-121.70531,MONTEREY,UNINCORPORATED,-121.70689994,36.678599990000002
90600339,2017,2018-03-14,9730,2017-10-26,0540,018886,,4,3,9,2700,0,2,4,,1,075,"SAN JUAN ROAD","SAN MIGUEL CANYON ROAD",6864.00,W,N,A,-,N,,,,,,,,,,Y,1,1,1,2,A,-,01,23152,A,N,A,C,A,A,H,-,D,D,0,,,,,Y,Y,A,01,1,0,0,0,0,0,0,0,0,"- ","- ",36.904040000000002,-121.71288,MONTEREY,UNINCORPORATED,-121.7131352,36.903998129999998
9060354,2020,2020-04-01,2710,2020-01-19,2252,40386,16,7,5,4,2710,0,0,0,,0,01B,"FREMONT BL","LIGHT POLE 1027",156.00,S,N,A,-,N,,,,,,,,,,Y,2,0,1,1,A,-,01,23152,A,N,E,I,A,A,H,-,C,D,0,,,,,Y,Y,A,01,1,0,0,0,0,0,0,0,0,"- ","- ",,,MONTEREY,SEASIDE,,
90643351,2017,2018-02-06,9730,2017-10-18,1738,017184,,3,2,9,2700,0,1,3,,1,014,"STATE ROUTE 1","PALO COLORADO",0.00,,N,A,-,Y,,,1,,,,,,,Y,1,1,4,3,A,-,06,21751,,N,A,C,A,A,H,-,A,A,0,,,,,Y,,A,01,3,1,0,0,0,0,0,0,0,"- ","- ",36.398490000000002,-121.90394999999999,MONTEREY,UNINCORPORATED,-121.9039399,36.398497949999999
90654997,2018,2018-02-05,9730,2018-01-27,0239,020677,,6,3,9,2700,0,1,3,,1,068,SR-68,"PASADERA RD.",1110.00,W,N,A,-,Y,,,68,,,,,,,Y,2,0,1,1,A,-,01,23152,A,N,E,I,A,A,H,-,D,D,0,,,,,Y,Y,A,01,1,0,0,0,0,0,0,0,0,"- ","- ",36.56781005859375,-121.78279876708984,MONTEREY,UNINCORPORATED,-121.78282928466797,36.567729949951172
90668620,2018,2018-02-23,9730,2018-02-18,0545,018886,,7,3,9,2700,0,2,4,,2,063,"BLANCO ROAD","HITCHCOCK ROAD",0.00,,Y,A,-,N,,,,,,,,,,Y,2,0,3,1,A,-,01,23152,A,N,E,A,A,A,H,-,D,A,0,,,,,Y,Y,D,22,1,0,2,0,0,0,0,0,0,"- ","- ",36.67620849609375,-121.70157623291016,MONTEREY,UNINCORPORATED,-121.70166015625,36.676200866699219
90671831,2017,2018-02-28,9730,2017-12-25,0205,020701,,1,3,6,2708,0,1,2,,1,050,"US-101 NORTHBOUND","JOHN STREET",920.00,N,N,A,-,Y,,,101,,,,,,N,Y,1,1,0,1,A,-,01,23152,A,N,E,I,A,A,H,-,D,D,0,,,,,Y,Y,A,01,0,0,0,0,0,0,0,0,0,"- ","- ",36.673250000000003,-121.64027,MONTEREY,SALINAS,-121.64039436,36.673224750000003
90674362,2018,2018-03-05,9730,2018-02-23,1955,020677,,5,2,9,2700,0,2,4,,1,073,"HALL RD.","SILL RD.",10.00,E,N,A,-,N,,,,,,,,,,N,2,0,1,2,A,-,11,21950,B,N,G,B,B,A,H,-,D,D,0,Y,,,,Y,,N,60,1,0,0,0,1,0,0,0,0,"- ","- ",36.864128112792969,-121.7222900390625,MONTEREY,UNINCORPORATED,-121.72249603271484,36.864109039306641
90674583,2018,2018-03-05,9730,2018-01-20,2500,020391,,6,4,9,2700,0,2,4,,1,073,"ELKHORN ROAD","GARIN ROAD",595.00,N,N,B,-,N,,,,,,,,,,Y,1,1,0,1,A,-,01,23152,A,N,F,A,A,A,H,-,C,D,0,,,,,Y,Y,A,01,0,0,0,0,0,0,0,0,0,"- ","- ",36.875011444091797,-121.7452392578125,MONTEREY,UNINCORPORATED,-121.74543762207031,36.874835968017578
90677812,2018,2018-03-08,9730,2018-03-04,0010,021320,,7,3,9,2700,0,3,5,,2,007,"STRAWBERRY ROAD","ELKHORN ROAD",3696.00,E,N,A,-,N,,,,,,,,,,Y,2,0,1,1,A,-,08,22107,,N,E,I,A,A,H,-,D,D,0,,,,,Y,,A,01,1,0,0,0,0,0,0,0,0,"- ","- ",36.824981689453125,-121.72277069091797,MONTEREY,UNINCORPORATED,-121.72215270996094,36.825042724609375
90691831,2018,2018-03-28,9730,2018-03-24,0345,021396,,6,3,9,2700,0,3,5,,2,007,"CASTROVILLE BOULEVARD","ELKHORN ROAD",1595.00,E,N,A,-,N,,,,,,,,,,Y,2,0,1,1,A,-,01,23152,A,N,E,I,A,A,H,-,D,D,0,,,,,Y,Y,A,07,1,0,0,0,0,0,0,0,0,"- ","- ",36.795150756835938,-121.71630096435547,MONTEREY,UNINCORPORATED,-121.71502685546875,36.795230865478516
90698717,2018,2018-04-04,9735,2018-03-24,1920,020057,,6,2,9,2700,0,3,5,,2,004,"CATTLEMEN RD.",US-101,417.00,N,N,A,-,N,,,,,,,,,,Y,2,0,1,1,A,-,08,22107,,N,F,A,A,A,H,-,B,D,0,,,,,Y,,A,01,1,0,0,0,0,0,0,0,0,"- ","- ",36.013469696044922,-120.92076110839844,MONTEREY,UNINCORPORATED,-120.92020416259766,36.013389587402344
90699772,2018,2018-04-05,9730,2018-03-30,2030,021888,,5,2,9,2700,0,2,4,,1,073,"SAN MIGUEL CANYON ROAD","MORO ROAD",0.00,,Y,A,-,N,,,,,,,,,,Y,2,0,3,2,A,-,17,21451,A,N,A,C,A,A,H,-,C,A,0,,,,,Y,,A,07,1,1,1,0,0,0,0,0,0,"- ","- ",36.802711486816406,-121.66673278808594,MONTEREY,UNINCORPORATED,-121.66671752929688,36.802669525146484
90700715,2018,2018-04-09,9730,2018-03-31,1506,020899,,6,2,9,2700,0,1,3,,1,022,"SR-1 NORTHBOUND","POINT LOBOS",1320.00,S,N,B,-,Y,,,1,,,,,,N,Y,2,0,1,2,A,-,09,21801,A,N,D,C,A,A,H,-,A,D,0,,,Y,,Y,,A,01,1,0,0,0,0,0,0,0,1,"- ","- ",36.512901306152344,-121.93784332275391,MONTEREY,UNINCORPORATED,-121.93795013427734,36.512920379638672
90702698,2018,2018-04-10,9730,2018-04-04,1400,018543,,3,2,9,2700,0,3,5,,2,005,"CRAZY HORSE CANYON ROAD","MPM 2.0",243.00,E,N,A,-,N,,,,,,,,,,Y,2,0,1,1,A,-,03,22350,,N,E,I,A,A,H,-,A,D,0,,,,,Y,,A,01,1,0,0,0,0,0,0,0,0,"- ","- ",36.798328399658203,-121.61640167236328,MONTEREY,UNINCORPORATED,,
90703676,2018,2018-04-11,9735,2018-04-08,0810,020168,,7,1,9,2700,0,3,5,,2,003,"METZ RD","ELM AVE",14256.00,S,N,A,-,N,,,,,,,,,,Y,2,0,1,1,A,-,01,23152,A,M,E,I,A,A,H,-,A,D,0,,,,,Y,Y,D,22,1,0,0,0,0,0,0,0,0,"- ","- ",36.311378479003906,-121.16876220703125,MONTEREY,UNINCORPORATED,-121.169921875,36.312873840332031
90710090,2018,2018-04-20,9735,2018-04-14,2055,020894,,6,2,3,2704,0,1,2,,1,040,"US-101 NORTHBOUND","OAK AVE",185.00,N,N,A,-,Y,,,101,,,,,,N,Y,2,0,4,3,A,-,01,23152,A,N,A,C,A,A,H,-,D,D,0,,,,,Y,Y,A,01,1,3,0,0,0,0,0,0,0,"- ","- ",36.324031829833984,-121.23827362060547,MONTEREY,GREENFIELD,-121.23828125,36.324020385742188
90719587,2018,2018-05-03,9730,2018-04-26,2326,019127,,4,3,9,2700,0,1,2,,1,030,"US-101 N/B","POTTER ROAD",0.00,,Y,B,-,Y,,,101,,,,,,N,Y,2,0,2,2,A,-,09,21801,A,N,D,C,A,A,H,-,D,D,0,,,,,Y,,A,01,1,1,0,0,0,0,0,0,0,"- ","- ",36.60552978515625,-121.55682373046875,MONTEREY,UNINCORPORATED,-121.55686950683594,36.605464935302734
90729644,2018,2018-05-21,9735,2018-04-09,1625,019800,,1,2,9,2700,0,1,2,,1,041,"US-101 N/B","CENTRAL AVE. EXTENSION",1440.00,N,N,A,-,Y,,,101,,,,,,N,Y,1,1,0,1,A,-,08,22107,,N,F,A,A,A,H,-,A,D,0,,,,,Y,,D,22,0,0,0,0,0,0,0,0,0,"- ","- ",36.206710815429688,-121.15937805175781,MONTEREY,UNINCORPORATED,-121.15892028808594,36.207000732421875
90747111,2018,2018-06-13,9735,2018-06-05,1235,019800,,2,1,9,2700,0,1,3,,1,034,SR-198,"PEACH TREE RD",11088.00,E,N,A,-,Y,,,198,,,,,,,N,2,0,1,1,A,-,08,22107,,N,F,A,A,A,H,-,A,D,0,,,Y,,Y,,C,02,1,0,0,0,0,0,0,0,1,"- ","- ",36.187671661376953,-120.81967926025391,MONTEREY,UNINCORPORATED,-120.81967163085938,36.187625885009766
90770561,2018,2018-07-17,9730,2018-07-08,1516,020899,,7,2,9,2700,0,1,3,,1,072,SR-156,"MCGUFFIE ROAD",10.00,W,N,A,-,Y,,,156,,,,,,,Y,2,0,6,2,A,-,03,22350,,N,D,C,A,A,H,-,A,D,0,,,,,Y,,A,01,1,2,3,0,0,0,0,0,0,"- ","- ",36.788608551025391,-121.67505645751953,MONTEREY,UNINCORPORATED,-121.67506408691406,36.788616180419922
90772033,2018,2018-07-18,9730,2018-06-16,2014,021407,,6,2,9,2700,0,3,5,,2,003,"ALTA STREET","CORDA ROAD",0.00,,Y,A,-,N,,,,,,,,,,Y,1,1,1,2,A,-,01,23152,A,N,D,C,A,A,H,-,C,A,0,,,,,Y,Y,D,22,0,0,1,0,0,0,0,0,0,"- ","- ",36.518470764160156,-121.45970153808594,MONTEREY,UNINCORPORATED,-121.45970916748047,36.518451690673828
90775328,2018,2018-07-24,9730,2018-07-16,0550,021776,,1,3,9,2700,0,1,3,,1,072,SR-156,"CASTROVILLE BOULEVARD",1584.00,E,N,B,-,Y,,,156,,,,,,,Y,2,0,1,1,A,-,08,22107,,N,F,A,A,A,H,-,B,D,0,,,,Y,Y,,G,25,1,0,0,0,0,0,0,0,0,"- ","- ",36.770030975341797,-121.73755645751953,MONTEREY,UNINCORPORATED,-121.73757934570312,36.770084381103516
90776666,2018,2018-07-25,9730,2018-07-19,1900,019529,,4,2,9,2700,0,1,3,,1,012,"STATE ROUTE 1","BIG CREEK BRIDGE",309.00,S,N,A,-,Y,,,1,,,,,,,Y,2,0,2,2,A,-,06,21750,A,N,D,C,A,A,H,-,A,D,0,,,,,Y,,A,07,1,0,1,0,0,0,0,0,0,"- ","- ",36.069339752197266,-121.59831237792969,MONTEREY,UNINCORPORATED,-121.59828186035156,36.069377899169922
90789081,2018,2018-08-13,9730,2018-08-02,0955,021776,,4,1,9,2700,0,1,3,,2,062,"WB SR-68 TO SB SR-1","AGUAJITO RD U/C",2640.00,N,N,B,-,Y,,,,,,,,,,Y,2,0,1,1,A,-,08,22107,,N,E,I,A,A,H,-,A,D,0,,,,,Y,,A,07,1,0,0,0,0,0,0,0,0,"- ","- ",36.594921112060547,-121.87117004394531,MONTEREY,UNINCORPORATED,,
90794206,2018,2018-08-20,9730,2018-08-12,1945,020990,,7,2,9,2700,0,2,4,,1,073,"SAN MIGUEL CANYON ROAD","APRICOT LANE",20.00,S,N,A,-,N,,,,,,,,,,N,2,0,1,1,A,-,03,22350,,N,F,A,A,A,H,-,B,D,0,,Y,,,Y,,L,04,1,0,0,0,0,0,1,0,0,"- ","- ",36.853958129882812,-121.69171905517578,MONTEREY,UNINCORPORATED,-121.69187927246094,36.854026794433594
90795428,2018,2018-08-22,9730,2018-08-10,2035,020598,,5,2,9,2700,0,3,5,,2,006,"W/B ESPINOSA ROAD",SR-183,2097.00,E,N,A,-,N,,,,,,,,,,Y,2,0,3,2,A,-,01,23152,A,N,A,C,A,A,H,-,D,D,0,,,,,Y,Y,A,01,2,1,0,0,0,0,0,0,0,"- ","- ",36.742778778076172,-121.73438262939453,MONTEREY,UNINCORPORATED,-121.73438262939453,36.742778778076172
90796646,2018,2018-08-23,9730,2018-06-30,0150,020896,,6,3,9,2700,0,3,5,,2,005,"SAN JUAN GRADE ROAD","AUGUSTA DRIVE",528.00,S,N,A,-,N,,,,,,,,,,Y,1,1,0,1,A,-,01,23152,A,N,E,I,A,A,H,-,D,D,0,,,,,Y,Y,A,01,0,0,0,0,0,0,0,0,0,"- ","- ",36.7435302734375,-121.62969207763672,MONTEREY,UNINCORPORATED,-121.62950897216797,36.743721008300781
90796656,2018,2018-09-24,9730,2018-08-18,2210,022061,,6,3,9,2700,0,3,5,,2,006,"DIRECTORS ROAD","BARLOY CANYON ROAD",93.00,S,N,E,-,N,,,,,,,,,,N,2,0,1,1,A,-,01,23152,A,N,F,A,A,A,H,-,C,D,0,,,Y,,Y,Y,C,03,1,0,0,0,0,0,0,0,1,"- ","- ",36.588481903076172,-121.75576782226562,MONTEREY,UNINCORPORATED,-121.75581359863281,36.588512420654297
90796986,2018,2018-08-23,9730,2018-08-20,1315,018886,,1,1,9,2700,0,1,3,,1,072,SR-156,"MERIDIAN ROAD",4752.00,W,N,A,-,Y,,,156,,,,,,,Y,2,0,2,1,A,-,08,22107,,N,E,I,A,A,H,-,A,D,0,,,,,Y,,A,01,1,0,1,0,0,0,0,0,0,"- ","- ",36.782600402832031,-121.69400024414062,MONTEREY,UNINCORPORATED,-121.69401550292969,36.782649993896484
90802057,2018,2018-08-30,9730,2018-08-21,1520,022039,,2,2,9,2700,0,1,3,,2,062,SR-1,SR-218,1056.00,N,N,A,-,Y,,,,,,,,,,N,2,0,2,2,A,-,07,21658,A,F,C,C,A,A,H,-,A,D,0,,,Y,,Y,,A,01,1,1,0,0,0,0,0,0,2,"- ","- ",36.607471466064453,-121.86057281494141,MONTEREY,UNINCORPORATED,,
90803253,2018,2018-08-31,9730,2018-08-21,1908,022061,,2,2,9,2700,0,1,3,,1,068,"SR-68 E/B","PORTOLA DRIVE",350.00,E,N,A,-,Y,,,68,,,,,,E,Y,2,0,3,3,A,-,05,21651,A,N,D,C,A,A,H,-,A,D,0,,,,,Y,,A,01,1,2,0,0,0,0,0,0,0,"- ","- ",36.608791351318359,-121.69200134277344,MONTEREY,UNINCORPORATED,-121.69197845458984,36.608779907226562
90808892,2018,2018-09-10,9730,2018-08-29,0757,020208,,3,1,9,2700,0,3,5,,2,007,"BLACKIE ROAD","COMMERCIAL PARKWAY",13728.00,E,N,A,-,N,,,,,,,,,,Y,2,0,5,2,A,-,05,21460,A,N,A,C,A,A,H,-,A,D,0,,,,,Y,,A,01,4,0,1,0,0,0,0,0,0,"- ","- ",36.775798797607422,-121.69805145263672,MONTEREY,UNINCORPORATED,-121.70259094238281,36.774459838867188
90820095,2018,2018-09-24,9730,2018-09-14,0400,021794,,5,3,9,2700,0,2,4,,1,023,"W/B CARMEL VALLEY ROAD","PHELPS WAY",300.00,E,N,A,-,N,,,,,,,,,,Y,2,0,1,1,A,-,08,22107,,N,A,I,A,A,H,-,D,D,0,,,,,Y,,A,01,1,0,0,0,0,0,0,0,0,"- ","- ",36.497108459472656,-121.75086975097656,MONTEREY,UNINCORPORATED,-121.75086975097656,36.497108459472656
90821943,2018,2018-09-26,9730,2018-09-15,0115,020598,,6,3,9,2700,0,1,3,,1,072,"SR-156 WESTBOUND","MILEPOST MARKER 1.62",33.00,W,N,A,-,Y,,,156,,,,,,W,Y,2,0,1,1,A,-,01,23152,F,N,F,I,A,A,H,-,C,D,0,,,,,Y,,D,22,1,0,0,0,0,0,0,0,0,"- ","- ",36.768199920654297,-121.74424743652344,MONTEREY,UNINCORPORATED,-121.74423980712891,36.768173217773438
90824474,2018,2018-09-28,9730,2018-08-14,0625,020208,,2,1,9,2700,0,1,3,,1,074,"SR-1 SOUTHBOUND","JENSEN ROAD",775.00,N,N,B,-,Y,,,1,,,,,,S,Y,1,1,3,3,A,-,03,22350,,N,C,C,A,B,H,-,B,D,0,,,,,Y,,A,01,1,0,2,0,0,0,0,0,0,"- ","- ",36.855991363525391,-121.77114105224609,MONTEREY,UNINCORPORATED,-121.77111053466797,36.855991363525391
90831778,2018,2018-11-07,9730,2018-08-05,1330,021794,,7,1,9,2700,0,3,5,,2,006,"MOLERA ROAD","ARTICHOKE LANE",400.00,W,N,A,-,N,,,,,,,,,,Y,1,1,0,2,A,-,03,22350,,N,C,C,A,A,H,-,A,D,0,,,Y,,Y,,C,02,0,0,0,0,0,0,0,1,0,"- ","- ",36.748260498046875,-121.77403259277344,MONTEREY,UNINCORPORATED,-121.77389526367188,36.748134613037109
90831819,2018,2018-10-09,9730,2018-08-08,0425,020701,,3,3,9,2700,0,3,5,,2,005,"SAN JUAN GRADE ROAD","HEBERT ROAD",74.00,N,N,E,-,N,,,,,,,,,,Y,1,1,1,2,A,-,01,23152,A,N,C,C,A,A,H,-,D,D,0,,,,,Y,Y,A,01,0,1,0,0,0,0,0,0,0,"- ","- ",36.759761810302734,-121.61553955078125,MONTEREY,UNINCORPORATED,-121.61558532714844,36.759754180908203
90844270,2018,2018-10-25,9730,2018-10-15,0615,020598,,1,1,9,2700,0,3,5,,2,006,"MONTE ROAD","272 MONTE ROAD",1057.00,S,N,A,-,N,,,,,,,,,,Y,2,0,1,2,A,-,05,21460,A,N,B,C,A,A,H,-,D,D,0,,,,,Y,,M,46,1,0,0,0,0,0,0,0,0,"- ","- ",36.732101440429688,-121.78179931640625,MONTEREY,UNINCORPORATED,-121.78157043457031,36.732322692871094
90846048,2018,2018-10-26,9730,2018-10-15,1655,021888,,1,2,6,2708,0,1,2,,1,070,"US-101 NORTH BOUND FROM LAUREL DRIVE","LAUREL DRIVE",12.00,N,N,A,-,Y,,,101,,,,R,,,Y,2,0,1,2,A,-,05,21650,,N,D,G,A,A,H,-,A,A,0,,Y,,,Y,,L,04,1,0,0,0,0,0,1,0,0,"- ","- ",36.698101043701172,-121.66340637207031,MONTEREY,SALINAS,-121.66340637207031,36.698101043701172
90849606,2018,2018-10-31,9730,2018-10-19,1425,020899,,5,2,9,2700,0,1,2,,1,030,"NORTHBOUND US-101","HARTNELL ROAD",1109.00,N,N,A,-,Y,,,101,,,,,,,N,2,0,1,2,A,-,05,21202,A,N,B,G,A,A,H,-,A,D,0,,Y,,,Y,,L,04,1,0,0,0,0,0,1,0,0,"- ","- ",36.625049591064453,-121.58329772949219,MONTEREY,UNINCORPORATED,-121.58328247070312,36.625064849853516
90853548,2018,2018-11-06,9730,2018-10-06,0550,018886,,6,3,9,2700,0,3,5,,2,006,"MONTE ROAD","NEPONSET ROAD",750.00,N,N,A,-,N,,,,,,,,,,N,2,0,1,2,A,-,08,22107,,F,G,B,E,A,H,-,D,D,0,Y,,,,Y,,-,99,1,0,0,0,1,0,0,0,0,"- ","- ",36.727649688720703,-121.78649139404297,MONTEREY,UNINCORPORATED,-121.78646850585938,36.727725982666016
90854672,2018,2018-11-07,9730,2018-10-29,1359,021407,,1,1,9,2700,0,3,5,,2,005,"HEBERT ROAD","SAN JUAN GRADE ROAD",158.00,E,N,A,-,N,,,,,,,,,,Y,2,0,2,1,A,-,01,23152,A,N,E,I,A,A,H,-,A,D,0,,,,,Y,Y,A,07,1,1,0,0,0,0,0,0,0,"- ","- ",36.757301330566406,-121.61180114746094,MONTEREY,UNINCORPORATED,-121.61528778076172,36.759342193603516
90859174,2018,2018-11-13,9735,2018-11-01,2252,020841,,4,3,9,2700,0,1,2,,2,042,"US-101 N/B","LAYOUS O/C",6864.00,S,N,A,-,Y,,,101,,,,,,N,Y,2,0,1,2,A,-,03,22350,,N,C,C,A,A,H,-,D,D,0,,,,Y,Y,,A,01,1,0,0,0,0,0,0,0,0,"- ","- ",36.153858184814453,-121.04512786865234,MONTEREY,UNINCORPORATED,-121.04515075683594,36.153846740722656
90862460,2018,2018-11-19,9730,2018-11-08,1758,022151,,4,2,9,2700,0,1,3,,1,022,SR-1,"CARMEL VALLEY RD",0.00,,Y,A,-,Y,,,1,,,,,,,Y,2,0,1,2,A,-,01,23152,A,N,D,C,A,A,H,-,C,A,0,,,Y,,Y,Y,C,02,1,0,0,0,0,0,0,0,1,"- ","- ",36.543388366699219,-121.90833282470703,MONTEREY,UNINCORPORATED,-121.90837097167969,36.543376922607422
90866429,2018,2018-11-26,9730,2018-11-11,2350,022039,,7,3,9,2700,0,1,2,,1,030,"N/B US-101","HARTNELL ROAD",0.00,,Y,A,-,Y,,,101,,,,,,,Y,2,0,3,2,A,-,01,23152,A,N,C,C,A,A,H,-,D,D,0,,,,,Y,Y,A,01,2,1,0,0,0,0,0,0,0,"- ","- ",36.622989654541016,-121.58090972900391,MONTEREY,UNINCORPORATED,-121.58091735839844,36.622982025146484