CASE_ID,ACCIDENT_YEAR,PROC_DATE,JURIS,COLLISION_DATE,COLLISION_TIME,OFFICER_ID,REPORTING_DISTRICT,DAY_OF_WEEK,CHP_SHIFT,POPULATION,CNTY_CITY_LOC,SPECIAL_COND,BEAT_TYPE,CHP_BEAT_TYPE,CITY_DIVISION_LAPD,CHP_BEAT_CLASS,BEAT_NUMBER,PRIMARY_RD,SECONDARY_RD,DISTANCE,DIRECTION,INTERSECTION,WEATHER_1,WEATHER_2,STATE_HWY_IND,CALTRANS_COUNTY,CALTRANS_DISTRICT,STATE_ROUTE,ROUTE_SUFFIX,POSTMILE_PREFIX,POSTMILE,LOCATION_TYPE,RAMP_INTERSECTION,SIDE_OF_HWY,TOW_AWAY,COLLISION_SEVERITY,NUMBER_KILLED,NUMBER_INJURED,PARTY_COUNT,PRIMARY_COLL_FACTOR,PCF_CODE_OF_VIOL,PCF_VIOL_CATEGORY,PCF_VIOLATION,PCF_VIOL_SUBSECTION,HIT_AND_RUN,TYPE_OF_COLLISION,MVIW,PED_ACTION,ROAD_SURFACE,ROAD_COND_1,ROAD_COND_2,LIGHTING,CONTROL_DEVICE,CHP_ROAD_TYPE,PEDESTRIAN_ACCIDENT,BICYCLE_ACCIDENT,MOTORCYCLE_ACCIDENT,TRUCK_ACCIDENT,NOT_PRIVATE_PROPERTY,ALCOHOL_INVOLVED,STWD_VEHTYPE_AT_FAULT,CHP_VEHTYPE_AT_FAULT,COUNT_SEVERE_INJ,COUNT_VISIBLE_INJ,COUNT_COMPLAINT_PAIN,COUNT_PED_KILLED,COUNT_PED_INJURED,COUNT_BICYCLIST_KILLED,COUNT_BICYCLIST_INJURED,COUNT_MC_KILLED,COUNT_MC_INJURED,PRIMARY_RAMP,SECONDARY_RAMP,LATITUDE,LONGITUDE,COUNTY,CITY,POINT_X,POINT_Y
90879388,2018,2018-12-10,9730,2018-12-01,0740,020621,,6,1,9,2700,0,3,5,,2,007,"CASTROVILLE BLVD","PARADISE ROAD",150.00,E,N,B,C,N,,,,,,,,,,Y,2,0,1,1,A,-,08,22107,,N,E,I,A,B,H,-,A,D,0,,,,,Y,,A,01,1,0,0,0,0,0,0,0,0,"- ","- ",36.799690246582031,-121.69770050048828,MONTEREY,UNINCORPORATED,-121.6981201171875,36.799446105957031
90880374,2018,2020-02-28,9730,2018-10-01,1934,020065,,1,2,9,2700,0,1,2,,1,050,"US-101 S/B","SPENCE ROAD",3168.00,N,N,A,-,Y,,,101,,,,,,S,Y,1,1,2,4,A,-,01,23152,A,N,A,C,A,A,H,-,D,D,0,,,,,Y,Y,D,22,1,0,1,0,0,0,0,0,0,"- ","- ",36.618568420410156,-121.57514190673828,MONTEREY,UNINCORPORATED,-121.57515716552734,36.618545532226562
90880423,2018,2019-11-20,9730,2018-10-11,1855,020899,,4,2,9,2700,0,2,4,,1,073,"SALINAS ROAD","TRAFTON ROAD",542.00,S,N,A,-,N,,,,,,,,,,Y,1,1,2,2,A,-,01,23152,A,N,D,C,A,A,H,-,B,D,0,,,,,Y,Y,A,01,2,0,0,0,0,0,0,0,0,"- ","- ",36.885208129882812,-121.74710845947266,MONTEREY,UNINCORPORATED,-121.74701690673828,36.885303497314453
90880581,2018,2018-12-11,9730,2018-11-10,1737,022129,,6,2,9,2700,0,1,3,,1,068,"STATE ROUTE 68","FAIRGROUND ROAD OVER CROSSING",295.00,E,N,A,-,Y,,,,,,,,,,Y,1,1,0,1,A,-,08,22107,,N,F,I,A,A,H,-,D,D,0,,,Y,,Y,,C,02,0,0,0,0,0,0,0,1,0,"- ","- ",36.592960357666016,-121.86714935302734,MONTEREY,UNINCORPORATED,,
90885664,2018,2018-12-18,9730,2018-12-08,0109,022151,,6,3,9,2700,0,1,2,,1,030,"US-101 N/B","CHUALAR RIVER RD",4224.00,S,N,A,-,Y,,,101,,,,,,N,Y,2,0,2,1,A,-,08,22107,,N,E,I,A,A,H,-,D,D,0,,,,,Y,,A,07,1,1,0,0,0,0,0,0,0,"- ","- ",36.560169219970703,-121.50877380371094,MONTEREY,UNINCORPORATED,-121.50878143310547,36.560157775878906
90905559,2019,2019-01-16,9735,2019-01-11,1820,019965,,5,2,9,2700,0,3,5,,2,003,"SAN BENITO ST","SAN LUCAS ST",195.00,S,N,A,-,N,,,,,,,,,,N,2,0,1,1,A,-,03,22350,,N,E,J,A,A,H,-,D,D,0,,,Y,,Y,,C,06,1,0,0,0,0,0,0,0,1,"- ","- ",36.130519866943359,-121.02240753173828,MONTEREY,UNINCORPORATED,-121.02244567871094,36.130466461181641
90908115,2019,2019-01-21,9730,2019-01-13,1203,019315,,7,1,9,2700,0,1,3,,1,068,SR-68,"SAN BENANCIO ROAD",1584.00,E,N,B,-,Y,,,68,,,,,,,Y,2,0,1,3,A,-,03,22350,,N,C,C,A,A,H,-,A,D,0,,,Y,,Y,,D,22,1,0,0,0,0,0,0,0,1,"- ","- ",36.582550048828125,-121.71571350097656,MONTEREY,UNINCORPORATED,-121.71570587158203,36.582546234130859
90920272,2019,2019-02-06,9730,2019-01-28,1805,019529,,1,2,9,2700,0,1,3,,1,068,"STATE ROUTE 68 (SALINAS)","STATE ROUTE 1",2550.00,E,N,A,-,Y,,,68,,,,,,,Y,2,0,3,2,A,-,01,23152,A,N,A,C,A,A,H,-,C,D,0,,,,,Y,Y,A,07,1,2,0,0,0,0,0,0,0,"- ","- ",36.586048126220703,-121.86312103271484,MONTEREY,UNINCORPORATED,-121.86310577392578,36.586082458496094
90941211,2019,2019-03-06,9730,2019-02-25,2243,021856,,1,3,9,2700,0,1,2,,1,030,"NORTHBOUND US-101","US-101 NORTHBOUND TO ABBOTT STREET",0.00,,Y,A,-,Y,,,101,,,,,,,Y,2,0,3,1,A,-,08,22107,,N,F,J,A,A,H,-,D,D,0,,,,,Y,,A,07,1,1,1,0,0,0,0,0,0,"- ","- ",36.624870300292969,-121.58322143554688,MONTEREY,UNINCORPORATED,-121.58315277099609,36.62493896484375
90947926,2019,2019-03-18,9730,2019-03-09,0105,020677,,6,3,9,2700,0,1,2,,1,030,"US-101 S/B","SPENCE RD",1320.00,S,N,A,-,Y,,,101,,,,,,S,Y,2,0,1,2,A,-,03,22350,,N,C,C,A,A,H,-,D,D,0,,,,Y,Y,,A,01,1,0,0,0,0,0,0,0,0,"- ","- ",36.606651306152344,-121.55809020996094,MONTEREY,UNINCORPORATED,-121.55835723876953,36.606285095214844
90965054,2019,2019-04-10,9730,2019-04-02,1312,018298,,2,1,9,2700,0,3,5,,2,006,"RESERVATION RD.","INTER GARRISON RD.",2112.00,W,N,A,-,N,,,,,,,,,,Y,2,0,2,2,A,-,08,22107,,N,E,I,A,A,H,-,A,D,0,,,,,Y,,A,01,1,0,1,0,0,0,0,0,0,"- ","- ",36.662670135498047,-121.74806213378906,MONTEREY,UNINCORPORATED,-121.74797821044922,36.662639617919922
90971135,2019,2019-04-19,9730,2019-04-12,1440,021358,,5,2,9,2700,0,2,4,,1,023,"CARMEL VALLEY ROAD","PASO HONDO",130.00,E,N,A,-,N,,,,,,,,,,Y,2,0,1,2,A,-,01,23152,A,N,B,E,A,A,H,-,A,D,0,,,,Y,Y,Y,A,01,1,0,0,0,0,0,0,0,0,"- ","- ",38.478610992431641,-121.73004913330078,MONTEREY,UNINCORPORATED,-121.73046875,36.478759765625
90971908,2019,2019-04-22,9730,2019-04-03,0514,016537,,3,3,9,2700,0,3,5,,2,005,"ROGGE RD.","NATIVIDAD RD.",2112.00,W,N,B,-,N,,,,,,,,,,N,2,0,1,2,A,-,08,22107,,F,G,B,E,A,H,-,D,D,0,Y,,,,Y,,-,99,1,0,0,0,1,0,0,0,0,"- ","- ",36.729068756103516,-121.62436676025391,MONTEREY,UNINCORPORATED,-121.62328338623047,36.728919982910156
90984801,2019,2019-05-09,9735,2019-04-30,1036,017257,,2,1,9,2700,0,1,2,,2,042,"US 101 NORTHBOUND","WILD HORSE ROAD U/C",2112.00,N,N,A,-,Y,,,,,,,,,,Y,1,1,0,1,A,-,08,22107,,N,F,A,A,A,H,-,A,D,0,,,,,Y,,D,22,0,0,0,0,0,0,0,0,0,"- ","- ",36.192928314208984,-121.08466339111328,MONTEREY,UNINCORPORATED,-121.07831573486328,36.190654754638672
90989511,2019,2019-05-15,9735,2019-05-11,1050,020036,,6,1,9,2700,0,1,2,,1,041,"US-101 NORTHBOUND","JOLON RD",5280.00,N,N,A,-,Y,,,101,,,,,,N,Y,2,0,2,2,A,-,09,21804,A,N,D,C,A,A,H,-,A,D,0,,,,,Y,,A,01,1,1,0,0,0,0,0,0,0,"- ","- ",36.209941864013672,-121.16103363037109,MONTEREY,UNINCORPORATED,-121.16095733642578,36.209995269775391
90990837,2019,2019-05-17,9730,2019-05-09,0620,015160,,4,1,9,2700,0,2,4,,1,073,"SALINAS ROAD","WERNER ROAD",0.00,,Y,C,-,N,,,,,,,,,,Y,2,0,1,2,A,-,08,22107,,N,A,C,A,B,H,-,A,A,0,,,,,Y,,D,22,1,0,0,0,0,0,0,0,0,"- ","- ",36.878421783447266,-121.75038146972656,MONTEREY,UNINCORPORATED,-121.75139617919922,36.878269195556641
90997196,2019,2019-05-28,9730,2019-02-25,0931,019770,,1,1,9,2700,0,1,2,,1,030,"US-101 SOUTHBOUND","MAIN STREET (CHUALAR)",13200.00,S,N,B,-,Y,,,101,,,,,,S,Y,1,1,7,4,A,-,01,23152,F,N,E,I,A,A,H,-,A,A,0,,,,,Y,,A,07,2,5,0,0,0,0,0,0,0,"- ","- ",36.542400360107422,-121.48882293701172,MONTEREY,UNINCORPORATED,-121.48873901367188,36.542495727539062
91007310,2019,2019-06-11,9730,2019-06-02,2035,022092,,7,2,9,2700,0,3,5,,2,007,"CASTROVILLE BOULEVARD","ARCHER ROAD",0.00,,Y,B,-,N,,,,,,,,,,Y,2,0,2,2,A,-,03,22350,,N,D,C,A,A,H,-,C,A,0,,,Y,,Y,,C,02,1,1,0,0,0,0,0,0,1,"- ","- ",36.796150207519531,-121.70343017578125,MONTEREY,UNINCORPORATED,-121.703369140625,36.796211242675781
9100841,2020,2020-08-10,2708,2020-04-18,1525,13173,SALIN,6,5,6,2708,0,0,0,,0,009,"VIA PARAISO","E SAN MIGUEL",0.00,S,N,A,-,N,,,,,,,,,,N,2,0,1,1,A,-,08,22107,,M,A,I,A,A,H,-,A,D,0,,,,,Y,Y,D,22,1,0,0,0,0,0,0,0,0,"- ","- ",,,MONTEREY,SALINAS,-121.64692687988281,36.655941009521484
91010833,2019,2019-06-17,9730,2019-06-08,0620,019315,,6,1,9,2700,0,1,2,,1,030,"US-101 (N/B)","GLORIA RD",20.00,N,N,A,-,Y,,,101,,,,,,,Y,2,0,1,1,A,-,03,22350,,N,E,I,A,A,H,-,A,D,0,,,,,Y,,D,22,1,0,0,0,0,0,0,0,0,"- ","- ",36.493240356445312,-121.42704772949219,MONTEREY,UNINCORPORATED,-121.4271240234375,36.493202209472656
91023955,2019,2019-07-03,9730,2019-06-23,1113,022151,,7,1,9,2700,0,3,5,,2,004,"OLD STAGE RD","WILLIAMS RD",9504.00,N,N,A,-,N,,,,,,,,,,Y,2,0,1,1,A,-,08,22107,,N,E,I,A,A,H,-,A,D,0,,,,,Y,,A,01,1,0,0,0,0,0,0,0,0,"- ","- ",36.719169616699219,-121.59333038330078,MONTEREY,UNINCORPORATED,-121.59335327148438,36.719474792480469
91026634,2019,2019-09-30,9730,2019-03-23,2500,020598,,6,4,9,2700,0,1,3,,1,074,"STATE ROUTE 1","STRUVE ROAD (SOUTH)",430.00,N,N,C,-,Y,,,1,,,,,,,N,1,1,0,2,A,-,08,22107,,F,G,B,E,B,H,-,C,D,0,Y,,,,Y,,-,99,0,0,0,1,0,0,0,0,0,"- ","- ",36.823799133300781,-121.77860260009766,MONTEREY,UNINCORPORATED,-121.77866363525391,36.823940277099609
91027724,2019,2019-07-09,9730,2019-06-30,2150,021776,,7,2,9,2700,0,2,4,,2,063,"W. BLANCO ROAD","ARMSTRONG ROAD",768.00,E,N,A,-,N,,,,,,,,,,Y,2,0,1,2,A,-,01,23152,F,N,A,C,A,A,H,-,D,D,0,,,,,Y,,A,07,1,0,0,0,0,0,0,0,0,"- ","- ",36.678268432617188,-121.70535278320312,MONTEREY,UNINCORPORATED,-121.70536804199219,36.678264617919922
91037095,2019,2019-07-24,9730,2019-07-14,0120,022151,,7,3,9,2700,0,3,5,,2,005,"OLD NATIVIDAD RD","NATIVIDAD RD",1214.00,E,N,A,-,N,,,,,,,,,,Y,2,0,2,1,A,-,01,23152,A,M,E,I,A,A,H,-,D,D,0,,,,,Y,Y,A,07,1,0,1,0,0,0,0,0,0,"- ","- ",36.731338500976562,-121.60443115234375,MONTEREY,UNINCORPORATED,-121.60453033447266,36.731414794921875
91038049,2019,2019-07-26,9735,2019-07-21,1714,022328,,7,2,9,2700,0,3,5,,2,002,"BRADLEY ROAD","TOWER ROAD",118.00,S,N,A,-,Y,,,,,,,,,,Y,2,0,1,2,A,-,05,21460,A,N,A,C,A,A,H,-,A,D,0,,,Y,,Y,,C,02,1,0,0,0,0,0,0,0,1,"- ","- ",35.813899993896484,-120.75530242919922,MONTEREY,UNINCORPORATED,-120.75993347167969,35.81365966796875
91051133,2019,2019-08-13,9735,2019-07-21,2355,020841,,7,3,9,2700,0,1,2,,1,040,"US-101 N/B","HUDSON ROAD",134.00,N,N,A,-,Y,,,101,,,,,,N,Y,1,2,5,4,A,-,01,23152,F,N,A,C,A,A,H,-,D,D,0,,,,Y,Y,,A,08,1,4,0,0,0,0,0,0,0,"- ","- ",36.353038787841797,-121.26782989501953,MONTEREY,UNINCORPORATED,-121.26782989501953,36.353038787841797
91058571,2019,2019-08-23,9730,2019-05-31,0553,020621,,5,3,9,2700,0,2,4,,1,073,"SAN MIGUEL CANYON ROAD","DAMASCUS DRIVE",1584.00,S,N,B,-,N,,,,,,,,,,Y,1,3,2,2,A,-,01,23152,F,N,A,C,A,A,H,-,B,D,0,,,,,Y,,A,01,2,0,0,0,0,0,0,0,0,"- ","- ",36.841781616210938,-121.68782806396484,MONTEREY,UNINCORPORATED,-121.68819427490234,36.842060089111328
91066501,2019,2019-09-04,9730,2019-08-24,2120,021888,,6,2,9,2700,0,1,3,,1,074,"SR-1 NORTHBOUND","STRUVE ROAD",236.00,S,N,B,-,Y,,,1,,,,,,N,Y,2,0,1,1,A,-,01,23152,A,N,F,A,A,A,H,-,D,D,0,,,,,Y,Y,A,07,1,0,0,0,0,0,0,0,0,"- ","- ",36.830768585205078,-121.77091979980469,MONTEREY,UNINCORPORATED,-121.77103424072266,36.830799102783203
91070821,2019,2019-09-09,9730,2019-08-28,1707,019818,,3,2,9,2700,0,1,2,,1,050,"US 101 N/B","BORONDA RD",4752.00,S,N,A,-,Y,,,,,,,,,,Y,2,0,3,2,A,-,01,23152,A,N,C,C,A,A,D,-,A,D,0,,,,,Y,Y,D,22,1,2,0,0,0,0,0,0,0,"- ","- ",36.707778930664062,-121.6646728515625,MONTEREY,UNINCORPORATED,-121.66421508789062,36.709449768066406
91073309,2019,2019-09-12,9730,2019-09-02,1342,018810,,1,1,9,2700,0,1,3,,1,074,SR-1,"MOSS LANDING ROAD",478.00,N,N,A,-,Y,,,1,,,,,,,Y,2,0,1,3,A,-,09,21801,A,N,D,C,A,A,H,-,A,D,0,,,Y,Y,Y,,G,26,1,0,0,0,0,0,0,0,1,"- ","- ",36.800769805908203,-121.78376007080078,MONTEREY,UNINCORPORATED,-121.78341674804688,36.800830841064453
91085235,2019,2019-09-27,9730,2019-09-17,0349,022129,,2,3,9,2700,0,3,5,,2,007,"MORO ROAD","FALLEN LEAF LANE",180.00,E,N,B,-,N,,,,,,,,,,Y,2,0,1,1,A,-,08,22107,,N,E,I,A,A,H,-,D,D,0,,,,,Y,,A,01,1,0,0,0,0,0,0,0,0,"- ","- ",36.803909301757812,-121.65940856933594,MONTEREY,UNINCORPORATED,-121.65943145751953,36.803836822509766
91086185,2019,2019-09-30,9730,2019-09-27,1825,022047,,5,2,9,2700,0,3,5,,2,004,"OLD STAGE RD.","ESPERANZA RD.",1584.00,S,N,B,-,N,,,,,,,,,,Y,2,0,1,2,A,-,06,21751,,N,B,C,A,A,H,-,D,D,0,,,,Y,Y,,A,07,1,0,0,0,0,0,0,0,0,"- ","- ",36.600460052490234,-121.51033020019531,MONTEREY,UNINCORPORATED,-121.51064300537109,36.600929260253906
91087610,2019,2019-10-01,9730,2019-09-20,1939,019239,,5,2,9,2700,0,1,3,,1,066,"SR-183 SB","MCFADDEN RD",2112.00,S,N,A,-,Y,,,183,,,,,,S,Y,2,0,2,1,A,-,08,22107,,N,E,I,A,A,H,-,D,D,0,,,,,Y,,A,07,1,1,0,0,0,0,0,0,0,"- ","- ",36.692600250244141,-121.69370269775391,MONTEREY,UNINCORPORATED,-121.69371795654297,36.69256591796875
91087737,2019,2019-10-01,9730,2019-09-21,2355,022092,,6,3,9,2700,0,3,5,,2,005,"OLD STAGE ROAD","OLD NATIVIDAD ROAD",2112.00,S,N,A,-,N,,,,,,,,,,Y,2,0,1,1,A,-,01,23152,A,N,F,A,A,A,H,-,D,D,0,,,Y,,Y,Y,C,02,1,0,0,0,0,0,0,0,1,"- ","- ",36.726428985595703,-121.59429168701172,MONTEREY,UNINCORPORATED,-121.59455108642578,36.726909637451172
91090488,2019,2019-10-04,9730,2019-09-25,1750,020990,,3,2,9,2700,0,2,4,,1,075,"SAN JUAN ROAD","SAN MIGUEL CANYON ROAD",3155.00,W,N,A,-,N,,,,,,,,,,Y,2,0,2,2,A,-,08,22107,,N,A,C,A,A,H,-,A,D,0,,,,,Y,,A,01,2,0,0,0,0,0,0,0,0,"- ","- ",36.904090881347656,-121.70496368408203,MONTEREY,UNINCORPORATED,-121.70063018798828,36.903213500976562
91092180,2019,2019-10-07,9730,2019-09-25,0145,020065,,3,3,9,2700,0,1,2,,1,070,"US-101 S/B","SAN JUAN ROAD",2640.00,S,N,A,-,Y,,,101,,,,,,S,Y,2,0,1,1,A,-,01,23152,A,N,E,I,A,A,H,-,D,D,0,,,,,Y,Y,A,01,1,0,0,0,0,0,0,0,0,"- ","- ",36.853130340576172,-121.63477325439453,MONTEREY,UNINCORPORATED,-121.63470458984375,36.853084564208984
91093636,2019,2019-10-09,9730,2019-09-29,1350,021358,,7,1,9,2700,0,1,3,,1,068,SR-68,"PASADERA DRIVE",2000.00,W,N,A,-,Y,,,68,,,,,,,Y,2,0,1,1,A,-,01,23152,A,N,F,A,A,A,H,-,A,D,0,,,,,Y,Y,A,07,1,0,0,0,0,0,0,0,0,"- ","- ",36.569801330566406,-121.79154968261719,MONTEREY,UNINCORPORATED,-121.79154205322266,36.56976318359375
91094952,2019,2019-10-29,9735,2019-07-04,1455,019965,,4,2,9,2700,0,3,5,,2,001,"ARROYO SECO","CLARK RD",4224.00,N,N,A,-,N,,,,,,,,,,Y,1,1,1,1,A,-,01,23153,A,N,F,A,A,A,H,-,A,D,0,,,,,Y,Y,A,01,1,0,0,0,0,0,0,0,0,"- ","- ",36.360321044921875,-121.32051849365234,MONTEREY,UNINCORPORATED,-121.32058715820312,36.360324859619141
91099757,2019,2019-10-18,9735,2019-10-09,0019,021431,,3,3,9,2700,0,1,2,,2,044,"US-101 SB","JOLON ROAD",2112.00,N,N,A,-,Y,,,101,,,,,,S,Y,2,0,1,1,A,-,08,22107,,N,E,I,A,A,H,-,D,D,0,,,,,Y,,D,22,1,0,0,0,0,0,0,0,0,"- ","- ",35.878829956054688,-120.83933258056641,MONTEREY,UNINCORPORATED,-120.83924102783203,35.878875732421875
91104364,2019,2019-10-23,9730,2019-10-13,1450,014565,,7,2,9,2700,0,1,2,,1,070,"US-101 S/B TO SALA RD","SALA RD O/C",773.00,N,N,A,-,Y,,,101,,,,R,,S,Y,2,0,2,1,A,-,01,23152,F,N,E,I,A,A,H,-,A,D,0,,,,,Y,,A,01,2,0,0,0,0,0,0,0,0,"- ","- ",36.745719909667969,-121.66162109375,MONTEREY,UNINCORPORATED,-121.66162109375,36.745719909667969
91108487,2019,2019-10-29,9730,2019-10-21,1445,020896,,1,2,9,2700,0,1,3,,1,014,"SR-1 SB","WESTON RIDGE RD",250.00,N,N,A,-,Y,,,1,,,,,,S,Y,2,0,1,2,A,-,03,22350,,N,D,C,A,A,H,-,A,D,0,,,Y,,Y,,C,02,1,0,0,0,0,0,0,0,1,"- ","- ",36.410171508789062,-121.91464996337891,MONTEREY,UNINCORPORATED,-121.91462707519531,36.410179138183594
91119199,2019,2019-11-13,9730,2019-11-01,0900,019022,,5,1,2,2701,0,1,3,,1,022,"SR-1 SOUTHBOUND (CABRILLO HIGHWAY)","CARPENTER ROAD",15.00,N,N,A,-,Y,,,,,,,,,,Y,2,0,1,2,A,-,03,22350,,N,C,C,A,A,H,-,A,A,0,,,,,Y,,A,01,1,0,0,0,0,0,0,0,0,"- ","- ",36.566608428955078,-121.91304779052734,MONTEREY,CARMEL,-121.91562652587891,36.561851501464844
91122161,2019,2019-11-18,9730,2019-11-13,2140,022092,,3,2,9,2700,0,3,5,,2,004,"OLD STAGE ROAD","US-101 N/B",3960.00,E,N,A,-,N,,,,,,,,,,Y,2,0,2,1,A,-,08,22107,,N,E,I,A,A,H,-,D,D,0,,,,,Y,,A,01,1,1,0,0,0,0,0,0,0,"- ","- ",36.536811828613281,-121.46267700195312,MONTEREY,UNINCORPORATED,-121.46275329589844,36.536827087402344
91134914,2019,2019-12-03,9730,2019-11-22,2330,022151,,5,3,9,2700,0,1,3,,1,066,SR-183,"COOPER RD",1056.00,N,N,A,-,Y,,,183,,,,,,,Y,2,0,1,1,A,-,01,23152,A,N,E,I,A,A,H,-,D,D,0,,,,,Y,Y,A,01,1,0,0,0,0,0,0,0,0,"- ","- ",36.716770172119141,-121.72062683105469,MONTEREY,UNINCORPORATED,-121.72059631347656,36.716804504394531
91137967,2019,2019-12-06,9730,2019-11-22,1739,022118,,5,2,9,2700,0,3,5,,2,005,"RUSSELL ROAD","VAN BUREN AVE",8.00,W,N,A,-,N,,,,,,,,,,N,2,0,1,2,A,-,17,21451,A,N,D,G,A,A,H,-,B,A,0,,Y,,,Y,,A,01,1,0,0,0,0,0,1,0,0,"- ","- ",36.732261657714844,-121.64823150634766,MONTEREY,UNINCORPORATED,-121.64807891845703,36.732135772705078
91140489,2019,2019-12-30,9730,2019-11-30,1516,019239,,6,2,9,2700,0,1,3,,1,068,"S6-68 WB","SAN BENANCIO RD",25.00,E,N,B,-,Y,,,,,,,,,,Y,2,0,4,2,A,-,01,23152,A,N,C,C,A,B,H,-,A,A,0,,,,,Y,Y,D,22,2,1,1,0,0,0,0,0,0,"- ","- ",36.579799652099609,-121.72059631347656,MONTEREY,UNINCORPORATED,,
91159392,2019,2020-01-06,9730,2019-12-24,2143,020970,,2,2,9,2700,0,2,4,,1,073,"SAN MIGUEL CANYON ROAD","PONDEROSA LANE",120.00,N,N,C,-,N,,,,,,,,,,Y,2,0,2,2,A,-,01,23152,A,N,A,C,A,B,H,-,D,D,0,,,,,Y,Y,A,07,2,0,0,0,0,0,0,0,0,"- ","- ",36.816699981689453,-121.6732177734375,MONTEREY,UNINCORPORATED,-121.67321014404297,36.816883087158203
91177127,2020,2020-04-01,9730,2020-01-28,1605,019239,,2,2,9,2700,0,3,5,,2,003,"CACHAGUA RD","NASON RD",1584.00,E,N,A,-,N,,,,,,,,,,N,1,1,0,1,D,-,00,,,N,F,G,A,A,H,-,A,D,0,,Y,,,Y,,-,"- ",0,0,0,0,0,1,0,0,0,"- ","- ",36.399299621582031,-121.65390014648438,MONTEREY,UNINCORPORATED,-121.65430450439453,36.399078369140625
91180163,2020,2020-02-04,9730,2020-01-25,1310,017184,,6,1,9,2700,0,1,3,,1,012,SR-1,"TORRE CYN",2112.00,N,N,A,-,Y,,,1,,,,,,,Y,2,0,1,1,A,-,08,22107,,N,E,I,A,A,H,-,A,A,0,,,Y,,Y,,C,02,1,0,0,0,0,0,0,0,1,"- ","- ",36.196800231933594,-121.71614074707031,MONTEREY,UNINCORPORATED,-121.71614074707031,36.196788787841797
91184189,2020,2020-02-11,9730,2020-02-02,0930,019569,,7,1,9,2700,0,1,3,,1,014,"OLD COAST RD",SR-1,7920.00,E,N,A,-,N,,,,,,,,,,N,2,0,1,1,A,-,08,22107,,N,E,I,A,A,B,-,A,D,0,,,Y,,Y,,C,02,1,0,0,0,0,0,0,0,1,"- ","- ",36.298000335693359,-121.84889984130859,MONTEREY,UNINCORPORATED,-121.88768005371094,36.364646911621094
91194309,2020,2020-02-26,9730,2020-02-16,1730,022129,,7,2,9,2700,0,2,4,,1,073,"SAN MIGUEL CANYON ROAD","ECHO VALLEY ROAD",0.00,,Y,A,-,N,,,,,,,,,,Y,2,0,4,2,A,-,09,21802,A,N,D,C,A,A,H,-,A,A,0,,,,,Y,,A,01,1,1,2,0,0,0,0,0,0,"- ","- ",36.821739196777344,-121.67347717285156,MONTEREY,UNINCORPORATED,-121.67346954345703,36.821659088134766
91200798,2020,2020-03-03,9730,2020-02-22,1317,019315,,6,1,9,2700,0,1,2,,1,070,"US-101 (S/B)","CRAZYHORSE CANYON ROAD",400.00,S,N,B,-,Y,,,101,,,,,,,N,2,0,1,1,A,-,03,22350,,N,F,J,A,A,H,-,A,D,0,,,Y,,Y,,C,02,1,0,0,0,0,0,0,0,1,"- ","- ",36.817790985107422,-121.63413238525391,MONTEREY,UNINCORPORATED,-121.63413238525391,36.817790985107422
91214148,2019,2020-03-23,9730,2019-12-27,1300,015367,,5,1,9,2700,0,1,3,,1,074,SR-1,"JENSEN ROAD",144.00,S,N,A,-,Y,,,1,,,,,,,N,1,1,0,2,A,-,08,22107,,N,D,G,A,A,H,-,A,D,0,,Y,,,Y,,L,04,0,0,0,0,0,1,0,0,0,"- ","- ",36.853378295898438,-121.77107238769531,MONTEREY,UNINCORPORATED,-121.77109527587891,36.853378295898438
9121984,2020,2020-09-12,2708,2020-06-03,0534,30425,,3,5,6,2708,0,0,0,,0,004,"CONSTITUTION BL","EAST LAUREL DR",0.00,,Y,A,-,N,,,,,,,,,,Y,2,0,1,1,A,-,03,22350,,N,A,I,A,A,H,-,B,A,0,,,,,Y,,D,22,1,0,0,0,0,0,0,0,0,"- ","- ",,,MONTEREY,SALINAS,-121.63230895996094,36.694488525390625
91225429,2020,2020-05-07,9730,2020-04-09,0910,019239,,4,1,9,2700,0,1,3,,1,072,SR-156,"OAK HILLS DRIVE",0.00,,Y,A,-,Y,,,156,,,,,,,Y,2,0,2,2,A,-,08,22107,,N,D,C,A,A,H,-,A,D,0,,,,Y,Y,,F,26,1,1,0,0,0,0,0,0,0,"- ","- ",36.779899597167969,-121.70359802246094,MONTEREY,UNINCORPORATED,-121.70359802246094,36.779891967773438
91228071,2020,2020-04-21,9735,2020-04-02,2015,019330,,4,2,9,2700,0,3,5,,2,001,"PINE CANYON ROAD","BURNS RD",528.00,E,N,A,-,N,,,,,,,,,,N,2,0,1,2,A,-,11,21956,,N,G,B,E,A,H,-,D,D,0,Y,,,,Y,Y,N,60,1,0,0,0,1,0,0,0,0,"- ","- ",36.11309814453125,-121.84310150146484,MONTEREY,UNINCORPORATED,-121.14540100097656,36.19110107421875