CASE_ID,ACCIDENT_YEAR,PROC_DATE,JURIS,COLLISION_DATE,COLLISION_TIME,OFFICER_ID,REPORTING_DISTRICT,DAY_OF_WEEK,CHP_SHIFT,POPULATION,CNTY_CITY_LOC,SPECIAL_COND,BEAT_TYPE,CHP_BEAT_TYPE,CITY_DIVISION_LAPD,CHP_BEAT_CLASS,BEAT_NUMBER,PRIMARY_RD,SECONDARY_RD,DISTANCE,DIRECTION,INTERSECTION,WEATHER_1,WEATHER_2,STATE_HWY_IND,CALTRANS_COUNTY,CALTRANS_DISTRICT,STATE_ROUTE,ROUTE_SUFFIX,POSTMILE_PREFIX,POSTMILE,LOCATION_TYPE,RAMP_INTERSECTION,SIDE_OF_HWY,TOW_AWAY,COLLISION_SEVERITY,NUMBER_KILLED,NUMBER_INJURED,PARTY_COUNT,PRIMARY_COLL_FACTOR,PCF_CODE_OF_VIOL,PCF_VIOL_CATEGORY,PCF_VIOLATION,PCF_VIOL_SUBSECTION,HIT_AND_RUN,TYPE_OF_COLLISION,MVIW,PED_ACTION,ROAD_SURFACE,ROAD_COND_1,ROAD_COND_2,LIGHTING,CONTROL_DEVICE,CHP_ROAD_TYPE,PEDESTRIAN_ACCIDENT,BICYCLE_ACCIDENT,MOTORCYCLE_ACCIDENT,TRUCK_ACCIDENT,NOT_PRIVATE_PROPERTY,ALCOHOL_INVOLVED,STWD_VEHTYPE_AT_FAULT,CHP_VEHTYPE_AT_FAULT,COUNT_SEVERE_INJ,COUNT_VISIBLE_INJ,COUNT_COMPLAINT_PAIN,COUNT_PED_KILLED,COUNT_PED_INJURED,COUNT_BICYCLIST_KILLED,COUNT_BICYCLIST_INJURED,COUNT_MC_KILLED,COUNT_MC_INJURED,PRIMARY_RAMP,SECONDARY_RAMP,LATITUDE,LONGITUDE,COUNTY,CITY,POINT_X,POINT_Y
91229040,2020,2020-04-23,9730,2020-04-16,1910,020899,,4,2,9,2700,0,1,3,,2,062,"NORTHBOUND SR-1",SR-218,2957.00,N,N,B,-,Y,,,,,,,,,,Y,2,0,1,1,A,-,08,22107,,N,E,I,A,A,H,-,B,D,0,,,,,Y,,A,07,1,0,0,0,0,0,0,0,0,"- ","- ",36.615768432617188,-121.85086822509766,MONTEREY,UNINCORPORATED,,
91229928,2020,2020-04-27,9730,2020-04-22,1122,017502,,3,1,9,2700,0,1,3,,1,024,SR-68,"SKYLINE FOREST  DRIVE",1056.00,E,N,A,-,Y,,,68,,,,,,,Y,2,0,4,7,A,-,05,21460,A,N,B,C,A,A,H,-,A,D,0,,,,Y,Y,,F,26,1,0,3,0,0,0,0,0,0,"- ","- ",36.582241058349609,-121.91795349121094,MONTEREY,UNINCORPORATED,-121.91794586181641,36.582241058349609
91234798,2020,2020-05-07,9730,2020-03-25,1405,021396,,3,2,9,2700,0,1,3,,1,072,SR-156,"MERIDIAN ROAD",2112.00,W,N,A,-,Y,,,156,,,,,,,Y,1,1,0,1,A,-,01,23152,A,N,E,I,A,A,H,-,A,D,0,,,,,Y,Y,A,01,0,0,0,0,0,0,0,0,0,"- ","- ",36.785198211669922,-121.68721008300781,MONTEREY,UNINCORPORATED,-121.68722534179688,36.785240173339844
91236848,2020,2020-08-19,9730,2020-05-01,1405,022481,,5,2,9,2700,0,1,2,,1,070,"CRAZY HORSE CANYON RD","ECHO VALLEY RD ON RAMP TO US-101 SB",0.00,,Y,A,-,N,,,,,,,,,,Y,2,0,2,2,A,-,09,21801,A,N,D,C,A,A,H,-,A,D,0,,,,,Y,,A,01,1,1,0,0,0,0,0,0,0,"- ","- ",36.817958831787109,-121.63243103027344,MONTEREY,UNINCORPORATED,-121.63243900000001,36.818036999999997
91239890,2020,2020-06-22,9730,2020-02-18,2500,022151,,2,4,9,2700,0,1,3,,1,012,"STATE ROUTE 1 NORTHBOUND","CHINA BASIN STREET",1848.00,S,N,A,-,Y,,,1,,,,,,N,Y,1,2,0,1,A,-,01,23152,A,N,F,A,A,A,H,-,D,D,0,,,,,Y,Y,A,01,0,0,0,0,0,0,0,0,0,"- ","- ",36.048099517822266,-121.58808135986328,MONTEREY,UNINCORPORATED,-121.58811950683594,36.048061370849609
91240213,2020,2020-05-20,9730,2020-05-10,2056,020896,,7,2,9,2700,0,1,3,,1,068,"SR-68 WESTBOUND","YORK RD",5280.00,E,N,A,-,Y,,,68,,,,,,W,Y,2,0,3,3,A,-,01,23152,A,N,C,C,A,A,D,-,D,A,0,,,,,Y,Y,D,22,1,1,1,0,0,0,0,0,0,"- ","- ",36.569358825683594,-121.79711151123047,MONTEREY,UNINCORPORATED,-121.797119140625,36.569332122802734
91245874,2020,2020-06-01,9730,2020-05-26,1500,022481,,2,2,9,2700,0,3,5,,2,007,"LEWIS ROAD","VEGA ROAD",150.00,W,N,A,-,N,,,,,,,,,,Y,2,0,1,2,A,-,03,22350,,N,A,G,A,A,H,-,A,D,0,,Y,,,Y,,A,01,1,0,0,0,0,0,1,0,0,"- ","- ",36.884799957275391,-121.72705841064453,MONTEREY,UNINCORPORATED,-121.72705078125,36.884773254394531
91246364,2020,2020-06-02,9735,2020-05-29,1805,019330,,5,2,9,2700,0,3,5,,2,003,"METZ ROAD","TOPO RD",6336.00,N,N,A,-,N,,,,,,,,,,Y,2,0,1,2,A,-,03,22350,,N,D,C,A,A,H,-,A,D,0,,,Y,,Y,,C,02,1,0,0,0,0,0,0,0,1,"- ","- ",36.21514892578125,-121.14002227783203,MONTEREY,UNINCORPORATED,-121.23259735107422,36.363372802734375
91247304,2020,2020-06-04,9730,2020-03-29,0410,020233,,7,3,6,2708,0,1,2,,1,050,"US-101 SOUTHBOUND","JOHN STREET",516.00,N,N,B,-,Y,,,101,,,,,,S,N,1,1,0,2,A,-,11,21954,A,N,G,B,E,A,H,-,D,D,0,Y,,,Y,Y,Y,N,60,0,0,0,1,0,0,0,0,0,"- ","- ",36.672210693359375,-121.6402587890625,MONTEREY,SALINAS,-121.64024353027344,36.672222137451172
91247306,2020,2020-06-04,9730,2020-04-05,0930,019022,,7,1,9,2700,0,1,3,,1,012,"SR-1 NORTHBOUND (CABRILLO HIGHWAY)","LOS BURROS ROAD",1008.00,N,N,C,G,Y,,,1,,,,,,N,Y,1,1,0,1,A,-,01,23152,A,N,E,I,A,B,H,-,A,D,0,,,,,Y,Y,D,22,0,0,0,0,0,0,0,0,0,"- ","- ",35.887821197509766,-121.46054077148438,MONTEREY,UNINCORPORATED,-121.46054840087891,35.887821197509766
91249715,2020,2020-06-09,9735,2020-06-05,1722,021431,,5,2,9,2700,0,1,2,,2,043,"US-101 S/B",PVOC,7392.00,S,N,A,-,Y,,,101,,,,,,S,Y,2,0,1,1,A,-,08,22107,,N,E,I,A,A,H,-,A,D,0,,,,,Y,,A,01,1,0,0,0,0,0,0,0,0,"- ","- ",36.062019348144531,-120.98075866699219,MONTEREY,UNINCORPORATED,-120.98060607910156,36.062183380126953
91256291,2020,2020-06-23,9735,2020-06-15,1550,021275,,1,2,9,2700,0,3,5,,2,003,"METZ RD","SPRECKELS RD",24288.00,N,N,A,-,N,,,,,,,,,,Y,2,0,2,2,A,-,01,23152,A,N,A,C,A,A,H,-,A,D,0,,,,,Y,Y,D,22,2,0,0,0,0,0,0,0,0,"- ","- ",36.291019439697266,-121.15374755859375,MONTEREY,UNINCORPORATED,-121.18338775634766,36.324550628662109
91265002,2020,2020-07-08,9730,2020-05-09,2307,020990,,6,3,9,2700,0,1,3,,1,072,SR-156,"OAK HILLS DRIVE",1700.00,W,N,A,B,Y,,,156,,,,,,,Y,1,1,1,2,A,-,05,21460,A,N,A,C,A,A,H,-,D,D,0,,,,Y,Y,,A,01,0,0,1,0,0,0,0,0,0,"- ","- ",36.779048919677734,-121.70644378662109,MONTEREY,UNINCORPORATED,-121.70644378662109,36.779067993164062
91265132,2020,2020-07-08,9730,2020-06-28,0208,021477,,7,3,9,2700,0,1,2,,1,030,"N/B US-101",CHULAR,1056.00,S,N,A,-,Y,,,101,,,,,,,Y,2,0,1,2,A,-,03,22350,,F,C,C,A,A,H,-,D,D,0,,,,,Y,Y,D,22,1,0,0,0,0,0,0,0,0,"- ","- ",36.571941375732422,-121.52056121826172,MONTEREY,UNINCORPORATED,-121.5205078125,36.571994781494141
91265627,2020,2021-04-27,9735,2020-06-06,2339,019330,,6,3,9,2700,0,3,5,,2,001,"LOS COCHES ROAD","THORNE ROAD",12672.00,N,N,A,-,N,,,,,,,,,,Y,1,1,0,1,A,-,03,22350,,N,F,A,A,A,H,-,D,D,0,,,,,Y,Y,D,22,0,0,0,0,0,0,0,0,0,"- ","- ",36.356349945068359,-121.30156707763672,MONTEREY,UNINCORPORATED,-121.30136871337891,36.355934143066406
91266996,2020,2020-07-10,9730,2020-07-02,0313,020621,,4,3,9,2700,0,3,5,,2,006,"BLACKIE ROAD","MORO TERRACE",2640.00,W,N,A,-,N,,,,,,,,,,Y,2,0,1,1,A,-,08,22107,,N,E,I,A,A,H,-,D,D,0,,,,,Y,,A,01,1,0,0,0,0,0,0,0,0,"- ","- ",36.776901245117188,-121.69362640380859,MONTEREY,UNINCORPORATED,-121.69709014892578,36.776004791259766
91270195,2020,2020-07-17,9730,2020-07-15,1225,018886,,3,1,9,2700,0,1,3,,2,062,"SR-1 S/B TO LIGHTFIGHTER DRIVE","LIGHTFIGHTER DRIVE",135.00,S,N,A,-,Y,,,1,,,,R,,S,Y,2,0,1,1,A,-,08,22107,,N,E,I,A,A,H,-,A,D,0,,,,,Y,,A,07,1,0,0,0,0,0,0,0,0,"- ","- ",36.645278930664062,-121.81858825683594,MONTEREY,UNINCORPORATED,-121.81858825683594,36.645278930664062
91276127,2020,2020-07-29,9730,2020-07-18,2126,020970,,6,2,9,2700,0,1,2,,1,070,US-101,"RALH LN",690.00,N,N,B,-,Y,,,101,,,,,,,Y,2,0,1,1,A,-,08,22107,,N,E,I,A,A,H,-,D,D,0,,,,,Y,,A,01,1,0,0,0,0,0,0,0,0,"- ","- ",36.757949829101562,-121.66573333740234,MONTEREY,UNINCORPORATED,-121.66570281982422,36.757957458496094
91276240,2020,2020-07-29,9730,2020-07-19,1836,020598,,7,2,9,2700,0,3,5,,2,007,"CARPENTERIA ROAD","MARSHALL LANE",60.00,S,N,A,-,N,,,,,,,,,,Y,2,0,1,1,A,-,08,22107,,N,F,A,A,A,H,-,A,D,0,,,Y,,Y,,C,02,1,0,0,0,0,0,0,0,1,"- ","- ",36.889198303222656,-121.64309692382812,MONTEREY,UNINCORPORATED,-121.64340972900391,36.890468597412109
91284682,2020,2020-08-12,9730,2020-08-03,1355,019529,,1,1,9,2700,0,1,3,,1,022,"STATE ROUTE 1","GARRAPATA CREEK BRIDGE",821.00,N,N,A,-,Y,,,1,,,,,,,Y,1,1,1,3,A,-,08,22107,,N,D,C,A,A,H,-,A,D,0,,,Y,,Y,,A,01,0,0,1,0,0,0,0,1,1,"- ","- ",36.419879913330078,-121.91290283203125,MONTEREY,UNINCORPORATED,-121.91285705566406,36.419864654541016
91286239,2020,2020-08-14,9735,2020-07-31,1700,020894,,5,2,9,2700,0,3,5,,2,001,"MESA VERDE RD","WILD HORSE RD",3500.00,N,N,A,-,N,,,,,,,,,,Y,2,0,2,3,C,-,18,,,N,E,J,A,A,H,-,A,D,0,,,,Y,Y,,-,"- ",1,1,0,0,0,0,0,0,0,"- ","- ",36.191761016845703,-121.08319854736328,MONTEREY,UNINCORPORATED,-121.08309936523438,36.191688537597656
91286327,2020,2020-08-14,9730,2020-08-05,1524,021856,,3,2,9,2700,0,2,4,,1,075,"MONTEREY PENINSULA RECREATIONAL TRAIL",SR-183,2640.00,W,N,A,G,N,,,,,,,,,,N,2,0,1,1,C,-,18,,,N,E,I,A,A,A,-,A,D,0,,Y,,,Y,,-,"- ",1,0,0,0,0,0,1,0,0,"- ","- ",36.756740570068359,-121.75924682617188,MONTEREY,UNINCORPORATED,,
91294034,2020,2020-08-27,9730,2020-08-24,1619,019981,,1,2,9,2700,0,2,4,,1,073,"SALINAS ROAD","ELKHORN ROAD",0.00,,Y,A,-,N,,,,,,,,,,Y,2,0,2,2,A,-,09,21803,A,N,A,C,A,A,H,-,A,A,0,,,,,Y,,D,22,1,1,0,0,0,0,0,0,0,"- ","- ",36.882198333740234,-121.74687957763672,MONTEREY,UNINCORPORATED,-121.74687957763672,36.883049011230469
91300808,2020,2020-09-08,9730,2020-08-28,0900,019239,,5,1,9,2700,0,1,3,,1,068,"SR-68 WB","SAN BENANCIO RD",3696.00,E,N,A,-,Y,,,68,,,,,,W,Y,2,0,2,3,A,-,03,22350,,F,C,C,A,A,H,-,A,D,0,,,,,Y,,A,07,1,1,0,0,0,0,0,0,0,"- ","- ",36.586299896240234,-121.71209716796875,MONTEREY,UNINCORPORATED,-121.71212005615234,36.586307525634766
91338252,2020,2020-11-03,9730,2020-10-23,0109,022061,,5,3,9,2700,0,1,2,,1,070,"NB US-101","SAN JUAN ROAD",2640.00,S,N,A,-,Y,,,101,,,,,,,Y,2,0,1,1,A,-,01,23152,A,N,E,I,A,A,H,-,D,D,0,,,,,Y,Y,A,01,1,0,0,0,0,0,0,0,0,"- ","- ",36.851821899414062,-121.63545227050781,MONTEREY,UNINCORPORATED,-121.635498046875,36.851844787597656
91339264,2020,2020-11-04,9730,2020-10-25,1718,019818,,7,2,9,2700,0,1,3,,1,068,"SR-68 SALINAS HIGHWAY","YORK RD",545.00,E,N,A,-,Y,,,68,,,,,,,Y,2,0,1,2,A,-,03,22350,,N,C,C,A,A,H,-,A,D,0,,,Y,,Y,,C,02,1,0,0,0,0,0,0,0,1,"- ","- ",36.571159362792969,-121.80644989013672,MONTEREY,UNINCORPORATED,-121.80645751953125,36.571128845214844
91339703,2020,2020-11-04,9730,2020-06-20,1046,018350,,6,1,9,2700,0,2,4,,1,023,"CARMEL VALLEY ROAD","CAMP STEFFANI ROAD",0.00,,Y,A,-,N,,,,,,,,,,Y,1,1,2,3,A,-,09,21802,A,N,D,C,A,A,H,-,A,A,0,,,Y,,Y,,A,07,1,0,1,0,0,0,0,1,1,"- ","- ",36.472469329833984,-121.71720886230469,MONTEREY,UNINCORPORATED,-121.7171630859375,36.472480773925781
91343707,2020,2020-11-12,9735,2020-10-30,0445,022118,,5,3,9,2700,0,1,2,,1,040,"US-101 SOUTHBOUND","UNDERWOOD ROAD",790.00,N,N,A,-,Y,,,101,,,,,,S,Y,2,0,1,8,A,-,08,22107,,N,E,I,A,A,H,-,D,D,0,,,,,Y,,A,01,1,0,0,0,0,0,0,0,0,"- ","- ",36.298728942871094,-121.21611785888672,MONTEREY,UNINCORPORATED,-121.216064453125,36.298847198486328
91346672,2020,2020-11-17,9730,2020-09-01,1407,015367,,2,2,3,2712,0,1,3,,2,062,"SR-1 NB","8TH STREET",1400.00,N,N,A,-,Y,,,1,,,,,,N,Y,1,1,0,1,A,-,01,23152,A,N,E,I,A,A,C,-,A,D,0,,,,,Y,Y,A,07,0,0,0,0,0,0,0,0,0,"- ","- ",36.667560577392578,-121.81414794921875,MONTEREY,MARINA,-121.81398773193359,36.667469024658203
91351226,2020,2020-11-23,9730,2020-11-16,0710,019328,,1,1,9,2700,0,2,4,,1,073,"CASTROVILLE BLVD.","PARADISE RD.",0.00,,N,A,-,N,,,,,,,,,,N,2,0,1,2,A,-,09,21804,A,N,D,C,A,A,H,-,A,D,0,,,Y,Y,Y,,G,27,1,0,0,0,0,0,0,0,1,"- ","- ",36.800121307373047,-121.68933868408203,MONTEREY,UNINCORPORATED,-121.69850158691406,36.799171447753906
91354027,2020,2020-11-25,9735,2020-11-18,0100,016696,,3,3,9,2700,0,1,2,,1,040,"US 101 NB","ESPINOSA ROAD O/C",6336.00,S,N,B,C,Y,,,,,,,,,,Y,2,0,1,1,A,-,08,22107,,N,E,I,A,B,H,-,D,D,0,,,,,Y,,A,01,1,0,0,0,0,0,0,0,0,"- ","- ",36.311309814453125,-121.23226928710938,MONTEREY,UNINCORPORATED,-121.66091918945312,36.717586517333984
91377051,2020,2020-12-29,9730,2020-12-22,1650,020391,,2,2,9,2700,0,3,5,,2,006,"ESPINOSA RD",SR-183,2693.00,E,N,A,-,N,,,,,,,,,,Y,2,0,3,3,A,-,01,23152,F,N,A,C,A,A,H,-,A,D,0,,,,,Y,,A,01,2,0,1,0,0,0,0,0,0,"- ","- ",36.742729187011719,-121.73164367675781,MONTEREY,UNINCORPORATED,-121.731909,36.742637000000002
91378909,2020,2020-12-31,9730,2020-10-12,1925,020916,,1,2,9,2700,0,2,4,,1,073,"SAN MIGUEL CANYON ROAD","WILSON WAY",41.00,S,N,A,-,N,,,,,,,,,,Y,1,1,0,2,A,-,11,21954,A,N,G,B,E,A,H,-,D,D,0,Y,,,,Y,Y,N,60,0,0,0,1,0,0,0,0,0,"- ","- ",36.828399658203125,-121.67752075195312,MONTEREY,UNINCORPORATED,-121.67760467529297,36.828506469726562
91384054,2020,2021-01-08,9730,2020-12-31,1815,020916,,4,2,9,2700,0,3,5,,2,004,"OLD STAGE ROAD","SPENCE ROAD",0.00,,Y,A,-,N,,,,,,,,,,Y,2,0,2,2,A,-,09,21802,A,N,A,C,A,A,H,-,D,D,0,,,,,Y,,D,22,1,1,0,0,0,0,0,0,0,"- ","- ",36.629890441894531,-121.53994750976562,MONTEREY,UNINCORPORATED,-121.53988647460938,36.629878997802734
91384146,2021,2021-01-08,9730,2021-01-03,1100,019770,,7,1,9,2700,0,1,3,,1,012,"STATE ROUTE 1","COUNTY LINE ROAD",1848.00,N,N,E,-,Y,,,1,,,,,,,Y,2,0,1,1,A,-,03,22350,,N,E,I,A,A,H,-,A,A,0,,,Y,,Y,,C,02,1,0,0,0,0,0,0,0,1,"- ","- ",35.798500061035156,-121.34729766845703,MONTEREY,UNINCORPORATED,-121.34732055664062,35.798599243164062
91387745,2020,2021-01-14,9735,2020-11-24,2154,022118,,2,2,9,2700,0,1,2,,2,043,"US-101 NORTHBOUND","PARIS VALLEY ROAD O/C",182.00,S,N,A,-,Y,,,101,,,,,,N,Y,1,1,0,1,A,-,01,23152,G,N,F,A,A,A,D,-,D,A,0,,,,,Y,Y,D,22,0,0,0,0,0,0,0,0,0,"- ","- ",36.076641082763672,-120.99754333496094,MONTEREY,UNINCORPORATED,-120.99747467041016,36.076728820800781
91387772,2020,2021-01-14,9735,2020-08-21,2110,022034,,5,2,9,2700,0,3,5,,2,003,"METZ ROAD","TOPO ROAD",12566.00,N,N,A,-,N,,,,,,,,,,Y,1,1,1,1,A,-,01,23152,A,N,E,I,A,A,H,-,D,D,0,,,,,Y,Y,A,01,0,1,0,0,0,0,0,0,0,"- ","- ",36.379470825195312,-121.2413330078125,MONTEREY,UNINCORPORATED,-121.24095916748047,36.378852844238281
91389780,2021,2021-01-18,9730,2021-01-09,1254,019569,,6,1,9,2700,0,1,3,,1,024,"SR-68 HOLMAN HWY",SR-1,60.00,E,N,A,-,Y,,,68,,,,,,,N,2,0,1,1,A,-,08,22107,,N,F,A,A,A,H,-,A,D,0,,Y,,,Y,,L,04,1,0,0,0,0,0,1,0,0,"- ","- ",36.57440185546875,-121.91210174560547,MONTEREY,UNINCORPORATED,-121.91242218017578,36.574794769287109
91392294,2021,2021-01-22,9735,2021-01-17,2500,022537,,7,4,9,2700,0,1,3,,1,034,SR-198,CA-25,2112.00,W,N,A,-,Y,,,198,,,,,,,Y,2,0,1,1,A,-,03,22350,,N,E,I,A,A,H,-,D,D,0,,,,,Y,Y,A,01,1,0,0,0,0,0,0,0,0,"- ","- ",36.187049865722656,-120.82865142822266,MONTEREY,UNINCORPORATED,-120.82859039306641,36.186820983886719
91392579,2021,2021-01-22,9730,2021-01-20,1530,019818,,3,2,9,2700,0,1,3,,1,074,SR-1,SR-183,60.00,N,N,A,-,Y,,,1,,,,,,,Y,2,0,1,2,A,-,08,22107,,N,D,C,A,A,H,-,A,A,0,,,,,Y,,A,01,1,0,0,0,0,0,0,0,0,"- ","- ",36.771060943603516,-121.76548767089844,MONTEREY,UNINCORPORATED,-121.76553344726562,36.771026611328125
91405487,2020,2021-02-09,9730,2020-12-20,0853,020598,,7,1,9,2700,0,3,5,,2,006,"ESPINOSA ROAD","FOXWOOD LANE",15.00,E,N,A,-,N,,,,,,,,,,Y,1,1,0,1,A,-,01,23152,A,N,E,I,A,A,H,-,A,D,0,,,,,Y,Y,A,07,0,0,0,0,0,0,0,0,0,"- ","- ",36.743900299072266,-121.689697265625,MONTEREY,UNINCORPORATED,-121.68967437744141,36.743827819824219
9141506,2020,2020-09-17,2708,2020-07-07,1926,92673,,2,5,6,2708,0,0,0,,0,00`,"CHAPPARAL ST",TAMPICO,0.00,,Y,A,-,N,,,,,,,,,,Y,2,0,1,1,-,-,"- ",,,N,F,A,A,A,H,-,B,D,0,,,Y,,Y,,C,02,1,0,0,0,0,0,0,0,1,"- ","- ",,,MONTEREY,SALINAS,-121.63861846923828,36.701198577880859
91430907,2021,2021-03-19,9730,2021-03-14,0116,022047,,7,3,9,2700,0,3,5,,2,003,"RIVER ROAD","SR-68 EASTBOUND",0.00,,Y,B,-,N,,,,,,,,,,Y,2,0,1,1,A,-,01,23152,A,N,E,I,A,A,H,-,C,A,0,,,,,Y,Y,A,01,1,0,0,0,0,0,0,0,0,"- ","- ",36.62451171875,-121.681396484375,MONTEREY,UNINCORPORATED,-121.681427,36.624353999999997
91432617,2021,2021-03-22,9735,2021-03-15,0100,021988,,1,3,9,2700,0,1,2,,2,043,"US 101 S/B","LOCKWOOD SAN LUCAS RD",3696.00,S,N,C,-,Y,,,,,,,,,,Y,2,0,7,2,A,-,01,23152,A,N,A,C,A,B,H,-,D,D,0,,,,,Y,Y,A,01,4,2,1,0,0,0,0,0,0,"- ","- ",38.086898803710938,-121.01229858398438,MONTEREY,UNINCORPORATED,-121.01988983154297,36.115589141845703
91443895,2021,2021-04-06,9730,2021-03-27,1950,021396,,6,2,9,2700,0,3,5,,2,004,"OLD STAGE ROAD","WILLIAMS ROAD",6336.00,S,N,A,-,N,,,,,,,,,,Y,2,0,2,1,A,-,01,23152,A,N,E,I,A,A,H,-,D,D,0,,,,,Y,Y,A,01,2,0,0,0,0,0,0,0,0,"- ","- ",36.680290222167969,-121.55677795410156,MONTEREY,UNINCORPORATED,-121.56200408935547,36.684505462646484
91451011,2021,2021-04-15,9735,2021-04-11,1508,021988,,7,2,9,2700,0,3,5,,2,001,"ENFIELD RD","CROWN AVE",64.00,N,N,A,-,N,,,,,,,,,,Y,2,0,1,2,A,-,01,23152,A,N,E,E,A,A,H,-,A,D,0,,,Y,,Y,Y,C,06,1,0,0,0,0,0,0,0,1,"- ","- ",36.186988830566406,-121.14582824707031,MONTEREY,UNINCORPORATED,-121.14577484130859,36.186874389648438
91452838,2021,2021-04-19,9730,2021-04-10,1258,018302,,6,1,9,2700,0,1,3,,2,062,"SR-1 NORTHBOUND","SOLEDAD DRIVE",2112.00,N,N,A,-,Y,,,,,,,,,,N,2,0,1,2,A,-,11,21954,A,N,G,B,D,A,H,-,A,D,0,Y,,,,Y,,N,60,1,0,0,0,1,0,0,0,0,"- ","- ",36.583118438720703,-121.89131927490234,MONTEREY,UNINCORPORATED,-121.89930725097656,36.581939697265625
91461539,2021,2021-04-29,9730,2021-02-26,2339,020970,,5,3,9,2700,0,3,5,,2,007,"MAHER ROAD","ROYAL OAKS PLACE",340.00,S,N,A,-,N,,,,,,,,,,Y,1,1,0,1,A,-,01,23152,A,N,E,I,A,A,H,-,C,D,0,,,,,Y,Y,A,08,0,0,0,0,0,0,0,0,0,"- ","- ",36.838230133056641,-121.67176818847656,MONTEREY,UNINCORPORATED,-121.67244720458984,36.838577270507812
91478373,2021,2021-05-27,9735,2021-05-17,1950,020335,,1,2,9,2700,0,2,4,,1,021,"JOLON RD","MISSION RD",10560.00,S,N,A,-,N,,,,,,,,,,Y,2,0,1,1,A,-,08,22107,,N,F,J,A,A,H,-,A,D,0,,,,,Y,,A,01,1,0,0,0,0,0,0,0,0,"- ","- ",35.952018737792969,-121.14797210693359,MONTEREY,UNINCORPORATED,-121.14777374267578,35.951930999755859
91480818,2021,2021-06-01,9730,2021-05-04,1400,019529,,2,2,9,2700,0,2,4,,1,023,"CARMEL VALLEY ROAD","TASSAJARA ROAD",8606.00,W,N,A,-,N,,,,,,,,,,Y,1,1,0,1,A,-,08,22107,,N,E,I,A,A,H,-,A,D,0,,,,,Y,,A,07,0,0,0,0,0,0,0,0,0,"- ","- ",36.415409088134766,-121.59842681884766,MONTEREY,UNINCORPORATED,-121.59929656982422,36.415481567382812
91489811,2021,2021-06-04,9730,2021-06-01,1200,019239,,2,1,9,2700,0,3,5,,2,020,"17 MILE DRIVE","SIGNAL HILL ROAD",2640.00,W,N,B,-,N,,,,,,,,,,N,2,0,1,1,A,-,08,22107,,N,F,A,A,A,H,-,A,D,0,,,,,Y,,M,91,1,0,0,0,0,0,0,0,0,"- ","- ",36.583099365234375,-121.97329711914062,MONTEREY,UNINCORPORATED,-121.973653,36.582639999999998
91490470,2021,2021-06-07,9730,2021-05-30,0254,020677,,7,3,9,2700,0,1,2,,1,030,"US-101 S/B","5TH ST",50.00,N,N,A,-,Y,,,,,,,,,,Y,2,0,1,1,A,-,01,23152,A,N,E,I,A,A,H,-,D,D,0,,,,,Y,Y,A,01,1,0,0,0,0,0,0,0,0,"- ","- ",36.513481140136719,-121.43798828125,MONTEREY,UNINCORPORATED,-121.43770599365234,36.513118743896484
91496736,2021,2021-06-14,9730,2021-03-22,1723,021856,,1,2,9,2700,0,1,3,,2,062,"WESTBOUND SR-68 TO NORTHBOUND SR-1","N. FREMONT ST. O/C",93.00,E,N,A,-,Y,,,,,,,,,,Y,1,1,0,1,A,-,08,22107,,N,E,I,A,A,H,-,A,D,0,,,Y,,Y,,C,02,0,0,0,0,0,0,0,1,0,"- ","- ",36.595180511474609,-121.86727142333984,MONTEREY,UNINCORPORATED,-121.84136962890625,36.622955322265625
91499817,2021,2021-06-17,9730,2021-06-11,1000,018886,,5,1,9,2700,0,1,3,,1,066,SR-183,"OLD CEMETERY ROAD",1000.00,W,N,A,-,Y,,,,,,,,,,Y,2,0,2,2,A,-,05,21460,A,N,A,C,A,A,H,-,A,A,0,,,,,Y,,D,72,2,0,0,0,0,0,0,0,0,"- ","- ",36.606769561767578,-121.68263244628906,MONTEREY,UNINCORPORATED,-121.68434906005859,36.687961578369141
91505021,2021,2021-06-24,9730,2021-05-14,2134,022129,,5,2,9,2700,0,2,4,,1,023,"CARMEL VALLEY ROAD","RIO ROAD",0.00,,Y,B,-,N,,,,,,,,,,Y,1,1,1,4,A,-,03,22350,,N,B,C,E,A,H,-,D,D,0,Y,,,,Y,Y,A,01,0,1,0,1,1,0,0,0,0,"- ","- ",36.542758941650391,-121.89183044433594,MONTEREY,UNINCORPORATED,-121.89989300000001,36.544030999999997