CASE_ID,ACCIDENT_YEAR,PROC_DATE,JURIS,COLLISION_DATE,COLLISION_TIME,OFFICER_ID,REPORTING_DISTRICT,DAY_OF_WEEK,CHP_SHIFT,POPULATION,CNTY_CITY_LOC,SPECIAL_COND,BEAT_TYPE,CHP_BEAT_TYPE,CITY_DIVISION_LAPD,CHP_BEAT_CLASS,BEAT_NUMBER,PRIMARY_RD,SECONDARY_RD,DISTANCE,DIRECTION,INTERSECTION,WEATHER_1,WEATHER_2,STATE_HWY_IND,CALTRANS_COUNTY,CALTRANS_DISTRICT,STATE_ROUTE,ROUTE_SUFFIX,POSTMILE_PREFIX,POSTMILE,LOCATION_TYPE,RAMP_INTERSECTION,SIDE_OF_HWY,TOW_AWAY,COLLISION_SEVERITY,NUMBER_KILLED,NUMBER_INJURED,PARTY_COUNT,PRIMARY_COLL_FACTOR,PCF_CODE_OF_VIOL,PCF_VIOL_CATEGORY,PCF_VIOLATION,PCF_VIOL_SUBSECTION,HIT_AND_RUN,TYPE_OF_COLLISION,MVIW,PED_ACTION,ROAD_SURFACE,ROAD_COND_1,ROAD_COND_2,LIGHTING,CONTROL_DEVICE,CHP_ROAD_TYPE,PEDESTRIAN_ACCIDENT,BICYCLE_ACCIDENT,MOTORCYCLE_ACCIDENT,TRUCK_ACCIDENT,NOT_PRIVATE_PROPERTY,ALCOHOL_INVOLVED,STWD_VEHTYPE_AT_FAULT,CHP_VEHTYPE_AT_FAULT,COUNT_SEVERE_INJ,COUNT_VISIBLE_INJ,COUNT_COMPLAINT_PAIN,COUNT_PED_KILLED,COUNT_PED_INJURED,COUNT_BICYCLIST_KILLED,COUNT_BICYCLIST_INJURED,COUNT_MC_KILLED,COUNT_MC_INJURED,PRIMARY_RAMP,SECONDARY_RAMP,LATITUDE,LONGITUDE,COUNTY,CITY,POINT_X,POINT_Y
91507470,2021,2021-06-28,9735,2021-06-19,2255,022537,,6,3,9,2700,0,3,5,,2,001,"ARROYO SECO RD","ELM AVENUE",2112.00,N,N,A,-,N,,,,,,,,,,N,2,0,1,1,A,-,01,23152,A,N,E,I,A,A,H,-,D,D,0,,,,,Y,Y,A,01,1,0,0,0,0,0,0,0,0,"- ","- ",36.281990051269531,-121.32099914550781,MONTEREY,UNINCORPORATED,-121.32065582275391,36.283149719238281
91508869,2021,2021-06-29,9730,2021-06-23,1550,019127,,3,2,9,2700,0,3,5,,2,003,"GONZALES RIVER RD","PUENTE DEL MONTE AVE",3168.00,W,N,A,-,N,,,,,,,,,,Y,2,0,3,2,A,-,05,21650,,N,A,C,A,A,H,-,A,D,0,,,,,Y,,E,22,1,1,1,0,0,0,0,0,0,"- ","- ",36.495399475097656,-121.4542236328125,MONTEREY,UNINCORPORATED,-121.45474243164062,36.495147705078125
91510822,2021,2021-07-01,9730,2021-06-22,2240,021794,,2,3,9,2700,0,1,3,,1,066,SR-183,"ESPINOSA ROAD",40.00,N,N,B,-,Y,,,183,,,,,,,Y,2,0,2,2,A,-,01,23152,A,F,A,C,A,A,H,-,C,D,0,,,,,Y,Y,A,07,1,1,0,0,0,0,0,0,0,"- ","- ",36.745040893554688,-121.74021148681641,MONTEREY,UNINCORPORATED,-121.74028015136719,36.745014190673828
91521795,2021,2021-07-16,9730,2021-07-10,2110,020677,,6,2,9,2700,0,3,5,,2,003,"RIVER RD","CHUALAR RIVER RD",7392.00,S,N,A,-,N,,,,,,,,,,N,2,0,1,1,A,-,03,22350,,N,B,I,A,A,H,-,D,D,0,,,Y,,Y,Y,C,02,1,0,0,0,0,0,0,0,1,"- ","- ",36.539230346679688,-121.54096221923828,MONTEREY,UNINCORPORATED,-121.5413818359375,36.538414001464844
91527864,2021,2021-07-23,9735,2021-07-19,1425,020894,,1,2,9,2700,0,1,2,,2,042,"U.S. 101 SOUTHBOUND","WILDHORSE RD.",4752.00,S,N,A,-,Y,,,,,,,,,,Y,2,0,2,2,A,-,07,21658,A,N,B,2,A,A,H,-,A,D,0,,,,,Y,,A,07,2,0,0,0,0,0,0,0,0,"- ","- ",36.183601379394531,-121.06822204589844,MONTEREY,UNINCORPORATED,-121.06430816650391,36.179515838623047
91542157,2021,2021-08-11,9730,2021-06-20,0302,020990,,7,3,9,2700,0,3,5,,2,005,"ALISAL ROAD","SCONBERG PARKWAY",330.00,S,N,A,-,N,,,,,,,,,,Y,1,1,3,1,A,-,01,23152,A,N,F,A,A,A,D,-,C,D,0,,,,,Y,Y,D,22,1,2,0,0,0,0,0,0,0,"- ","- ",36.671588897705078,-121.59992218017578,MONTEREY,UNINCORPORATED,-121.60059356689453,36.672290802001953
91545078,2021,2021-08-16,9730,2021-08-05,2225,020233,,4,3,9,2700,0,1,2,,1,030,"US-101 NORTHBOUND","GLORIA ROAD",3168.00,N,N,B,-,Y,,,101,,,,,,N,Y,2,0,1,3,A,-,07,21658,A,N,B,C,A,A,H,-,D,D,0,,,,,Y,,A,01,1,0,0,0,0,0,0,0,0,"- ","- ",36.502159118652344,-121.43163299560547,MONTEREY,UNINCORPORATED,-121.43173217773438,36.502105712890625
91550902,2021,2021-08-23,9735,2021-08-15,1900,021431,,7,2,9,2700,0,3,5,,2,003,"METZ ROAD","ELM AVENUE",10032.00,S,N,A,-,N,,,,,,,,,,Y,2,0,4,2,A,-,08,22107,,N,A,C,A,A,H,-,A,D,0,,,,,Y,,D,22,1,2,1,0,0,0,0,0,0,"- ","- ",36.200061798095703,-121.17974853515625,MONTEREY,UNINCORPORATED,-121.18048095703125,36.319927215576172
91555365,2021,2021-09-01,9730,2021-08-20,1419,021856,,5,2,9,2700,0,3,5,,2,007,"MERIDIAN RD","ARCHER RD",528.00,W,N,B,-,N,,,,,,,,,,Y,1,1,0,1,A,-,08,22107,,N,E,I,A,A,H,-,A,D,0,,,,,Y,,A,07,0,0,0,0,0,0,0,0,0,"- ","- ",36.789039611816406,-121.7034912109375,MONTEREY,UNINCORPORATED,-121.70335388183594,36.788990020751953
91565759,2021,2021-09-08,9735,2021-08-27,2344,022537,,5,3,9,2700,0,3,5,,2,003,"METZ RD","RIO RD",8976.00,N,N,A,-,N,,,,,,,,,,Y,2,0,3,1,A,-,01,23152,A,F,F,A,A,A,H,-,D,D,0,,,,,Y,Y,A,01,1,2,0,0,0,0,0,0,0,"- ","- ",36.319988250732422,-121.1800537109375,MONTEREY,UNINCORPORATED,-121.1785888671875,36.319774627685547
91570159,2021,2021-09-14,9730,2021-09-06,0415,020677,,1,3,9,2700,0,1,2,,1,030,"US-101 S/B","MAIN ST O/C (CHUALAR)",5280.00,S,N,E,-,Y,,,101,,,,,,S,Y,2,0,1,2,A,-,01,23152,A,N,D,C,A,B,H,-,D,D,0,,,,,Y,Y,A,01,1,0,0,0,0,0,0,0,0,"- ","- ",36.534481048583984,-121.47914123535156,MONTEREY,UNINCORPORATED,-121.47911071777344,36.534515380859375
91570845,2021,2021-09-15,9735,2021-09-11,1230,019330,,6,1,9,2700,0,3,5,,2,003,"METZ ROAD","ELM AVE.",3696.00,S,N,A,-,N,,,,,,,,,,Y,2,0,1,1,A,-,08,22107,,N,F,A,A,A,H,-,A,D,0,,,,,Y,,A,01,1,0,0,0,0,0,0,0,0,"- ","- ",36.205699920654297,-121.12449645996094,MONTEREY,UNINCORPORATED,-121.19009399414062,36.334632873535156
91575897,2021,2021-09-21,9730,2021-09-11,0048,020970,,6,3,9,2700,0,3,5,,2,007,"SAN JUAN GRADE RD","CRAZY HORSE CANYON RD",0.00,,Y,B,-,N,,,,,,,,,,Y,2,0,1,1,A,-,01,23152,A,N,F,I,A,A,H,-,D,A,0,,,,,Y,Y,A,07,1,0,0,0,0,0,0,0,0,"- ","- ",36.773040771484375,-121.60346221923828,MONTEREY,UNINCORPORATED,-121.60337829589844,36.773479461669922
91581139,2021,2021-09-28,9735,2021-09-19,1440,020894,,7,2,9,2700,0,1,2,,2,042,"U.S. 101 NORTHBOUND","FIRST ST. OVERCROSSING",3696.00,S,N,A,-,Y,,,,,,,,,,Y,2,0,12,7,A,-,03,22350,,N,C,C,A,A,D,-,A,A,0,,,,Y,Y,,G,25,5,3,4,0,0,0,0,0,0,"- ","- ",36.197811126708984,-121.10080718994141,MONTEREY,UNINCORPORATED,-121.10417175292969,36.198848724365234
91582370,2021,2021-09-29,9735,2021-09-24,0025,022034,,5,3,9,2700,0,1,2,,2,044,"US-101 SOUTHBOUND","PARIS VALLEY ROAD UNDERCROSSING",2270.00,S,N,A,-,Y,,,101,,,,,,S,Y,2,0,1,1,A,-,08,22107,,N,E,I,A,A,H,-,D,D,0,,,,,Y,,A,07,1,0,0,0,0,0,0,0,0,"- ","- ",36.006511688232422,-120.91739654541016,MONTEREY,UNINCORPORATED,-120.91748809814453,36.006450653076172
91589320,2021,2021-10-06,9730,2021-09-27,2058,021794,,1,2,9,2700,0,1,3,,2,062,"SR-1 S/B","DEL MONTE BLVD (NORTH)",5.00,N,N,B,-,Y,,,1,,,,,,S,Y,2,0,1,1,A,-,01,23152,A,N,F,I,A,A,H,-,C,D,0,,,,,Y,Y,A,01,1,0,0,0,0,0,0,0,0,"- ","- ",36.725479125976562,-121.78964996337891,MONTEREY,UNINCORPORATED,-121.78964996337891,36.725482940673828
91590884,2021,2021-10-07,9730,2021-09-30,1630,017184,,4,2,9,2700,0,1,3,,1,012,SR-1,"VICENTE CRK BRIDGE",2112.00,N,N,A,-,Y,,,1,,,,,,,N,2,0,1,1,A,-,08,22107,,N,E,I,A,A,H,-,A,A,0,,,Y,,Y,,C,02,1,0,0,0,0,0,0,0,1,"- ","- ",36.048789978027344,-121.58872222900391,MONTEREY,UNINCORPORATED,-121.58885192871094,36.048580169677734
91608541,2021,2021-10-28,9730,2021-10-17,1930,020899,,7,2,9,2700,0,1,3,,1,022,SR-1,"BIXBY CREEK BRIDGE",95.00,S,N,C,-,Y,,,1,,,,,,,Y,2,0,5,2,A,-,01,23152,A,N,A,C,A,B,H,-,D,D,0,,,,,Y,Y,A,07,2,3,0,0,0,0,0,0,0,"- ","- ",36.3702392578125,-121.90174865722656,MONTEREY,UNINCORPORATED,-121.90172576904297,36.370227813720703
91618555,2021,2021-11-08,9730,2021-10-29,2008,021856,,5,2,9,2700,0,2,4,,1,073,"SAN MIGUEL CANYON ROAD","PRUNEDALE NORTH ROAD",0.00,,Y,B,-,N,,,,,,,,,,Y,2,0,2,2,A,-,12,21453,A,N,D,C,A,A,H,-,C,A,0,,,,,Y,,A,01,1,1,0,0,0,0,0,0,0,"- ","- ",36.801498413085938,-121.66591644287109,MONTEREY,UNINCORPORATED,-121.66585540771484,36.801540374755859
91630851,2021,2021-11-19,9735,2021-11-12,2041,021988,,5,2,9,2700,0,1,2,,1,041,"US 101 NB","JOLON RD",638.00,N,N,A,-,Y,,,,,,,,,,Y,2,0,1,1,A,-,01,23152,A,N,E,8,A,A,D,-,C,A,0,,,,,Y,Y,A,01,1,0,0,0,0,0,0,0,0,"- ","- ",36.198001861572266,-121.15125274658203,MONTEREY,UNINCORPORATED,-121.14614868164062,36.198463439941406
91632006,2021,2021-11-22,9730,2021-11-11,1025,017184,,4,1,9,2700,0,1,3,,1,014,SR-1,"PALO COLORADO",0.00,,Y,A,-,Y,,,1,,,,,,,Y,2,0,1,2,A,-,03,22350,,N,C,C,A,A,H,-,A,A,0,,,Y,,Y,,C,02,1,0,0,0,0,0,0,0,1,"- ","- ",36.399311065673828,-121.90461730957031,MONTEREY,UNINCORPORATED,-121.90460205078125,36.399330139160156
91633649,2021,2021-11-23,9730,2021-11-16,0700,019239,,2,1,9,2700,0,2,4,,1,073,"ELKHORN RD","WERNER RD",700.00,N,N,B,E,N,,,,,,,,,,Y,2,0,2,2,A,-,05,21460,A,M,A,C,A,A,H,-,A,A,0,,,,,Y,,D,22,2,0,0,0,0,0,0,0,0,"- ","- ",36.880718231201172,-121.74697875976562,MONTEREY,UNINCORPORATED,-121.74691009521484,36.880886077880859
91646654,2021,2022-02-01,9730,2021-11-27,1350,021358,,6,1,9,2700,0,1,3,,1,068,SR-68,"HITCHCOCK ROAD",600.00,W,N,A,-,Y,,,68,,,,,,,Y,2,0,1,2,A,-,07,21658,A,N,B,C,A,A,H,-,A,D,0,,,Y,,Y,,A,01,1,0,0,0,0,0,0,0,1,"- ","- ",36.642810821533203,-121.66474914550781,MONTEREY,UNINCORPORATED,-121.664794921875,36.642826080322266
91650947,2021,2021-12-13,9735,2021-10-21,1805,018995,,4,2,9,2700,0,2,4,,2,010,"ARROYO SECO ROAD",US-101,1964.00,W,N,B,-,N,,,,,,,,,,Y,1,1,0,1,A,-,08,22107,,N,E,I,A,A,H,-,A,D,0,,,,,Y,,A,01,0,0,0,0,0,0,0,0,0,"- ","- ",36.400699615478516,-121.32260131835938,MONTEREY,UNINCORPORATED,-121.31881713867188,36.402702331542969
91680785,2022,2022-01-19,9735,2022-01-09,1750,022328,,7,2,9,2700,0,3,5,,2,001,"PINE AVE","12TH ST",0.00,,Y,A,-,N,,,,,,,,,,Y,2,0,4,2,A,-,01,23152,A,N,D,C,A,A,H,-,C,A,0,,,,,Y,Y,A,42,1,1,2,0,0,0,0,0,0,"- ","- ",36.328659057617188,-121.26091766357422,MONTEREY,UNINCORPORATED,-121.91549682617188,36.617912292480469
91689930,2022,2022-01-31,9730,2022-01-22,2119,022092,,6,2,9,2700,0,1,3,,2,062,"SR-1 SB","LAKE DRIVE",10.00,N,N,A,-,Y,MON,,1,,R,85.519,H,,L,Y,2,0,1,1,A,-,01,23152,A,N,E,I,A,A,H,-,D,D,0,,,,,Y,Y,A,07,1,0,0,0,0,0,0,0,0,"- ","- ",36.683300018310547,-121.80840301513672,MONTEREY,UNINCORPORATED,-121.80857849121094,36.683265686035156
91693406,2022,2022-02-04,9730,2022-01-25,1611,020899,,2,2,9,2700,0,2,4,,2,063,SR-1,"SALINAS ROAD",3432.00,S,N,A,-,Y,MON,,1,,,100.374,H,,R,N,2,0,3,4,A,-,03,22350,,N,C,C,A,A,H,-,A,D,0,,,,,Y,,A,01,1,2,0,0,0,0,0,0,0,"- ","- ",36.860370635986328,-121.77108764648438,MONTEREY,UNINCORPORATED,-121.77106475830078,36.860370635986328
91703534,2022,2022-02-17,9730,2022-01-02,1845,021794,,7,2,9,2700,0,2,4,,1,023,"WEST CARMEL VALLEY ROAD","CHAMBERS LANE",0.00,,Y,A,-,N,,,,,,,,,,N,1,1,0,2,A,-,11,21954,A,N,G,B,D,A,H,-,D,D,0,Y,,,,Y,,N,60,0,0,0,1,0,0,0,0,0,"- ","- ",36.47930908203125,-121.73143768310547,MONTEREY,UNINCORPORATED,-121.73146820068359,36.479305267333984
91717744,2021,2022-03-08,9730,2021-12-06,1102,020576,,1,1,9,2700,0,3,5,,2,002,"LAURELES GRADE","SOUTHVIEW LANE",528.00,S,N,B,-,N,,,,,,,,,,Y,1,1,0,1,A,-,08,22107,,N,E,I,A,A,H,-,A,D,0,,,,Y,Y,,F,21,0,0,0,0,0,0,0,0,0,"- ","- ",36.515579223632812,-121.75803375244141,MONTEREY,UNINCORPORATED,-121.7584228515625,36.516063690185547
91718654,2021,2022-03-09,9730,2021-12-18,1935,022151,,6,2,9,2700,0,3,5,,2,007,"LEWIS ROAD","GARIN ROAD",5280.00,W,N,B,-,N,,,,,,,,,,Y,1,1,0,1,A,-,08,22107,,N,E,I,A,B,H,-,D,D,0,,,,,Y,Y,A,01,0,0,0,0,0,0,0,0,0,"- ","- ",36.883468627929688,-121.73181915283203,MONTEREY,UNINCORPORATED,-121.73534393310547,36.893718719482422
91724453,2022,2022-03-16,9730,2022-03-05,0101,020065,,6,3,9,2700,0,1,2,,1,030,"US-101 N/B","SPENCE ROAD",1575.00,S,N,B,C,Y,MON,,101,,,80.730,H,,R,Y,2,0,2,2,A,-,05,21651,B,N,A,C,A,B,H,-,D,D,0,,,,,Y,,A,07,1,1,0,0,0,0,0,0,0,"- ","- ",36.609909057617188,-121.56300354003906,MONTEREY,UNINCORPORATED,-121.56298828125,36.609916687011719
91725474,2022,2022-03-17,9735,2022-03-12,2500,022724,,6,4,9,2700,0,3,5,,2,004,"PEACH TREE RD","RT 198",53328.00,S,N,A,-,N,,,,,,,,,,Y,2,0,1,1,A,-,08,22107,,N,E,I,A,A,H,-,A,D,0,,,Y,,Y,,C,02,1,0,0,0,0,0,0,0,1,"- ","- ",36.556991577148438,-120.41332244873047,MONTEREY,UNINCORPORATED,-120.68992614746094,36.099269866943359
91733820,2022,2022-03-25,9730,2022-02-15,0800,015367,,2,1,9,2700,0,1,3,,1,074,SR-1,"2250 SR-1 (CAPURRO RANCH)",297.00,S,N,A,-,Y,MON,,1,,,97.304,H,,R,Y,1,1,2,3,A,-,08,22107,,N,A,C,A,A,H,-,A,D,0,,,,Y,Y,,F,26,2,0,0,0,0,0,0,0,0,"- ","- ",36.821109771728516,-121.78465270996094,MONTEREY,UNINCORPORATED,-121.78469085693359,36.821140289306641
91736978,2022,2022-03-30,9730,2022-03-20,1442,022725,,7,2,9,2700,0,1,3,,1,068,SR-68,"CORRAL DE TIERRA ROAD",528.00,W,N,A,-,Y,MON,,68,,,12.883,H,,R,Y,2,0,2,2,A,-,08,22107,,N,B,2,A,A,H,-,A,D,0,,,,,Y,,A,01,1,0,1,0,0,0,0,0,0,"- ","- ",36.578441619873047,-121.72837066650391,MONTEREY,UNINCORPORATED,-121.72837066650391,36.578445434570312
91739631,2022,2022-04-04,9735,2022-03-27,1327,022724,,7,1,9,2700,0,3,5,,2,004,"PARKFIELD COALINGA RD","JOAQUIN CANYON RD",25872.00,N,N,A,-,N,,,,,,,,,,Y,2,0,1,1,A,-,03,22350,,N,F,A,A,A,H,-,A,D,0,,,Y,,Y,,C,02,1,0,0,0,0,0,0,0,1,"- ","- ",35.985759735107422,-120.4580078125,MONTEREY,UNINCORPORATED,-120.46917724609375,35.971199035644531
91751312,2022,2022-04-19,9730,2022-04-09,1807,020576,,6,2,9,2700,0,3,5,,2,002,"LAURELES GRADE","ROBLEY ROAD",561.00,S,N,A,-,N,,,,,,,,,,Y,2,0,1,2,A,-,08,22107,,N,C,G,A,A,H,-,A,D,0,,Y,,,Y,,-,"- ",1,0,0,0,0,0,1,0,0,"- ","- ",36.560260772705078,-121.75019073486328,MONTEREY,UNINCORPORATED,-121.75025177001953,36.560070037841797
91755480,2022,2022-04-25,9495,2022-04-14,2500,022724,,4,4,9,2700,0,1,3,,1,009,"STATE ROUTE 198 (WARTHAN CANYON)","PARKFIELD GRADE ROAD",2112.00,E,N,A,-,Y,FRE,,198,,,12.718,H,,R,N,2,0,1,1,A,-,08,22107,,N,E,I,A,A,H,-,A,D,0,,,,,Y,,D,22,1,0,0,0,0,0,0,0,0,"- ","- ",36.087100982666016,-120.48014068603516,MONTEREY,UNINCORPORATED,-120.48005676269531,36.087108612060547
91759134,2022,2022-04-28,9730,2022-04-22,2245,022788,,5,3,9,2700,0,3,5,,2,005,"COUNTY MEADOWS RD","MEADOW RIDGE RD",250.00,E,N,A,-,N,,,,,,,,,,Y,2,0,1,1,A,-,01,23152,A,N,E,I,A,A,H,-,C,D,0,,,,,Y,Y,D,22,1,0,0,0,0,0,0,0,0,"- ","- ",36.762779235839844,-121.66033935546875,MONTEREY,UNINCORPORATED,-121.66038513183594,36.762950897216797
91765479,2022,2022-05-05,9730,2022-02-27,1433,021794,,7,2,9,2700,0,1,2,,1,050,"NB US-101","SOUTHBOUND US-101",7.00,E,N,A,-,Y,MON,,101,,,82.448,H,,L,Y,1,1,0,1,A,-,11,21954,A,N,A,I,A,A,H,-,A,D,0,,,,,Y,Y,D,22,0,0,0,0,0,0,0,0,0,"- ","- ",36.626701354980469,-121.58615875244141,MONTEREY,UNINCORPORATED,-121.58621215820312,36.626651763916016
91774343,2022,2022-05-17,9730,2022-05-08,1717,022788,,7,2,9,2700,0,3,5,,2,007,"VALLE PACIFICO RD","LANGLEY CANYON RD",1162.00,N,N,A,-,N,,,,,,,,,,Y,2,0,3,1,A,-,01,23153,A,N,E,I,A,A,H,-,A,D,0,,,,,Y,Y,A,01,1,2,0,0,0,0,0,0,0,"- ","- ",36.812091827392578,-121.66126251220703,MONTEREY,UNINCORPORATED,-121.66108703613281,36.811840057373047
91776224,2022,2022-05-19,9730,2022-05-12,1729,019239,,4,2,6,2708,0,3,5,,2,003,"HARKINS RD","NUTTING ST",1478.00,S,N,A,-,N,,,,,,,,,,Y,2,0,1,2,A,-,01,23152,A,F,A,C,A,A,H,-,A,D,0,,,,,Y,Y,A,01,1,0,0,0,0,0,0,0,0,"- ","- ",36.642051696777344,-121.63556671142578,MONTEREY,SALINAS,-121.63555908203125,36.64208984375
91784274,2022,2022-05-30,9730,2022-05-22,1900,022788,,7,2,9,2700,0,1,3,,1,022,SR-1,"RIBERA ROAD",3274.00,S,N,A,-,Y,MON,,1,,,71.151,H,,R,Y,2,0,6,2,A,-,08,22107,,N,D,C,A,A,H,-,A,D,0,,,,,Y,,A,01,1,2,3,0,0,0,0,0,0,"- ","- ",36.522579193115234,-121.92700958251953,MONTEREY,UNINCORPORATED,-121.92700958251953,36.5225830078125
91784650,2022,2022-05-31,9735,2022-05-20,1555,022742,,5,2,9,2700,0,3,5,,2,002,"NACIMIENTO LAKE DR","JOLON RD",2452.00,S,N,A,-,N,,,,,,,,,,Y,2,0,2,1,A,-,08,22107,,N,E,I,A,A,H,-,A,D,0,,,,,Y,,A,01,1,1,0,0,0,0,0,0,0,"- ","- ",35.866958618164062,-120.83805084228516,MONTEREY,UNINCORPORATED,-120.83794403076172,35.867122650146484
91790935,2022,2022-06-08,9730,2022-05-29,2335,019100,,7,3,9,2700,0,3,5,,2,005,"NATIVIDAD ROAD","ROGGE ROAD",0.00,,Y,A,-,N,,,,,,,,,,Y,2,0,5,2,A,-,01,23152,A,N,A,C,A,A,H,-,D,A,0,,,,,Y,Y,D,22,2,3,0,0,0,0,0,0,0,"- ","- ",36.728080749511719,-121.61628723144531,MONTEREY,UNINCORPORATED,-121.61613464355469,36.728252410888672
91792650,2022,2022-06-10,9730,2022-06-06,1120,015367,,1,1,9,2700,0,2,4,,2,063,"BLANCO ROAD","SALINAS RIVER BRIDGE",480.00,W,N,A,-,N,,,,,,,,,,N,2,0,1,1,A,-,03,22350,,N,F,A,A,A,H,-,A,D,0,,Y,,,Y,,L,04,1,0,0,0,0,0,1,0,0,"- ","- ",36.676670074462891,-121.74839019775391,MONTEREY,UNINCORPORATED,,
91793842,2022,2022-06-13,9730,2022-06-04,2055,021358,,6,2,9,2700,0,1,3,,1,022,SR1,"HANDLEY DR",0.00,,Y,B,-,Y,MON,,1,,,74.468,H,,R,Y,2,0,1,2,A,-,09,21802,A,N,D,C,A,A,H,-,D,A,0,,,,,Y,,A,01,1,0,0,0,0,0,0,0,0,"- ","- ",36.565181732177734,-121.91246795654297,MONTEREY,UNINCORPORATED,-121.91239929199219,36.565208435058594
91794977,2022,2022-06-14,9730,2022-06-07,0507,022725,,2,3,9,2700,0,3,5,,2,005,"RUSSEL ROAD","NORTH MAIN STREET",0.00,,Y,B,-,N,,,,,,,,,,Y,2,0,1,2,A,-,12,22450,A,N,D,C,A,A,H,-,C,A,0,,,,,Y,,A,01,1,0,0,0,0,0,0,0,0,"- ","- ",36.734428405761719,-121.65621185302734,MONTEREY,UNINCORPORATED,-121.65621185302734,36.734428405761719
91795094,2022,2022-06-14,9735,2022-06-06,1430,022724,,1,2,9,2700,0,3,5,,2,003,"METZ ROAD","ELM AVENUE",9504.00,S,N,A,-,N,,,,,,,,,,Y,2,0,1,1,A,-,08,22107,,N,E,I,A,A,H,-,A,A,0,,,,,Y,,A,07,1,0,0,0,0,0,0,0,0,"- ","- ",36.319770812988281,-121.18106842041016,MONTEREY,UNINCORPORATED,-121.18198394775391,36.320343017578125
91796614,2022,2022-06-16,9730,2022-06-09,1720,019127,,4,2,9,2700,0,1,3,,1,066,SR-183,"OLD CEMETERY RD",1056.00,N,N,A,-,Y,MON,,183,,R,2.523,H,,R,N,2,0,1,2,A,-,16,24002,A,N,B,G,A,A,H,-,A,D,0,,Y,,Y,Y,,G,25,1,0,0,0,0,0,1,0,0,"- ","- ",36.687950134277344,-121.6844482421875,MONTEREY,UNINCORPORATED,-121.68439483642578,36.687992095947266
91798901,2022,2022-06-20,9730,2022-06-12,1850,014800,,7,2,9,2700,0,1,3,,1,012,SR-1,"MPM 101 MON 16.00",41.00,N,N,A,-,Y,MON,,1,,,14.879,H,,R,N,2,0,2,2,A,-,06,21751,,N,B,C,A,A,H,-,A,D,0,,,,,Y,,A,07,1,1,0,0,0,0,0,0,0,"- ","- ",35.935359954833984,-121.46945190429688,MONTEREY,UNINCORPORATED,-121.46945190429688,35.935359954833984
91803762,2022,2022-06-27,9735,2022-06-19,1310,021120,,7,1,3,2705,0,1,2,,2,042,"US-101 NORTHBOUND","FIRST ST.",2500.00,N,N,A,-,Y,MON,,101,,R,40.249,H,,R,Y,2,0,1,2,A,-,03,22350,,N,C,C,A,A,D,-,A,A,0,,,Y,,Y,,C,02,1,0,0,0,0,0,0,0,1,"- ","- ",36.202400207519531,-121.12110900878906,MONTEREY,"KING CITY",-121.12110900878906,36.202400207519531
91804356,2022,2022-06-27,9735,2022-06-24,0355,021988,,5,3,9,2700,0,3,5,,2,002,"JOLON RD","HEINSEN RD",1056.00,E,N,A,-,N,,,,,,,,,,Y,2,0,1,1,C,-,18,,,N,E,H,A,A,H,-,D,A,0,,,,,Y,,-,"- ",1,0,0,0,0,0,0,0,0,"- ","- ",35.886730194091797,-120.91905212402344,MONTEREY,UNINCORPORATED,-120.91911315917969,35.886646270751953
91811549,2022,2022-07-06,9730,2022-06-27,0530,022197,,1,3,9,2700,0,3,5,,2,005,"SAN JUAN RD (900 BLOCK)","SAN MIGUEL CANYON RD",5280.00,W,N,B,-,N,,,,,,,,,,Y,2,0,1,2,A,-,09,21801,A,N,D,C,A,A,H,-,B,D,0,,,Y,,Y,,A,01,1,0,0,0,0,0,0,0,1,"- ","- ",36.904041290283203,-121.71410369873047,MONTEREY,UNINCORPORATED,-121.70772552490234,36.904026031494141
91814285,2022,2022-07-11,9735,2022-07-04,2259,022537,,1,3,9,2700,0,1,2,,1,040,"US-101 SOUTHBOUND","DOUD RD",2112.00,N,N,A,-,Y,MON,,101,,,58.852,H,,L,Y,2,0,1,2,A,-,08,22107,,N,C,2,A,A,H,-,D,D,0,,,,Y,Y,,A,01,1,0,0,0,0,0,0,0,0,"- ","- ",36.384368896484375,-121.30209350585938,MONTEREY,UNINCORPORATED,-121.30208587646484,36.384372711181641
91819921,2022,2022-07-18,9730,2022-07-12,1921,019512,,2,2,9,2700,0,1,3,,1,022,"HARRISON ROAD","BORGES LN",55.00,N,N,A,-,N,,,,,,,,,,N,2,0,3,1,A,-,08,22107,,N,E,J,A,A,H,-,A,D,0,,,,,Y,,A,01,1,2,0,0,0,0,0,0,0,"- ","- ",36.755580902099609,-121.65586090087891,MONTEREY,UNINCORPORATED,-121.65586090087891,36.755531311035156