CASE_ID,ACCIDENT_YEAR,PROC_DATE,JURIS,COLLISION_DATE,COLLISION_TIME,OFFICER_ID,REPORTING_DISTRICT,DAY_OF_WEEK,CHP_SHIFT,POPULATION,CNTY_CITY_LOC,SPECIAL_COND,BEAT_TYPE,CHP_BEAT_TYPE,CITY_DIVISION_LAPD,CHP_BEAT_CLASS,BEAT_NUMBER,PRIMARY_RD,SECONDARY_RD,DISTANCE,DIRECTION,INTERSECTION,WEATHER_1,WEATHER_2,STATE_HWY_IND,CALTRANS_COUNTY,CALTRANS_DISTRICT,STATE_ROUTE,ROUTE_SUFFIX,POSTMILE_PREFIX,POSTMILE,LOCATION_TYPE,RAMP_INTERSECTION,SIDE_OF_HWY,TOW_AWAY,COLLISION_SEVERITY,NUMBER_KILLED,NUMBER_INJURED,PARTY_COUNT,PRIMARY_COLL_FACTOR,PCF_CODE_OF_VIOL,PCF_VIOL_CATEGORY,PCF_VIOLATION,PCF_VIOL_SUBSECTION,HIT_AND_RUN,TYPE_OF_COLLISION,MVIW,PED_ACTION,ROAD_SURFACE,ROAD_COND_1,ROAD_COND_2,LIGHTING,CONTROL_DEVICE,CHP_ROAD_TYPE,PEDESTRIAN_ACCIDENT,BICYCLE_ACCIDENT,MOTORCYCLE_ACCIDENT,TRUCK_ACCIDENT,NOT_PRIVATE_PROPERTY,ALCOHOL_INVOLVED,STWD_VEHTYPE_AT_FAULT,CHP_VEHTYPE_AT_FAULT,COUNT_SEVERE_INJ,COUNT_VISIBLE_INJ,COUNT_COMPLAINT_PAIN,COUNT_PED_KILLED,COUNT_PED_INJURED,COUNT_BICYCLIST_KILLED,COUNT_BICYCLIST_INJURED,COUNT_MC_KILLED,COUNT_MC_INJURED,PRIMARY_RAMP,SECONDARY_RAMP,LATITUDE,LONGITUDE,COUNTY,CITY,POINT_X,POINT_Y
91821101,2022,2022-07-20,9730,2022-07-10,1426,020916,,7,2,9,2700,0,3,5,,2,006,"SOUTH BOUNDARY ROAD","S PERIMETER RD",3168.00,S,N,A,-,N,,,,,,,,,,N,2,0,1,1,A,-,03,22350,,N,F,I,A,A,H,-,A,D,0,,,Y,,Y,,C,02,1,0,0,0,0,0,0,0,1,"- ","- ",36.586071014404297,-121.77163696289062,MONTEREY,UNINCORPORATED,-121.76095581054688,36.585376739501953
91830206,2022,2022-08-01,9730,2022-07-26,0640,013744,,2,1,9,2700,0,3,5,,2,007,"SALINAS ROAD",SR1,528.00,E,N,B,-,N,,,,,,,,,,N,2,0,4,2,A,-,08,22107,,N,A,C,A,A,H,-,A,D,0,,,,,Y,,A,01,1,2,1,0,0,0,0,0,0,"- ","- ",36.870338439941406,-121.76757049560547,MONTEREY,UNINCORPORATED,-121.77133178710938,36.865451812744141
91835702,2022,2022-08-09,9730,2022-08-04,2030,019127,,4,2,9,2700,0,3,5,,2,004,"JOHNSON CANYON RD","HEROLD PKWY",528.00,E,N,A,-,N,,,,,,,,,,Y,2,0,2,2,A,-,01,23152,A,F,G,B,F,A,H,-,B,D,0,Y,,,,Y,,A,01,1,0,1,0,1,0,0,0,0,"- ","- ",36.516620635986328,-121.43276977539062,MONTEREY,UNINCORPORATED,,
91838850,2022,2022-08-12,9730,2022-08-03,0121,021794,,3,3,9,2700,0,1,2,,1,050,"US-101 N/B","AIRPORT BOULEVARD",4752.00,S,N,A,-,Y,MON,,101,,,84.725,H,,R,Y,2,0,1,1,A,-,08,22107,,N,E,I,A,A,H,-,D,D,0,,,,,Y,Y,A,01,1,0,0,0,0,0,0,0,0,"- ","- ",36.649021148681641,-121.61592864990234,MONTEREY,UNINCORPORATED,-121.61586761474609,36.6490478515625
91841780,2022,2022-08-16,9730,2022-08-06,1734,021776,,6,2,9,2700,0,3,5,,2,005,"CRAZY HORSE CANYON ROAD","HIDDEN CANYON ROAD",2112.00,W,N,A,-,N,,,,,,,,,,Y,2,0,1,1,A,-,03,22350,,N,E,I,A,A,H,-,A,D,0,,,,,Y,,A,07,1,0,0,0,0,0,0,0,0,"- ","- ",36.793289184570312,-121.61434173583984,MONTEREY,UNINCORPORATED,-121.60944366455078,36.782550811767578
91841859,2022,2022-08-16,9730,2022-06-03,0425,020065,,5,3,9,2700,0,1,3,,1,066,"STATE ROUTE 183","SAN JON ROAD",2323.00,N,N,E,-,Y,MON,,183,,R,4.654,H,,R,Y,1,1,1,3,A,-,06,21751,,N,A,C,A,A,H,-,D,D,0,,,,,Y,,A,07,1,0,0,0,0,0,0,0,0,"- ","- ",36.708518981933594,-121.71231842041016,MONTEREY,UNINCORPORATED,-121.71230316162109,36.708530426025391
91845670,2022,2022-08-22,9735,2022-08-14,0345,022883,,7,3,9,2700,0,3,5,,2,003,"SPRECKELS RD","METZ ROAD",3168.00,W,N,A,-,N,,,,,,,,,,Y,2,0,1,1,A,-,01,23152,G,N,E,I,A,A,H,-,D,D,0,,,,,Y,Y,A,01,1,0,0,0,0,0,0,0,0,"- ","- ",36.262691497802734,-121.15286254882812,MONTEREY,UNINCORPORATED,-121.15249633789062,36.262676239013672
91854285,2022,2022-08-31,9730,2022-08-08,2042,019127,,1,2,9,2700,0,3,5,,2,004,"OLD STAGE ROAD","IVERSON ROAD",8448.00,S,N,A,-,N,,,,,,,,,,Y,1,1,0,1,A,-,01,23152,A,N,E,I,A,A,H,-,D,D,0,,,,,Y,Y,D,22,0,0,0,0,0,0,0,0,0,"- ","- ",36.536800384521484,-121.46269989013672,MONTEREY,UNINCORPORATED,-121.46295166015625,36.537338256835938
91859023,2022,2022-09-07,9730,2022-06-01,0049,021794,,3,3,9,2700,0,1,3,,1,066,SR-183,"COOPER RD",6864.00,N,N,A,-,Y,MON,,183,,R,6.517,H,,R,Y,1,1,0,2,A,-,01,23152,A,M,A,C,A,A,H,-,D,D,0,,,,Y,Y,Y,A,01,0,0,0,0,0,0,0,0,0,"- ","- ",36.729820251464844,-121.73300170898438,MONTEREY,UNINCORPORATED,-121.73298645019531,36.729827880859375
91871415,2022,2022-12-12,9730,2022-09-16,1950,020990,,5,2,9,2700,0,2,4,,1,073,"HALL ROAD","JOHNSON ROAD",0.00,,Y,A,-,N,,,,,,,,,,N,2,0,1,2,A,-,09,21802,A,F,D,C,A,A,H,-,D,A,0,,,Y,,Y,,D,22,1,0,0,0,0,0,0,0,1,"- ","- ",36.861309051513672,-121.70719909667969,MONTEREY,UNINCORPORATED,-121.70722198486328,36.861263275146484
91874420,2022,2022-09-27,9730,2022-09-18,2500,022725,,7,4,9,2700,0,3,5,,2,003,"US-101 SOUTHBOUND","CAMPHORA ROAD",1056.00,N,N,A,G,Y,MON,,101,,,65.919,H,,L,Y,2,0,2,2,A,-,01,23152,A,N,D,C,A,A,H,-,D,D,0,,,,Y,Y,Y,D,22,1,0,1,0,0,0,0,0,0,"- ","- ",36.460201263427734,-121.38143157958984,MONTEREY,UNINCORPORATED,-121.38127136230469,36.460342407226562
91876815,2022,2022-09-29,9730,2022-08-07,0848,018886,,7,1,9,2700,0,1,3,,1,068,SR-68,"BOOTS ROAD",2000.00,E,N,A,-,Y,MON,,68,,,10.137,H,,R,Y,1,1,1,2,A,-,01,23152,F,N,C,C,A,A,H,-,A,D,0,,,,,Y,,A,08,0,0,1,0,0,0,0,0,0,"- ","- ",36.569370269775391,-121.77346801757812,MONTEREY,UNINCORPORATED,-121.77342987060547,36.569332122802734
91883439,2022,2022-10-05,9730,2022-09-22,1733,021776,,4,2,9,2700,0,1,2,,1,050,"US-101 S/B","N. MAIN STREET OVERCROSSING",3168.00,N,N,A,-,Y,MON,,101,,R,88.838,H,,L,N,2,0,1,2,A,-,11,21954,A,N,G,B,E,A,H,-,A,D,0,Y,,,,Y,,N,60,1,0,0,0,1,0,0,0,0,"- ","- ",36.692470550537109,-121.66081237792969,MONTEREY,UNINCORPORATED,-121.66078948974609,36.692485809326172
91889900,2022,2022-10-13,9735,2022-10-06,0820,023000,,4,1,9,2700,0,1,2,,1,041,"US-101 N/B","CENTRAL AVE.",2112.00,S,N,E,-,Y,MON,,101,,,45.316,H,,R,Y,2,0,1,2,A,-,03,22350,,N,C,C,A,A,H,-,A,D,0,,,,Y,Y,,A,01,1,0,0,0,0,0,0,0,0,"- ","- ",36.227771759033203,-121.17259979248047,MONTEREY,UNINCORPORATED,-121.17262268066406,36.227760314941406
91894087,2022,2022-10-19,9730,2022-10-09,0643,020576,,7,1,9,2700,0,3,5,,2,005,"SAN JUAN GRADE ROAD","LAGUNITA ROAD",686.00,N,N,B,-,N,,,,,,,,,,Y,2,0,2,7,A,-,01,23152,A,N,C,C,A,B,H,-,D,D,0,,,,,Y,Y,A,01,1,0,1,0,0,0,0,0,0,"- ","- ",36.756450653076172,-121.61846923828125,MONTEREY,UNINCORPORATED,-121.61846160888672,36.756420135498047
91901476,2022,2022-10-27,9735,2022-10-23,2200,022328,,7,3,9,2700,0,3,5,,2,001,"THORNE ROAD","LOS COCHES ROAD",500.00,W,N,A,-,N,,,,,,,,,,Y,2,0,2,1,A,-,01,23152,A,N,E,I,A,A,H,-,D,A,0,,,,,Y,Y,D,22,2,0,0,0,0,0,0,0,0,"- ","- ",36.320938110351562,-121.29740142822266,MONTEREY,UNINCORPORATED,-121.29747009277344,36.320808410644531
91907875,2022,2022-11-02,9735,2022-10-26,1610,022537,,3,2,9,2700,0,3,5,,2,001,"14TH ST","OAK AVE",0.00,,Y,A,-,N,,,,,,,,,,Y,2,0,1,1,A,-,08,22107,,N,E,I,A,A,H,-,A,D,0,,,,,Y,,D,22,1,0,0,0,0,0,0,0,0,"- ","- ",36.308979034423828,-121.26612091064453,MONTEREY,UNINCORPORATED,-121.26582336425781,36.308845520019531
9193143,2020,2021-01-04,2710,2020-10-28,1751,40392,,3,5,4,2710,0,0,0,,0,02A,"HILLSDALE ST","HARCOURT AV",0.00,,Y,A,-,N,,,,,,,,,,N,2,0,1,2,A,-,03,22350,,N,A,G,A,A,H,-,A,A,0,,Y,,,Y,,L,04,1,0,0,0,0,0,1,0,0,"- ","- ",,,MONTEREY,SEASIDE,-121.85154724121094,36.603851318359375
91935586,2022,2022-12-06,9730,2022-09-24,0555,016537,,6,3,6,2708,0,1,2,,1,050,"UNITED STATES 101 SOUTHBOUND","JOHN STREET",792.00,S,N,A,-,Y,MON,,101,,,86.650,H,,L,Y,1,1,0,2,A,-,11,21954,A,N,G,B,E,A,H,-,D,D,0,Y,,,,Y,,N,60,0,0,0,1,0,0,0,0,0,"- ","- ",36.669380187988281,-121.63699340820312,MONTEREY,SALINAS,-121.63699340820312,36.669376373291016
91946302,2022,2022-12-19,9735,2022-12-02,1450,021431,,5,2,9,2700,0,1,3,,1,035,SR-198,"PEACH TREE ROAD",6336.00,E,N,B,-,Y,MON,,198,,,19.695,H,,R,Y,2,0,1,1,A,-,08,22107,,N,E,I,A,D,H,-,A,D,0,,,,Y,Y,,F,27,1,0,0,0,0,0,0,0,0,"- ","- ",36.193389892578125,-120.74739074707031,MONTEREY,UNINCORPORATED,-120.74744415283203,36.193363189697266
91956620,2022,2022-12-30,9735,2022-12-24,1140,022970,,6,1,9,2700,0,1,3,,2,031,SR-146,"STONEWALL CANYON RD",8.00,E,N,A,-,Y,MON,,146,,,2.285,H,,R,Y,2,0,1,1,A,-,08,22107,,N,F,A,A,A,H,-,A,D,0,,,,,Y,,A,01,1,0,0,0,0,0,0,0,0,"- ","- ",36.423198699951172,-121.29592132568359,MONTEREY,UNINCORPORATED,-121.29592132568359,36.423213958740234
91975659,2022,2023-01-24,9735,2022-12-17,2138,020970,,6,2,9,2700,0,1,S,,2,904,"US-101 SOUTHBOUND","TEAGUE AVENUE",4541.00,S,N,A,-,Y,MON,,101,,,46.819,H,,L,N,1,1,0,2,A,-,11,21954,A,N,G,B,E,A,H,-,D,D,0,Y,,,,Y,Y,N,60,0,0,0,1,0,0,0,0,0,"- ","- ",36.249198913574219,-121.17617797851562,MONTEREY,UNINCORPORATED,-121.17620086669922,36.249198913574219
91985055,2023,2023-02-02,9730,2023-01-25,1705,022317,,3,2,9,2700,0,3,5,,2,003,"SAN JUAN GRADE ROAD","HEBERT ROAD",0.00,,Y,A,-,N,,,,,,,,,,Y,2,0,2,2,A,-,09,21804,A,N,A,D,A,A,H,-,A,D,0,,,,,Y,,-,"- ",1,1,0,0,0,0,0,0,0,"- ","- ",36.759571075439453,-121.61573028564453,MONTEREY,UNINCORPORATED,-121.61573028564453,36.759590148925781
91992558,2023,2023-02-13,9730,2023-02-10,2021,022725,,5,2,9,2700,0,3,5,,2,007,"HALL ROAD","PINI ROAD",1183.00,E,N,A,-,N,,,,,,,,,,Y,2,0,2,2,A,-,01,23152,A,N,A,C,A,A,H,-,D,D,0,,,,,Y,Y,A,01,1,1,0,0,0,0,0,0,0,"- ","- ",36.864028930664062,-121.71269989013672,MONTEREY,UNINCORPORATED,-121.71281433105469,36.864009857177734
91995179,2022,2023-02-15,9735,2022-12-18,0730,022970,,7,1,9,2700,0,3,5,,2,003,"BITTERWATER ROAD","STATE ROUTE 25",34320.00,W,N,A,-,N,,,,,,,,,,Y,1,1,0,1,A,-,08,22107,,N,F,0,A,A,H,-,A,D,0,,,,,Y,,A,07,0,0,0,0,0,0,0,0,0,"- ","- ",36.301158905029297,-121.04763031005859,MONTEREY,UNINCORPORATED,,
91995331,2022,2023-02-15,9730,2022-10-10,0510,017579,,1,3,9,2700,0,3,5,,2,007,"MAHER ROAD","LITTLE HILL LANE",962.00,S,N,E,-,N,,,,,,,,,,Y,1,2,1,2,A,-,05,21650,,N,A,C,A,B,H,-,D,D,0,,,,,Y,,A,07,1,0,0,0,0,0,0,0,0,"- ","- ",36.851158142089844,-121.6805419921875,MONTEREY,UNINCORPORATED,-121.68049621582031,36.851181030273438
92001612,2023,2023-02-23,9735,2023-01-31,"106 ",022742,,2,3,9,2700,0,1,2,,2,043,"US-101 SOUTHBOUND","PARIS VALLEY ROAD",209.00,N,N,A,-,Y,MON,,101," ",R,22.069,H,,L,Y,1,1,0,1,A,-,08,22107,,N,E,8,A,A,H,-,D,D,0,,,,,Y,,A,01,0,0,0,0,0,0,0,0,0,"- ","- ",36.013710021972656,-120.92315673828125,MONTEREY,UNINCORPORATED,-120.92307281494141,36.013755798339844
92011915,2022,2023-03-07,9730,2022-08-27,2500,022197,,6,4,9,2700,0,3,5,,2,007,"CASTROVILLE BOULEVARD (14800 BLOCK)","ELKHORN ROAD",530.00,E,N,B,-,N,,,,,,,,,,N,1,1,0,2,A,-,11,21954,A,F,G,B,E,A,H,-,D,D,0,Y,,,,Y,Y,N,60,0,0,0,1,0,0,0,0,0,"- ","- ",36.795291900634766,-121.71855926513672,MONTEREY,UNINCORPORATED,-121.7186279296875,36.795295715332031
92012028,2023,2023-03-07,9735,2023-02-27,"130 ",022724,,1,3,9,2700,0,1,2,,2,044,"US-101 SOUTHBOUND","JOLON ROAD",2112.00,N,N,C,G,Y,MON,,101," ",R,10.093,H,,L,N,2,0,1,2,A,-,08,22107,,F,B,C,A,B,H,-,C,D,0,,,,,Y,,-,99,1,0,0,0,0,0,0,0,0,"- ","- ",35.879150390625,-120.83943939208984,MONTEREY,UNINCORPORATED,-120.83940887451172,35.879161834716797
92020017,2023,2023-03-16,9730,2023-03-06,1833,017579,,1,2,9,2700,0,3,5,,2,007,"SAN JUAN GRADE ROAD","CORNWALL STREET",0.00,,Y,A,-,N,,,,,,,,,,N,2,0,1,2,A,-,10,21950,A,N,G,B,B,A,H,-,D,D,0,Y,,,,Y,,A,01,1,0,0,0,1,0,0,0,0,"- ","- ",36.733409881591797,-121.63819885253906,MONTEREY,UNINCORPORATED,-121.63838195800781,36.733417510986328
92020101,2023,2023-03-16,9730,2023-03-09,2027,019239,,4,2,9,2700,0,1,2,,1,030,"US-101 SB","FRONT ST O.C.",5808.00,N,N,B,C,Y,MON,,101," "," ",63.887,H,,L,Y,2,0,1,2,A,-,01,23152,A,N,C,C,A,B,H,-,D,D,0,,,,,Y,Y,A,01,1,0,0,0,0,0,0,0,0,"- ","- ",36.441940307617188,-121.353271484375,MONTEREY,UNINCORPORATED,-121.35321044921875,36.441997528076172
92023439,2023,2023-03-21,9730,2023-03-09,1836,020899,,4,2,9,2700,0,1,3,,1,022,"SOUTHBOUND SR-68","POINT LOBOS STATE NATURAL RESERVE ENTRANCE",425.00,N,N,C,-,Y,MON,,1," "," ",70.496,H,,R,N,2,0,1,1,C,-,18,,,N,H,J,A,B,G,-,D,D,0,,,,,Y,,-,"- ",1,0,0,0,0,0,0,0,0,"- ","- ",36.516948699951172,-121.93601989746094,MONTEREY,UNINCORPORATED,-121.93601989746094,36.516952514648438
9202466,2020,2021-02-16,2712,2020-12-14,0711,1203,2712,1,5,3,2712,0,0,0,,0,001,"RESERVATION RD","ROSE LN",65.00,E,N,A,-,N,,,,,,,,,,Y,2,0,2,2,A,-,09,21804,A,N,D,C,A,B,H,-,A,D,0,,,,,Y,Y,A,01,1,0,1,0,0,0,0,0,0,"- ","- ",,,MONTEREY,MARINA,-121.78015899658203,36.678264617919922
92038892,2023,2023-04-06,9730,2023-04-03,1656,022788,,1,2,9,2700,0,1,2,,1,050,"US-101 NORTHBOUND","HARTNELL ROAD",0.00,,Y,A,-,Y,MON,,101," "," ",82.044,H,,R,Y,2,0,2,2,A,-,09,21801,A,N,D,C,A,A,H,-,A,A,0,,,,Y,Y,,G,27,1,1,0,0,0,0,0,0,0,"- ","- ",36.622779846191406,-121.58045196533203,MONTEREY,UNINCORPORATED,-121.58053588867188,36.622703552246094
92043182,2023,2023-04-12,9735,2023-04-08,1800,022621,,6,2,9,2700,0,1,2,,2,045,"US-101 NORTHBOUND","CAMP ROBERTS",420.00,N,N,A,-,Y,MON,,101," ",R,1.042,H,,R,Y,2,0,1,1,A,-,01,23152,A,N,E,8,A,A,H,-,A,D,0,,,,,Y,Y,A,01,1,0,0,0,0,0,0,0,0,"- ","- ",35.801460266113281,-120.74508666992188,MONTEREY,UNINCORPORATED,-120.74527740478516,35.801357269287109
92051648,2023,2023-05-18,9730,2023-04-05,"607 ",016666,,3,1,9,2700,0,1,3,,1,014,SR-1,"ENTRANCE TO 44350 HWY 1, THE NAVAL FACILITY AT POI",23.00,N,N,A,-,Y,MON,,1," "," ",53.843,H,,R,Y,1,1,0,2,A,-,09,21804,A,N,D,C,A,A,H,-,D,A,0,,,Y,,Y,Y,D,22,0,0,0,0,0,0,0,1,0,"- ","- ",36.307090759277344,-121.88381958007812,MONTEREY,UNINCORPORATED,-121.88380432128906,36.307098388671875
92052699,2022,2023-04-25,9730,2022-12-25,0015,021794,,7,3,6,2708,0,3,5,,2,006,"DAVIS ROAD","W. MARKET STREET",1056.00,S,N,A,-,N,,,,,,,,,,Y,1,1,1,1,C,-,18,,,N,H,A,A,A,H,-,C,D,0,,,,,Y,,-,"- ",0,1,0,0,0,0,0,0,0,"- ","- ",36.681060791015625,-121.67472839355469,MONTEREY,SALINAS,-121.67464447021484,36.684680938720703
92059473,2023,2023-05-02,9735,2023-04-24,2300,023000,,1,3,9,2700,0,1,2,,2,045,"US-101 NORTHBOUND","CAMP ROBERTS OVERCROSSING",2693.00,N,N,A,-,Y,MON,,101," ",R,1.358,H,,R,Y,2,0,1,1,A,-,08,22107,,N,F,A,A,A,H,-,D,D,0,,,,,Y,,A,07,1,0,0,0,0,0,0,0,0,"- ","- ",35.805339813232422,-120.74809265136719,MONTEREY,UNINCORPORATED,-120.74813079833984,35.805320739746094
92066135,2023,2023-05-10,9735,2023-04-30,"155 ",023000,,7,3,9,2700,0,1,2,,2,044,"US-101 SOUTHBOUND","LOS LOBOS ROAD",2534.00,N,N,A,-,Y,MON,,101," ",R,18.358,H,,L,Y,2,0,1,1,A,-,01,23152,A,N,F,0,A,A,A,-,D,D,0,,,,,Y,Y,A,01,1,0,0,0,0,0,0,0,0,"- ","- ",35.982231140136719,-120.90264129638672,MONTEREY,UNINCORPORATED,-120.90257263183594,35.98223876953125
92067878,2023,2023-05-12,9730,2023-05-06,2300,022197,,6,3,9,2700,0,3,5,,2,006,"ESPINOSA RD","RODGERS RD",2640.00,W,N,B,-,N,,,,,,,,,,Y,2,0,2,3,A,-,01,23152,A,N,D,C,A,A,H,-,D,D,0,,,,,Y,Y,A,01,1,1,0,0,0,0,0,0,0,"- ","- ",36.748020172119141,-121.70858764648438,MONTEREY,UNINCORPORATED,-121.69969177246094,36.746959686279297
92074409,2023,2023-05-22,9730,2023-05-13,"349 ",023216,,6,3,9,2700,0,1,2,,1,070,"UNITED STATES 101","MARKET ST OVERCROSSING",640.00,S,N,A,-,Y,MON,,101," "," ",87.177,H,,L,Y,2,0,1,2,A,-,08,22107,,N,D,C,A,A,H,-,B,D,0,,,,,Y,,A,01,1,0,0,0,0,0,0,0,0,"- ","- ",36.675861358642578,-121.64111328125,MONTEREY,UNINCORPORATED,-121.64112091064453,36.675857543945312
92087173,2023,2023-06-06,9730,2023-05-28,"700 ",019818,,7,1,9,2700,0,1,3,,2,062,"SR-1 N/B","SOLEDAD DR",200.00,S,N,B,-,Y,MON,,1," ",R,75.977,H,,R,Y,2,0,1,1,A,-,08,22107,,N,E,I,A,A,H,-,A,D,0,,,,,Y,,A,01,1,0,0,0,0,0,0,0,0,"- ","- ",36.581729888916016,-121.90026092529297,MONTEREY,UNINCORPORATED,-121.90028381347656,36.581809997558594
92097358,2023,2023-06-19,9730,2023-06-12,1900,022788,,1,2,9,2700,0,3,5,,2,005,"HARRISON ROAD","COUNTRY MEADOWS ROAD",320.00,S,N,A,-,N,,,,,,,,,,Y,2,0,1,1,A,-,01,23152,A,M,E,I,A,A,H,-,D,D,0,,,,,Y,Y,A,01,1,0,0,0,0,0,0,0,0,"- ","- ",36.760578155517578,-121.65807342529297,MONTEREY,UNINCORPORATED,-121.6580810546875,36.760585784912109
92102083,2023,2023-06-26,9730,2023-06-18,1445,021358,,7,2,9,2700,0,3,5,,2,002,"CACHAGUA ROAD","SKY RANCH ROAD",2640.00,S,N,A,-,N,,,,,,,,,,Y,2,0,1,1,A,-,03,22350,,N,E,J,A,A,H,-,A,D,0,,,,,Y,,A,07,1,0,0,0,0,0,0,0,0,"- ","- ",36.430751800537109,-121.68080902099609,MONTEREY,UNINCORPORATED,-121.68321990966797,36.428951263427734
92104276,2023,2023-06-28,9730,2023-05-23,1235,018302,,2,1,9,2700,0,1,3,,1,074,"STATE ROUTE 1","MOLERA ROAD",1584.00,S,N,B,-,Y,MON,,1," "," ",94.120,H,,R,Y,1,2,2,2,A,-,05,21460,A,N,A,C,A,A,H,-,A,D,0,,,,,Y,,D,22,2,0,0,0,0,0,0,0,0,"- ","- ",36.776798248291016,-121.77352905273438,MONTEREY,UNINCORPORATED,-121.77349853515625,36.776824951171875
92108223,2023,2023-07-03,9730,2023-06-24,2006,022151,,6,2,9,2700,0,1,3,,1,072,SR-156,"MERIDIAN RD",2112.00,W,N,A,-,Y,MON,,156," "," ",4.107,H,,R,Y,2,0,1,1,A,-,01,23152,A,N,E,I,A,A,H,-,A,D,0,,,,,Y,Y,-,"- ",1,0,0,0,0,0,0,0,0,"- ","- ",36.785869598388672,-121.68634796142578,MONTEREY,UNINCORPORATED,-121.68621826171875,36.785682678222656
92115039,2023,2023-07-12,9735,2023-06-30,2100,022970,,5,2,9,2700,0,3,5,,2,003,"METZ ROAD","ELM AVENUE",5280.00,N,N,A,-,N,,,,,,,,,,Y,2,0,1,2,A,-,03,22350,,N,C,C,A,A,H,-,B,D,0,,,,,Y,,D,22,1,0,0,0,0,0,0,0,0,"- ","- ",36.352081298828125,-121.206298828125,MONTEREY,UNINCORPORATED,-121.20736694335938,36.352615356445312
9211694,2020,2021-03-09,2708,2020-12-12,0655,75635,,6,5,6,2708,0,0,0,,0,,"NORTH SANBORN RD","KIMMEL ST",24.00,S,N,C,-,N,,,,,,,,,,N,1,1,0,2,A,-,11,21954,A,N,D,B,D,B,H,-,B,D,0,Y,,,,Y,Y,N,60,0,0,0,1,0,0,0,0,0,"- ","- ",,,MONTEREY,SALINAS,-121.61729431152344,36.684989929199219
92119766,2023,2023-07-18,9730,2023-07-09,"209 ",022061,,7,3,9,2700,0,1,2,,1,070,"SAN JUAN ROAD","TARPEY ROAD",0.00,,Y,A,-,N,,,,,,,,,,N,2,0,2,1,A,-,01,23152,A,N,A,I,A,A,H,-,D,D,0,,,,,Y,Y,-,"- ",2,0,0,0,0,0,0,0,0,"- ","- ",36.868068695068359,-121.66867065429688,MONTEREY,UNINCORPORATED,-121.66880798339844,36.868087768554688
92122820,2023,2023-07-21,9730,2023-06-18,"330 ",021165,,7,3,9,2700,0,1,2,,1,030,"US-101 SOUTHBOUND","5TH STREET",2265.00,S,N,A,-,Y,MON,,101," "," ",70.423,H,,L,N,1,2,4,2,A,-,05,21651,B,N,A,C,A,A,H,-,D,D,0,,,,,Y,,A,01,4,0,0,0,0,0,0,0,0,"- ","- ",36.507389068603516,-121.43473052978516,MONTEREY,UNINCORPORATED,-121.43475341796875,36.507381439208984
92124533,2023,2023-07-24,9730,2023-06-14,"518 ",018886,,3,3,9,2700,0,2,4,,1,075,"SAN JUAN ROAD","MURPHY ROAD",114.00,E,N,B,-,N,,,,,,,,,,Y,1,1,2,2,A,-,01,23152,A,N,A,C,A,A,H,-,D,D,0,,,,,Y,Y,A,08,1,0,1,0,0,0,0,0,0,"- ","- ",36.896190643310547,-121.67574310302734,MONTEREY,UNINCORPORATED,-121.67577362060547,36.896194458007812
92133608,2023,2023-08-01,9730,2023-07-27,"300 ",020233,,4,3,9,2700,0,1,3,,1,022,SR-1,"SONOMA LANE",50.00,N,N,A,-,Y,MON,,1," "," ",68.595,H,,R,Y,2,0,1,1,A,-,01,23152,A,N,E,J,A,A,H,-,D,D,0,,,,,Y,Y,A,01,1,0,0,0,0,0,0,0,0,"- ","- ",36.491828918457031,-121.93827056884766,MONTEREY,UNINCORPORATED,-121.93821716308594,36.4918212890625
92139516,2023,2023-08-09,9730,2023-07-29,1618,022151,,6,2,9,2700,0,2,4,,1,073,"SAN MIGUEL CANYON RD","PARADISE RD",26.00,W,N,A,-,N,,,,,,,,,,N,2,0,1,2,A,-,08,22107,,N,B,C,A,A,H,-,A,D,0,,,Y,,Y,,C,02,1,0,0,0,0,0,0,0,1,"- ","- ",36.825328826904297,-121.67592620849609,MONTEREY,UNINCORPORATED,-121.67588043212891,36.825244903564453
92151188,2023,2023-08-23,9730,2023-08-14,2159,022788,,1,2,9,2700,0,3,5,,2,006,"DAVIS ROAD","HITCHCOCK ROAD",792.00,N,N,A,-,N,,,,,,,,,,Y,2,0,1,1,A,-,01,23152,A,N,E,I,A,A,H,-,D,D,0,,,,,Y,Y,A,07,1,0,0,0,0,0,0,0,0,"- ","- ",36.660640716552734,-121.6905517578125,MONTEREY,UNINCORPORATED,-121.69053649902344,36.660533905029297