CASE_ID,ACCIDENT_YEAR,PROC_DATE,JURIS,COLLISION_DATE,COLLISION_TIME,OFFICER_ID,REPORTING_DISTRICT,DAY_OF_WEEK,CHP_SHIFT,POPULATION,CNTY_CITY_LOC,SPECIAL_COND,BEAT_TYPE,CHP_BEAT_TYPE,CITY_DIVISION_LAPD,CHP_BEAT_CLASS,BEAT_NUMBER,PRIMARY_RD,SECONDARY_RD,DISTANCE,DIRECTION,INTERSECTION,WEATHER_1,WEATHER_2,STATE_HWY_IND,CALTRANS_COUNTY,CALTRANS_DISTRICT,STATE_ROUTE,ROUTE_SUFFIX,POSTMILE_PREFIX,POSTMILE,LOCATION_TYPE,RAMP_INTERSECTION,SIDE_OF_HWY,TOW_AWAY,COLLISION_SEVERITY,NUMBER_KILLED,NUMBER_INJURED,PARTY_COUNT,PRIMARY_COLL_FACTOR,PCF_CODE_OF_VIOL,PCF_VIOL_CATEGORY,PCF_VIOLATION,PCF_VIOL_SUBSECTION,HIT_AND_RUN,TYPE_OF_COLLISION,MVIW,PED_ACTION,ROAD_SURFACE,ROAD_COND_1,ROAD_COND_2,LIGHTING,CONTROL_DEVICE,CHP_ROAD_TYPE,PEDESTRIAN_ACCIDENT,BICYCLE_ACCIDENT,MOTORCYCLE_ACCIDENT,TRUCK_ACCIDENT,NOT_PRIVATE_PROPERTY,ALCOHOL_INVOLVED,STWD_VEHTYPE_AT_FAULT,CHP_VEHTYPE_AT_FAULT,COUNT_SEVERE_INJ,COUNT_VISIBLE_INJ,COUNT_COMPLAINT_PAIN,COUNT_PED_KILLED,COUNT_PED_INJURED,COUNT_BICYCLIST_KILLED,COUNT_BICYCLIST_INJURED,COUNT_MC_KILLED,COUNT_MC_INJURED,PRIMARY_RAMP,SECONDARY_RAMP,LATITUDE,LONGITUDE,COUNTY,CITY,POINT_X,POINT_Y
92152726,2023,2023-08-24,9735,2023-08-16,1426,022537,,3,2,9,2700,0,1,2,,1,041,"US-101 SOUTHBOUND","CENTRAL AVENUE",4224.00,S,N,A,-,Y,MON,,101," "," ",45.027,H,,L,Y,2,0,1,2,A,-,01,23152,A,N,E,9,A,A,H,-,A,D,0,,,,,Y,Y,A,07,1,0,0,0,0,0,0,0,0,"- ","- ",36.223991394042969,-121.17050933837891,MONTEREY,UNINCORPORATED,-121.17049407958984,36.2239990234375
92157334,2023,2023-08-29,9735,2023-08-24,1710,022883,,4,2,9,2700,0,1,2,,1,040,"US-101 SOUTHBOUND OFF RAMP TO THORNE ROAD","THORNE ROAD",528.00,N,N,A,-,Y,,,,,,,,,,Y,2,0,1,1,A,-,01,23152,A,M,F,A,A,A,H,-,A,D,0,,,,,Y,Y,D,22,1,0,0,0,0,0,0,0,0,"- ","- ",36.340290069580078,-121.2564697265625,MONTEREY,UNINCORPORATED,-121.2564697265625,36.340290069580078
92159714,2023,2023-08-31,9730,2023-08-24,"650 ",019315,,4,1,9,2700,0,1,3,,1,066,SR-183,"WALSH ST",0.00,,Y,B,-,Y,MON,,183," ",R,8.843,H,,R,Y,2,0,1,2,A,-,06,21755,A,N,D,C,A,A,H,-,B,D,0,,,Y,,Y,,C,02,1,0,0,0,0,0,0,0,1,"- ","- ",36.759731292724609,-121.74980163574219,MONTEREY,UNINCORPORATED,-121.74980926513672,36.759719848632812
9216739,2020,2021-02-05,2708,2020-12-06,0900,30348,SALIN,7,5,6,2708,0,0,0,,0,011,"FREEDOM PKWY","NORTH SANBORN RD",16.00,W,N,A,-,N,,,,,,,,,,Y,2,0,1,2,A,-,12,21453,A,N,D,C,A,A,H,-,A,A,0,,,,,Y,,A,07,1,0,0,0,0,0,0,0,0,"- ","- ",,,MONTEREY,SALINAS,-121.60137176513672,36.692169189453125
92176316,2023,2023-09-21,9735,2023-09-10,2500,022970,,7,4,9,2700,0,1,2,,1,041,"US-101 NORTHBOUND","CENTRAL AVENUE",6336.00,S,N,A,-,Y,MON,,101," "," ",44.579,H,,R,Y,2,0,1,1,A,-,08,22107,,N,E,8,A,A,H,-,B,D,0,,,,,Y,,A,01,1,0,0,0,0,0,0,0,0,"- ","- ",36.218109130859375,-121.16708374023438,MONTEREY,UNINCORPORATED,-121.16713714599609,36.218090057373047
92197468,2023,2023-10-12,9730,2023-09-25,1805,019239,,1,2,9,2700,0,1,2,,1,030,"US-101 SB","SOLEDAD PRISON RD",2112.00,S,N,A,-,Y,MON,,101," "," ",66.103,H,,L,N,2,0,1,2,A,-,07,21658,A,F,B,C,A,A,H,-,A,D,0,,,,,Y,,D,22,1,0,0,0,0,0,0,0,0,"- ","- ",36.462169647216797,-121.38365936279297,MONTEREY,UNINCORPORATED,-121.38365936279297,36.462169647216797
92205919,2023,2023-10-23,9730,2023-10-13,1340,019818,,5,1,9,2700,0,1,3,,1,022,SR-1,"OCEAN AVE",75.00,S,N,A,-,Y,MON,,1," "," ",73.787,H,,R,Y,2,0,4,3,A,-,05,21651,B,N,A,C,A,A,H,-,A,A,0,,,,,Y,,A,08,1,2,1,0,0,0,0,0,0,"- ","- ",36.555809020996094,-121.91110992431641,MONTEREY,UNINCORPORATED,-121.91114044189453,36.555805206298828
92207471,2023,2023-10-24,9730,2023-10-17,1855,022442,,2,2,9,2700,0,1,3,,1,074,"HALL RD","PINI RD",0.00,,Y,A,-,N,,,,,,,,,,Y,2,0,4,3,A,-,01,23152,A,N,A,C,A,A,H,-,D,A,0,,,,,Y,Y,A,01,1,0,3,0,0,0,0,0,0,"- ","- ",36.864158630371094,-121.71687316894531,MONTEREY,UNINCORPORATED,-121.71685028076172,36.864124298095703
92228971,2023,2023-11-06,9730,2023-10-29,2055,022317,,7,2,9,2700,0,1,2,,1,030,"US-101 N/B","OLD STAGE ROAD",2851.00,S,N,A,-,Y,MON,,101," "," ",72.023,H,,R,Y,2,0,3,1,A,-,01,23152,A,N,E,I,A,A,H,-,D,D,0,,,,,Y,Y,A,07,1,2,0,0,0,0,0,0,0,"- ","- ",36.522441864013672,-121.45377349853516,MONTEREY,UNINCORPORATED,-121.45378875732422,36.522315979003906
92230164,2023,2023-11-07,9730,2023-09-28,"645 ",015367,,4,1,9,2700,0,3,5,,2,006,"COOPER ROAD","MCFADDEN ROAD",0.00,,Y,A,-,N,,,,,,,,,,Y,1,1,3,2,A,-,09,21802,A,N,D,C,A,A,H,-,B,A,0,,,,,Y,,A,01,0,1,2,0,0,0,0,0,0,"- ","- ",36.693218231201172,-121.73496246337891,MONTEREY,UNINCORPORATED,-121.73497009277344,36.693172454833984
92232535,2023,2023-11-09,9730,2023-10-08,2345,022092,,7,3,9,2700,0,1,3,,1,074,"SR-1 SOUTHBOUND",SR-183,869.00,S,N,A,-,Y,MON,,1," ",T,92.054,H,,L,Y,1,1,1,2,A,-,01,23152,A,N,A,C,A,A,H,-,D,D,0,,,,,Y,Y,A,07,1,0,0,0,0,0,0,0,0,"- ","- ",36.768630981445312,-121.76506805419922,MONTEREY,UNINCORPORATED,-121.76508331298828,36.768630981445312
92240799,2023,2023-11-20,9730,2023-08-03,2303,022137,,4,3,9,2700,0,3,5,,2,007,"MOLERA ROAD","MONTEREY DUNES WAY",3696.00,S,N,A,-,N,,,,,,,,,,Y,1,1,2,1,A,-,01,23152,A,N,F,A,A,A,H,-,D,D,0,,,,,Y,Y,A,01,0,2,0,0,0,0,0,0,0,"- ","- ",36.761489868164062,-121.78784942626953,MONTEREY,UNINCORPORATED,-121.787353515625,36.760974884033203
92243827,2023,2023-11-24,9730,2023-11-15,"710 ",019818,,3,1,9,2700,0,3,5,,2,006,"BLACKIE RD","DEL MONTE AVE",0.00,,Y,B,-,N,,,,,,,,,,Y,2,0,1,2,A,-,12,22450,A,F,F,A,A,A,H,-,B,A,0,,,Y,,Y,Y,-,99,1,0,0,0,0,0,0,0,1,"- ","- ",36.758049011230469,-121.74411773681641,MONTEREY,UNINCORPORATED,-121.744140625,36.757961273193359
92263312,2023,2023-12-15,9730,2023-12-06,1727,020576,,3,2,9,2700,0,2,4,,1,073,"SALINAS RD","LEWIS RD",365.00,N,N,C,-,N,,,,,,,,,,Y,2,0,4,3,A,-,08,22107,,N,D,C,A,B,H,-,D,D,0,,,,,Y,,D,22,1,1,2,0,0,0,0,0,0,"- ","- ",36.892120361328125,-121.74749755859375,MONTEREY,UNINCORPORATED,-121.74741363525391,36.891990661621094
92274268,2023,2023-12-28,9730,2023-12-18,"515 ",017579,,1,3,9,2700,0,1,2,,1,070,"US-101 SOUTHBOUND","SAN MIGUEL CANYON OVER-CROSSING",1270.00,N,N,C,-,Y,MON,,101," "," ",96.385,H,,L,N,2,0,1,1,A,-,03,22350,,N,E,I,A,B,H,-,C,D,0,,,,,Y,,A,01,1,0,0,0,0,0,0,0,0,"- ","- ",36.801490783691406,-121.66075134277344,MONTEREY,UNINCORPORATED,-121.6607666015625,36.801528930664062
92282587,2023,2024-01-24,9735,2023-11-11,2500,022742,,6,4,9,2700,0,3,5,,2,001,"MESA VERDE ROAD","WILD HORSE ROAD",1848.00,N,N,A,-,N,,,,,,,,,,N,1,1,0,2,D,-,00,,,F,G,B,E,A,H,-,D,D,0,Y,,,,Y,,-,"- ",0,0,0,1,0,0,0,0,0,"- ","- ",36.190219879150391,-121.07858276367188,MONTEREY,UNINCORPORATED,-121.07788848876953,36.190029144287109
92294047,2023,2024-01-22,9730,2023-10-31,2350,021794,,2,3,9,2700,0,2,4,,2,063,"BLANCO ROAD","HITCHCOCK ROAD",528.00,W,N,A,-,N,,,,,,,,,,N,1,2,0,2,A,-,01,23152,,N,A,C,A,A,H,-,C,D,0,,,,,Y,Y,A,01,0,0,0,0,0,0,0,0,0,"- ","- ",36.6773681640625,-121.70353698730469,MONTEREY,UNINCORPORATED,-121.70309448242188,36.677082061767578
92295203,2024,2024-01-23,9730,2024-01-16,"533 ",019022,,2,3,9,2700,0,2,4,,1,075,"SAN JUAN ROAD","RAMADERO WAY",0.00,,Y,A,-,Y,,,,,,,,,,Y,2,0,1,2,A,-,09,21804,A,N,D,C,A,A,H,-,B,D,0,,,Y,,Y,,A,01,1,0,0,0,0,0,0,0,1,"- ","- ",36.876178741455078,-121.66358947753906,MONTEREY,UNINCORPORATED,-121.66358947753906,36.876148223876953
92299720,2024,2024-01-29,9730,2024-01-21,2136,022061,,7,2,9,2700,0,3,5,,2,007,"OLD STAGE ROAD","NATIVIDAD ROAD",211.00,S,N,A,-,N,,,,,,,,,,N,2,0,3,1,A,-,08,22107,,N,E,I,A,B,H,-,D,D,0,,,,,Y,,A,01,2,1,0,0,0,0,0,0,0,"- ","- ",36.739948272705078,-121.60153198242188,MONTEREY,UNINCORPORATED,-121.60157012939453,36.739830017089844
92300753,2024,2024-01-30,9730,2024-01-24,1929,023317,,3,2,9,2700,0,3,5,,2,006,"OLD STAGE RD","OLD NATIVIDAD",1584.00,S,N,B,C,N,,,,,,,,,,Y,2,0,1,1,A,-,08,22107,,N,E,I,A,B,H,-,D,D,0,,,,,Y,,A,01,1,0,0,0,0,0,0,0,0,"- ","- ",36.726909637451172,-121.59446716308594,MONTEREY,UNINCORPORATED,-121.59505462646484,36.728302001953125
92301169,2023,2025-03-18,9730,2023-12-02,2235,021165,,6,3,9,2700,0,1,3,,1,022,"STATE ROUTE 1","GRANITE CANYON BRIDGE",1310.00,N,N,A,-,Y,MON,,1," "," ",64.663,H,,R,Y,1,1,0,1,A,-,01,23152,,N,E,I,A,A,H,-,D,D,0,,,,,Y,,A,01,0,0,0,0,0,0,0,0,0,"- ","- ",36.439430236816406,-121.92098236083984,MONTEREY,UNINCORPORATED,-121.92104339599609,36.439407348632812
92316137,2024,2024-02-16,9730,2024-02-11,1523,023678,,7,2,9,2700,0,1,2,,1,030,"US-101 N/B","MORANDA RD.",528.00,N,N,A,-,Y,MON,,101," "," ",62.971,H,,R,Y,2,0,2,2,A,-,01,23152,A,N,B,C,A,A,H,-,A,D,0,,,,,Y,Y,A,01,1,1,0,0,0,0,0,0,0,"- ","- ",36.434860229492188,-121.33937835693359,MONTEREY,UNINCORPORATED,-121.33940887451172,36.434829711914062
92321983,2023,2024-02-23,9730,2023-11-20,"543 ",019022,,1,3,9,2700,0,3,5,,2,006,"ESPINOSA ROAD",SR-183,2587.00,E,N,A,-,N,,,,,,,,,,Y,1,1,2,2,A,-,01,23152,A,N,A,C,A,A,H,-,D,D,0,,,,,Y,,A,01,1,1,0,0,0,0,0,0,0,"- ","- ",36.742630004882812,-121.73207092285156,MONTEREY,UNINCORPORATED,-121.73227691650391,36.742557525634766
92328957,2024,2024-03-04,9735,2024-02-16,2228,022891,,5,3,9,2700,0,2,4,,1,021,"JOLON ROAD","SAN LUCAS ROAD",21648.00,S,N,B,-,N,,,,,,,,,,N,2,0,3,4,A,-,08,22107,,N,G,1,E,A,H,-,D,D,0,Y,,,,Y,,A,01,2,0,1,0,2,0,0,0,0,"- ","- ",36.07794189453125,-121.17955017089844,MONTEREY,UNINCORPORATED,-121.17941284179688,36.076465606689453
92332308,2024,2024-03-07,9735,2024-02-09,2500,021120,,5,4,9,2700,0,3,5,,2,002,"INTERLAKE ROAD","BRYSON HESPERIA ROAD",6600.00,N,N,A,-,N,,,,,,,,,,Y,2,0,1,1,A,-,08,22107,,M,E,I,A,A,H,-,A,D,0,,,,,Y,,D,22,1,0,0,0,0,0,0,0,0,"- ","- ",35.850948333740234,-121.0528564453125,MONTEREY,UNINCORPORATED,-121.05271911621094,35.850971221923828
92336422,2022,2024-03-12,9735,2022-09-29,1449,019745,,4,2,9,2700,0,1,2,,1,040,"UNITED STATES HIGHWAY 101 SOUTHBOUND","UNDERWOOD ROAD",270.00,N,N,A,-,Y,MON,,101,,,51.149,H,,L,Y,1,1,1,2,A,-,08,22107,,N,A,C,A,A,H,-,A,D,0,,,,Y,Y,,A,01,0,0,1,0,0,0,0,0,0,"- ","- ",36.298721313476562,-121.21556091308594,MONTEREY,UNINCORPORATED,-121.21560668945312,36.298648834228516
92365449,2024,2024-04-16,9730,2024-03-17,2005,022725,,7,2,9,2700,0,1,3,,1,066,SR-183,"DAVIS ROAD",114.60,S,N,A,-,Y,MON,,183," ",R,1.885,H,,R,N,2,0,1,2,A,-,03,22350,,F,C,G,A,A,H,-,B,D,0,,Y,,,Y,,-,99,1,0,0,0,0,0,1,0,0,"- ","- ",36.6844482421875,-121.67414855957031,MONTEREY,UNINCORPORATED,-121.67408752441406,36.684566497802734
92365739,2024,2024-04-16,9730,2024-04-07,2105,022725,,7,2,9,2700,0,3,5,,2,007,"WERNER ROAD","SALINAS ROAD",12.00,S,N,A,-,N,,,,,,,,,,Y,2,0,1,2,A,-,01,23152,A,N,D,C,A,A,H,-,D,A,0,,,,,Y,Y,D,22,1,0,0,0,0,0,0,0,0,"- ","- ",36.878421783447266,-121.74996948242188,MONTEREY,UNINCORPORATED,-121.75140380859375,36.878269195556641
9237890,2021,2021-03-25,2710,2021-01-22,0635,40424,2710,5,5,4,2710,0,0,0,,0,02B,"CANYON DEL REY BL","FREMONT BL",150.00,W,N,B,C,N,,,,,,,,,,N,2,0,1,2,A,-,11,21954,A,N,G,B,D,B,H,-,D,D,0,Y,,,,Y,,N,60,1,0,0,0,1,0,0,0,0,"- ","- ",,,MONTEREY,SEASIDE,-121.85105133056641,36.599163055419922
92389394,2024,2024-05-14,9730,2024-05-03,1710,023439,,5,2,9,2700,0,3,5,,2,003,"RIVER ROAD","RANCHITO DRIVE",249.00,E,N,B,-,N,,,,,,,,,,N,2,0,1,2,A,-,05,21460,,N,B,C,A,A,H,-,A,D,0,,,Y,,Y,,C,02,1,0,0,0,0,0,0,0,1,"- ","- ",36.603488922119141,-121.63700866699219,MONTEREY,UNINCORPORATED,-121.63701629638672,36.603500366210938
92390553,2024,2024-05-15,9730,2024-05-05,"206 ",023317,,7,3,9,2700,0,1,3,,1,022,"SR-1 N/B","SLOAT RD",20.00,N,N,A,-,Y,MON,,1," ",R,77.615,H,,R,Y,2,0,3,2,A,-,01,23152,A,N,D,C,A,B,H,-,C,D,0,,,,,Y,Y,A,01,1,0,2,0,0,0,0,0,0,"- ","- ",36.59326171875,-121.87709808349609,MONTEREY,UNINCORPORATED,-121.87708282470703,36.593219757080078
92391721,2024,2024-05-16,9730,2024-05-09,2043,023772,,4,2,9,2700,0,3,5,,2,007,"CASTROVILLE BOULEVARD","PARADISE ROAD",556.00,W,N,A,-,N,,,,,,,,,,N,2,0,1,2,A,-,01,23152,A,N,A,C,A,A,H,-,D,D,0,,,Y,,Y,Y,C,02,1,0,0,0,0,0,0,0,1,"- ","- ",36.798030853271484,-121.69979095458984,MONTEREY,UNINCORPORATED,-121.69979095458984,36.798046112060547
92391754,2024,2024-05-16,9730,2024-05-09,2115,022092,,4,2,9,2700,0,2,4,,1,073,"ELKHORN ROAD","HALL ROAD",1056.00,W,N,A,-,N,,,,,,,,,,Y,2,0,7,3,A,-,05,21460,,N,A,C,A,A,H,-,D,D,0,,,,,Y,,A,07,2,3,2,0,0,0,0,0,0,"- ","- ",36.871341705322266,-121.74437713623047,MONTEREY,UNINCORPORATED,-121.74440765380859,36.871368408203125
92404332,2024,2024-06-03,9730,2024-04-07,1522,021776,,7,2,9,2700,0,3,5,,2,004,"OLD STAGE ROAD","CHUALAR ROAD",1056.00,S,N,A,-,N,,,,,,,,,,N,1,1,0,1,A,-,01,23152,A,N,F,A,A,A,H,-,A,D,0,,,,,Y,Y,A,08,0,0,0,0,0,0,0,0,0,"- ","- ",36.579608917236328,-121.49665069580078,MONTEREY,UNINCORPORATED,-121.49636840820312,36.579196929931641
92405580,2024,2024-06-04,9730,2024-05-27,"737 ",022129,,1,1,9,2700,0,1,2,,1,070,"US-101 NORTHBOUND","BORONDA ROAD OVERCROSSING",950.00,N,N,B,-,Y,MON,,101," ",R,91.203,H,,R,Y,2,0,1,1,A,-,01,23152,A,N,E,I,A,A,H,-,A,D,0,,,,,Y,Y,A,01,1,0,0,0,0,0,0,0,0,"- ","- ",36.724689483642578,-121.65889739990234,MONTEREY,UNINCORPORATED,-121.65898132324219,36.724704742431641
92406500,2024,2024-06-05,9730,2024-05-29,"700 ",020899,,3,1,9,2700,0,2,4,,1,023,"CARMEL VALLEY ROAD","VIA MALLORCA",372.00,W,N,B,-,N,,,,,,,,,,N,2,0,1,1,A,-,03,22350,,N,E,I,A,A,H,-,A,D,0,,,,,Y,,A,07,1,0,0,0,0,0,0,0,0,"- ","- ",36.542018890380859,-121.88147735595703,MONTEREY,UNINCORPORATED,-121.88135528564453,36.542018890380859
92421724,2024,2024-06-24,9730,2024-06-16,"655 ",021776,,7,1,9,2700,0,1,2,,1,030,"US-101 NORTHBOUND","ALTA STREET OVER-CROSSING",1056.00,N,N,A,-,Y,MON,,101," "," ",72.846,H,,R,Y,2,0,2,1,A,-,08,22107,,N,F,0,A,A,H,-,A,D,0,,,,,Y,,A,07,1,1,0,0,0,0,0,0,0,"- ","- ",36.525588989257812,-121.4676513671875,MONTEREY,UNINCORPORATED,-121.46779632568359,36.525474548339844
92424334,2024,2024-06-26,9730,2024-05-22,"615 ",018302,,3,1,9,2700,0,3,5,,2,004,"ALISAL ROAD","HARTNELL ROAD",3168.00,N,N,B,-,N,,,,,,,,,,Y,1,1,1,2,A,-,06,21750,A,F,C,2,A,A,H,-,A,D,0,,,,,Y,,A,07,1,0,0,0,0,0,0,0,0,"- ","- ",36.652061462402344,-121.58268737792969,MONTEREY,UNINCORPORATED,-121.58306884765625,36.652454376220703
92428684,2024,2024-07-02,9730,2024-05-04,"102 ",021358,,6,3,9,2700,0,3,5,,2,003,"ABBOTT STREET","HARRIS ROAD",8923.00,S,N,B,-,N,,,,,,,,,,Y,1,1,0,2,A,-,01,23152,A,N,C,E,A,A,H,-,D,D,0,,,,,Y,Y,A,01,0,0,0,0,0,0,0,0,0,"- ","- ",36.627891540527344,-121.58982086181641,MONTEREY,UNINCORPORATED,-121.58985137939453,36.627941131591797
92442752,2024,2024-07-18,9730,2024-05-12,"130 ",022092,,7,3,9,2700,0,1,2,,1,030,"US-101 NB","SOUTH STREET",60.00,N,N,A,-,Y,MON,,101," "," ",76.846,H,,R,Y,2,0,2,1,A,-,01,23152,A,N,E,8,A,A,H,-,D,D,0,,,,,Y,Y,A,07,2,0,0,0,0,0,0,0,0,"- ","- ",36.568080902099609,-121.51634979248047,MONTEREY,UNINCORPORATED,-121.51643371582031,36.568023681640625
9248282,2021,2021-04-22,2706,2021-03-05,1746,818,2706,5,5,4,2706,0,0,0,,0,003,"DEL MONTE AV",HANNON,49.00,E,N,A,-,N,,,,,,,,,,Y,2,0,1,2,A,-,03,22350,,N,B,C,A,A,H,-,A,D,0,,,Y,,Y,Y,C,02,1,0,0,0,0,0,0,0,1,"- ","- ",,,MONTEREY,MONTEREY,-121.86225891113281,36.604049682617188
9250795,2021,2021-05-03,2708,2021-03-23,1823,76151,SALIN,2,5,6,2708,0,0,0,,0,009,"EAST ROMIE LN","LOS PALOS DR",0.00,,Y,A,-,N,,,,,,,,,,Y,2,0,1,2,A,-,12,21453,A,N,A,C,A,A,H,-,A,A,0,,,,,Y,,-,,1,0,0,0,0,0,0,0,0,"- ","- ",,,MONTEREY,SALINAS,-121.64466094970703,36.659610748291016
9279507,2021,2021-06-11,2708,2021-03-02,1144,79945,,2,5,6,2708,0,0,0,,0,005,"NOICE DR","NAVAJO DR",150.00,S,N,A,-,N,,,,,,,,,,Y,2,0,2,2,A,-,09,21804,A,N,D,C,A,A,H,-,A,D,0,,,,,Y,,A,01,1,1,0,0,0,0,0,0,0,"- ","- ",,,MONTEREY,SALINAS,-121.65190124511719,36.705451965332031
9301810,2021,2021-09-27,2708,2021-07-07,0219,25182,,3,5,6,2708,0,0,0,,0,009,"RT 68","GRIFFIN ST",360.00,E,N,A,-,Y,MON,5,68,-,-,21.980,H,-,W,Y,1,1,1,2,A,-,01,23152,A,N,A,C,A,A,H,-,D,D,0,,,Y,,Y,Y,C,02,0,1,0,0,0,0,0,1,0,"- ","- ",,,MONTEREY,SALINAS,-121.64004516601562,36.671062469482422
9302180,2021,2021-08-11,2708,2021-06-07,0542,54383,,1,5,6,2708,0,0,0,,0,012,"TOWT ST","ACOSTA ST",0.00,,Y,A,-,N,,,,,,,,,,Y,2,0,2,2,A,-,09,21802,A,N,D,C,A,A,H,-,A,A,0,,,,,Y,,-,,2,0,0,0,0,0,0,0,0,"- ","- ",,,MONTEREY,SALINAS,-121.61692047119141,36.679645538330078
9302295,2021,2021-08-31,2708,2021-05-22,0544,75370,2708,6,5,6,2708,0,0,0,,0,003,"NATIVIDAD RD","BORONDA RD",2112.00,N,N,B,-,N,,,,,,,,,,Y,2,0,1,2,A,-,08,22107,,N,A,C,A,A,H,-,A,D,0,,,,,Y,,A,01,1,0,0,0,0,0,0,0,0,"- ","- ",,,MONTEREY,SALINAS,-121.6236572265625,36.715549468994141
9322136,2021,2021-10-09,2708,2021-08-04,0332,30424,SALIN,3,5,6,2708,0,0,0,,0,007,"WEST MARKET ST","S DAVIS RD",443.00,E,N,A,-,N,,,,,,,,,,Y,2,0,2,1,A,-,01,23153,A,N,A,I,A,A,H,-,C,D,0,,,,,Y,Y,A,07,2,0,0,0,0,0,0,0,0,"- ","- ",,,MONTEREY,SALINAS,-121.67464447021484,36.684680938720703
9323434,2021,2021-10-20,2712,2021-09-07,2018,1192,2712,2,5,3,2712,0,0,0,,0,001,"IMJIN PKWY","3RD AV",0.00,,Y,E,-,N,,,,,,,,,,Y,2,0,1,2,A,-,10,21950,A,N,G,B,B,A,H,-,C,D,0,Y,,,,Y,,A,01,1,0,0,0,1,0,0,0,0,"- ","- ",,,MONTEREY,MARINA,-121.80455780029297,36.666469573974609
9337730,2021,2021-10-23,2708,2021-07-11,0520,53260,SALIN,7,5,6,2708,0,0,0,,0,011,"N MADEIRA","FREEDOM PKWY",0.00,,N,B,-,N,,,,,,,,,,N,2,0,1,2,A,-,10,21950,A,F,D,B,B,A,H,-,C,A,0,Y,,,,Y,,-,,1,0,0,0,1,0,0,0,0,"- ","- ",,,MONTEREY,SALINAS,,
9361975,2021,2021-11-24,2706,2021-11-10,1330,215,,3,5,4,2706,0,0,0,,0,001,"LIGHTHOUSE AV","PRESCOTT AV",7.00,S,N,A,-,N,,,,,,,,,,N,2,0,2,2,A,-,10,21950,A,N,D,G,A,A,H,-,A,A,0,,Y,,,Y,,D,22,1,1,0,0,0,0,1,0,0,"- ","- ",,,MONTEREY,MONTEREY,-121.90267944335938,36.614692687988281
9375836,2021,2021-12-17,2708,2021-08-09,0636,51385,SALIN,1,5,6,2708,0,0,0,,0,010,"JOHN ST","NORTH HEBBRON ST",100.00,E,N,A,-,N,,,,,,,,,,Y,2,0,1,2,A,-,08,22107,,N,D,C,A,A,H,-,A,D,0,,,,,Y,,A,01,1,0,0,0,0,0,0,0,0,"- ","- ",,,MONTEREY,SALINAS,-121.63248443603516,36.669803619384766
93768310,2024,2024-08-07,9735,2024-07-31,2100,021988,,3,2,9,2700,0,3,5,,2,001,"PINE CANYON RD","BURNS RD",244.00,E,N,A,-,N,,,,,,,,,,Y,2,0,3,2,A,-,01,23152,A,N,A,C,A,A,H,-,D,A,0,,,,,Y,Y,A,01,2,1,0,0,0,0,0,0,0,"- ","- ",36.191631317138672,-121.14523315429688,MONTEREY,UNINCORPORATED,-121.14582824707031,36.190406799316406
9378088,2021,2022-01-11,2708,2021-11-09,1127,53268,,2,5,6,2708,0,0,0,,0,001,"NORTH MAIN ST","E LAMAR ST",27.00,N,N,A,-,N,,,,,,,,,,Y,2,0,2,1,A,-,08,22107,,N,E,I,A,A,H,-,A,D,0,,,,,Y,,A,01,2,0,0,0,0,0,0,0,0,"- ","- ",,,MONTEREY,SALINAS,-121.65641021728516,36.723724365234375
93871322,2024,2024-08-08,9730,2024-08-02,1522,023750,,5,2,9,2700,0,1,3,,1,074,SR-1,"PIERI COURT",72.00,S,N,B,-,Y,MON,,1," "," ",95.239,H,,R,Y,2,0,2,2,A,-,05,21460,A,N,A,C,A,A,H,-,A,D,0,,,,,Y,,A,01,1,1,0,0,0,0,0,0,0,"- ","- ",36.791709899902344,-121.78372192382812,MONTEREY,UNINCORPORATED,-121.78367614746094,36.791713714599609
9403861,2022,2022-03-23,2710,2022-01-19,1446,40392,1,3,5,4,2710,0,0,0,,0,02A,"RT 218","HILBY AV",0.00,,-,A,-,Y,MON,5,218,-,L,0.610,H,-,W,N,2,0,1,2,A,-,04,21703,,N,B,C,A,A,H,-,A,A,0,,,Y,,Y,,C,02,1,0,0,0,0,0,0,0,1,"- ","- ",,,MONTEREY,SEASIDE,-121.85391235351562,36.602714538574219
9404632,2021,2022-02-15,2708,2021-10-29,1916,98751,WPC,5,5,6,2708,0,0,0,,0,002,"WEST LAUREL DR","PARKSIDE ST",0.00,,Y,A,-,N,,,,,,,,,,N,2,0,1,2,B,-,22,,,F,G,B,B,A,H,-,D,D,0,Y,,,,Y,,A,01,1,0,0,0,1,0,0,0,0,"- ","- ",,,MONTEREY,SALINAS,-121.65599822998047,36.698822021484375