CASE_ID,ACCIDENT_YEAR,PROC_DATE,JURIS,COLLISION_DATE,COLLISION_TIME,OFFICER_ID,REPORTING_DISTRICT,DAY_OF_WEEK,CHP_SHIFT,POPULATION,CNTY_CITY_LOC,SPECIAL_COND,BEAT_TYPE,CHP_BEAT_TYPE,CITY_DIVISION_LAPD,CHP_BEAT_CLASS,BEAT_NUMBER,PRIMARY_RD,SECONDARY_RD,DISTANCE,DIRECTION,INTERSECTION,WEATHER_1,WEATHER_2,STATE_HWY_IND,CALTRANS_COUNTY,CALTRANS_DISTRICT,STATE_ROUTE,ROUTE_SUFFIX,POSTMILE_PREFIX,POSTMILE,LOCATION_TYPE,RAMP_INTERSECTION,SIDE_OF_HWY,TOW_AWAY,COLLISION_SEVERITY,NUMBER_KILLED,NUMBER_INJURED,PARTY_COUNT,PRIMARY_COLL_FACTOR,PCF_CODE_OF_VIOL,PCF_VIOL_CATEGORY,PCF_VIOLATION,PCF_VIOL_SUBSECTION,HIT_AND_RUN,TYPE_OF_COLLISION,MVIW,PED_ACTION,ROAD_SURFACE,ROAD_COND_1,ROAD_COND_2,LIGHTING,CONTROL_DEVICE,CHP_ROAD_TYPE,PEDESTRIAN_ACCIDENT,BICYCLE_ACCIDENT,MOTORCYCLE_ACCIDENT,TRUCK_ACCIDENT,NOT_PRIVATE_PROPERTY,ALCOHOL_INVOLVED,STWD_VEHTYPE_AT_FAULT,CHP_VEHTYPE_AT_FAULT,COUNT_SEVERE_INJ,COUNT_VISIBLE_INJ,COUNT_COMPLAINT_PAIN,COUNT_PED_KILLED,COUNT_PED_INJURED,COUNT_BICYCLIST_KILLED,COUNT_BICYCLIST_INJURED,COUNT_MC_KILLED,COUNT_MC_INJURED,PRIMARY_RAMP,SECONDARY_RAMP,LATITUDE,LONGITUDE,COUNTY,CITY,POINT_X,POINT_Y
9405100,2021,2022-02-14,2708,2021-12-08,1717,74125,SALIN,3,5,6,2708,0,0,0,,0,009,"EAST ROMIE LN","CALIFORNIA ST",9.00,,N,A,-,N,,,,,,,,,,N,2,0,1,2,A,-,10,21950,A,N,G,B,B,A,H,-,D,-,0,Y,,,,Y,,-,,1,0,0,0,1,0,0,0,0,"- ","- ",,,MONTEREY,SALINAS,-121.65293121337891,36.661525726318359
9415811,2022,2022-03-18,2708,2022-01-17,2131,RODRIGUE,WPC,1,5,6,2708,0,0,0,,0,005,"EAST LAUREL DR","NATIVIDAD RD",45.00,W,N,A,-,N,,,,,,,,,,Y,2,0,1,2,A,-,03,22350,,N,D,C,A,-,H,-,C,A,0,,,,,Y,Y,A,01,1,0,0,0,0,0,0,0,0,"- ","- ",,,MONTEREY,SALINAS,-121.63843536376953,36.696365356445312
9420661,2022,2022-04-27,2701,2022-03-03,1525,195,CRML,4,5,2,2701,0,0,0,,0,00S,"JUNIPERO AV","12TH AV",8.00,N,N,C,-,N,,,,,,,,,,Y,2,0,1,1,A,-,03,22350,,N,E,I,A,B,H,-,A,A,0,,,,,Y,,A,01,1,0,0,0,0,0,0,0,0,"- ","- ",,,MONTEREY,CARMEL,-121.92001342773438,36.547901153564453
9422360,2021,2022-05-02,2708,2021-12-27,1148,79945,,1,5,6,2708,0,0,0,,0,003,"ARCADIA WY","ARCADIA WY 526",0.00,,Y,C,-,N,,,,,,,,,,N,2,0,1,2,A,-,11,21954,A,N,D,B,D,B,H,-,A,D,0,Y,,,,Y,,N,60,1,0,0,0,1,0,0,0,0,"- ","- ",,,MONTEREY,SALINAS,-121.62766265869141,36.713951110839844
9434438,2022,2022-04-27,2706,2022-03-26,2326,284,,6,5,4,2706,0,0,0,,0,,"LIGHTHOUSE AV",PACIFIC,0.00,,Y,A,-,N,,,,,,,,,,Y,2,0,1,1,A,-,03,22350,,N,F,J,A,A,H,-,C,D,0,,,Y,,Y,,C,02,1,0,0,0,0,0,0,0,1,"- ","- ",,,MONTEREY,MONTEREY,-121.89504241943359,36.604785919189453
94362219,2024,2024-08-20,9730,2024-08-11,1032,023884,,7,1,9,2700,0,1,2,,1,030,"ABBOTT STREET","US-101 OVERCROSS",5.00,W,N,A,-,Y,MON,,101," "," ",82.484,H,,L,Y,2,0,1,1,A,-,01,23152,A,N,E,8,A,A,H,-,D,A,0,,,,,Y,Y,A,01,1,0,0,0,0,0,0,0,0,"- ","- ",36.626838684082031,-121.58682250976562,MONTEREY,UNINCORPORATED,-121.58666229248047,36.626983642578125
94379501,2024,2024-09-03,9730,2024-08-22,"828 ",023949,,4,1,9,2700,0,2,4,,2,063,"BLANCO RD","RESERVATION ROAD",4541.00,E,N,B,-,N,,,,,,,,,,Y,2,0,1,2,A,-,03,22350,,N,D,C,A,A,H,-,A,D,0,,,Y,Y,Y,,C,02,1,0,0,0,0,0,0,0,1,"- ","- ",36.677078247070312,-121.7476806640625,MONTEREY,UNINCORPORATED,-121.74781799316406,36.677024841308594
94379789,2024,2024-09-03,9730,2024-06-09,"428 ",023299,,7,3,4,2706,0,3,5,,2,006,"ESPINOSA ROAD","STATE ROUTE 183",2438.00,E,N,A,-,N,,,,,,,,,,Y,1,1,0,2,A,-,11,21954,A,N,G,B,E,A,H,-,D,D,0,Y,,,,Y,,N,60,0,0,0,1,0,0,0,0,0,"- ","- ",36.742591857910156,-121.73371124267578,MONTEREY,MONTEREY,-121.73278045654297,36.742496490478516
94380925,2024,2024-09-04,9730,2024-08-21,1304,023949,,3,1,9,2700,0,1,3,,1,066,SR-183,"MCFADDEN ROAD",528.00,S,N,A,-,N,,,,,,,,,,Y,2,0,2,2,A,-,05,21651,A,N,A,C,A,A,D,-,A,D,0,,,,,Y,,A,01,2,0,0,0,0,0,0,0,0,"- ","- ",36.695400238037109,-121.6988525390625,MONTEREY,UNINCORPORATED,-121.69882202148438,36.695446014404297
94392462,2024,2024-09-13,9730,2024-09-01,2317,023949,,7,3,9,2700,0,3,5,,2,006,SR-68,"CORRAL DE TIERRA ROAD",2640.00,W,N,A,-,Y,MON,,68," "," ",12.447,H,,R,Y,2,0,2,2,A,-,01,23152,A,N,C,2,A,A,H,-,D,D,0,,,,,Y,Y,A,01,1,1,0,0,0,0,0,0,0,"- ","- ",36.574771881103516,-121.73467254638672,MONTEREY,UNINCORPORATED,-121.7347412109375,36.574844360351562
94398772,2024,2024-09-18,9735,2024-08-21,"700 ",021988,,3,1,9,2700,0,1,2,,1,041,"US-101 SOUTHBOUND","BROADWAY STREET O/C",388.00,S,N,A,-,Y,MON,,101," ",R,41.104,H,,L,N,1,1,0,2,A,-,11,21954,A,N,G,B,E,A,H,-,B,A,0,Y,,,,Y,,N,60,0,0,0,1,0,0,0,0,0,"- ","- ",36.204151153564453,-121.13626861572266,MONTEREY,UNINCORPORATED,-121.13626861572266,36.204139709472656
94399257,2024,2024-09-18,9730,2024-09-04,1936,023772,,3,2,9,2700,0,1,2,,1,070,"US-101 S/B","PRUNEDALE SOUTH ROAD",1145.00,S,N,B,-,Y,MON,,101," "," ",93.845,H,,L,Y,2,0,2,2,A,-,03,22350,,N,C,C,A,A,H,-,C,D,0,,,,,Y,,A,01,2,0,0,0,0,0,0,0,0,"- ","- ",36.766639709472656,-121.66840362548828,MONTEREY,UNINCORPORATED,-121.66843414306641,36.766635894775391
94400566,2024,2024-09-19,9730,2024-09-12,2305,020701,,4,3,9,2700,0,1,2,,1,070,"US-101 SOUTHBOUND","BLACKIE ROAD",484.00,N,N,A,-,Y,MON,,101," "," ",94.376,H,,L,Y,2,0,1,2,A,-,01,23152,A,N,C,C,A,A,D,-,D,D,0,,,,,Y,Y,D,22,1,0,0,0,0,0,0,0,0,"- ","- ",36.774288177490234,-121.66943359375,MONTEREY,UNINCORPORATED,-121.66941070556641,36.7742919921875
94402239,2024,2024-09-20,9735,2024-09-08,"519 ",023199,,7,3,3,2704,0,1,2,,1,040,"US-101 SOUTHBOUND OFF TO THORNE ROAD","THORNE ROAD",200.00,N,N,A,-,Y,,,,,,,,,,Y,2,0,1,1,A,-,01,23152,A,M,E,I,A,A,H,-,D,D,0,,,,,Y,Y,A,07,1,0,0,0,0,0,0,0,0,"- ","- ",36.339611053466797,-121.25621032714844,MONTEREY,GREENFIELD,,
94409286,2024,2024-09-26,9730,2024-09-18,2200,021794,,3,3,9,2700,0,2,4,,1,075,"SAN JUAN ROAD","SAN MIGUEL CANYON ROAD",5808.00,W,N,A,-,N,,,,,,,,,,N,2,0,1,1,C,-,18,,,N,H,H,A,A,H,-,D,D,0,,,,,Y,,-,"- ",1,0,0,0,0,0,0,0,0,"- ","- ",36.904029846191406,-121.71012878417969,MONTEREY,UNINCORPORATED,-121.70952606201172,36.903995513916016
94432238,2024,2024-10-15,9735,2024-10-11,1140,021120,,5,1,9,2700,0,3,5,,2,002,"NACIMIENTO LAKE DRIVE","73525 NACIMIENTO LAKE DR.",637.00,S,N,A,-,N,,,,,,,,,,Y,2,0,1,1,A,-,08,22107,,N,F,A,A,A,H,-,A,D,0,,,Y,,Y,,-,"- ",1,0,0,0,0,0,0,0,1,"- ","- ",35.86138916015625,-120.84053802490234,MONTEREY,UNINCORPORATED,-120.87030029296875,35.793136596679688
94433614,2024,2024-10-16,9730,2024-08-22,"610 ",022317,,4,1,9,2700,0,3,5,,2,006,"NASHUA ROAD","MONTE ROAD",1355.00,E,N,B,-,N,,,,,,,,,,N,1,1,0,2,A,-,11,21954,A,N,G,B,E,A,H,-,B,D,0,Y,,,,Y,,N,60,0,0,0,1,0,0,0,0,0,"- ","- ",36.738578796386719,-121.76294708251953,MONTEREY,UNINCORPORATED,-121.76295471191406,36.738571166992188
94447457,2024,2024-10-28,9730,2024-10-18,1735,021165,,5,2,9,2700,0,2,4,,1,023,"VALLEY GREENS DRIVE","CARMEL VALLEY ROAD",544.00,S,N,A,-,N,,,,,,,,,,N,2,0,1,2,A,-,01,23152,A,N,A,C,A,A,H,-,A,A,0,,Y,,,Y,Y,A,07,1,0,0,0,0,0,1,0,0,"- ","- ",36.532611846923828,-121.85086822509766,MONTEREY,UNINCORPORATED,-121.85083770751953,36.532646179199219
94449755,2024,2024-12-05,9730,2024-10-25,1011,024127,,5,1,9,2700,0,1,2,,1,030,"US-101 N/B","CORRECTIONAL TRAINING FACILITY (CTF)",4224.00,S,N,A,-,Y,MON,,101," "," ",65.598,H,,R,Y,2,0,1,2,A,-,08,22107,,N,B,C,A,A,H,-,A,D,0,,,,,Y,,A,01,1,0,0,0,0,0,0,0,0,"- ","- ",36.457618713378906,-121.3765869140625,MONTEREY,UNINCORPORATED,-121.37661743164062,36.457588195800781
9445989,2022,2022-06-07,2706,2022-05-15,2103,215,,7,5,4,2706,0,0,0,,0,001,"LIGHTHOUSE AV","PRIVATE BOLIO RD",6.00,N,N,A,-,N,,,,,,,,,,Y,2,0,1,1,A,-,03,22350,,N,F,A,A,A,H,-,C,D,0,,,Y,,Y,,C,02,1,0,0,0,0,0,0,0,1,"- ","- ",,,MONTEREY,MONTEREY,-121.89724731445312,36.608478546142578
94460682,2024,2024-11-06,9730,2024-10-31,1724,023216,,4,2,9,2700,0,3,5,,2,007,"STRAWBERRY CANYON RD","ELKHORN RD",15.00,E,N,A,-,N,,,,,,,,,,N,2,0,1,1,A,-,08,22107,,N,E,I,A,A,H,-,A,D,0,,,Y,,Y,,C,02,1,0,0,0,0,0,0,0,1,"- ","- ",36.829139709472656,-121.73297119140625,MONTEREY,UNINCORPORATED,-121.73314666748047,36.829158782958984
94461613,2024,2024-11-07,9730,2024-10-27,"854 ",024087,,7,1,6,2708,0,1,2,,1,050,"US-101 NORTHBOUND","BORONDA RD.",4646.00,S,N,B,-,Y,MON,,101," ",R,90.118,H,,R,Y,2,0,2,1,A,-,08,22107,,N,E,I,A,A,H,-,A,D,0,,,,,Y,,A,01,1,1,0,0,0,0,0,0,0,"- ","- ",36.709571838378906,-121.66384124755859,MONTEREY,SALINAS,-121.66391754150391,36.7095947265625
94468429,2024,2024-11-13,9730,2024-11-05,1444,020899,,2,2,9,2700,0,3,5,,2,020,"17 MILE DRIVE","CARMEL WAY",2270.00,N,N,A,-,N,,,,,,,,,,N,2,0,1,1,A,-,03,22350,,N,F,I,A,A,H,-,A,D,0,,Y,,,Y,,L,04,1,0,0,0,0,0,1,0,0,"- ","- ",36.566638946533203,-121.92317199707031,MONTEREY,UNINCORPORATED,,
94471804,2024,2024-11-15,9735,2024-11-09,1255,024047,,6,1,9,2700,0,1,2,,2,044,"US-101 SOUTHBOUND","ALVARADO RD OVERCROSS",7392.00,S,N,A,-,Y,MON,,101," ",R,14.042,H,,L,Y,2,0,1,2,A,-,08,22107,,N,B,C,A,A,H,-,A,A,0,,,,,Y,,A,01,1,0,0,0,0,0,0,0,0,"- ","- ",35.927120208740234,-120.86959838867188,MONTEREY,UNINCORPORATED,-120.86952209472656,35.927146911621094
94472839,2024,2024-11-18,9730,2024-09-02,"428 ",023584,,1,3,9,2700,0,1,3,,1,066,"STATE ROUTE 183","COOPER ROAD",1848.00,N,N,A,-,Y,MON,,183," ",R,5.510,H,,R,Y,1,1,0,1,A,-,01,23152,A,N,E,8,A,A,H,-,D,D,0,,,,,Y,Y,A,01,0,0,0,0,0,0,0,0,0,"- ","- ",36.718280792236328,-121.7218017578125,MONTEREY,UNINCORPORATED,-121.72183227539062,36.71826171875
94484430,2024,2024-11-26,9730,2024-08-24,"610 ",022317,,6,1,9,2700,0,3,5,,2,005,"HARRISON ROAD","RUSSELL ROAD",0.00,,Y,A,-,N,,,,,,,,,,Y,1,1,1,2,D,-,00,,,N,D,C,A,A,H,-,B,A,0,,,,,Y,Y,-,"- ",0,0,1,0,0,0,0,0,0,"- ","- ",36.734519958496094,-121.65618896484375,MONTEREY,UNINCORPORATED,-121.65621185302734,36.734428405761719
94485628,2024,2024-11-27,9730,2024-11-19,1733,020233,,2,2,9,2700,0,1,2,,1,030,"US-101 NORTHBOUND","SOMAVIA ROAD",0.00,,Y,B,-,Y,MON,,101," "," ",79.388,H,,R,Y,2,0,3,2,A,-,09,21801,A,N,D,C,A,A,H,-,D,D,0,,,,,Y,,M,46,1,2,0,0,0,0,0,0,0,"- ","- ",36.596050262451172,-121.54588317871094,MONTEREY,UNINCORPORATED,-121.54588317871094,36.596046447753906
94517686,2024,2024-12-27,9735,2024-12-19,1202,024047,,4,1,9,2700,0,1,2,,1,041,"S/B US-101",LAGOMARSINO,2640.00,N,N,A,-,Y,MON,,101," "," ",50.263,H,,R,Y,2,0,1,2,A,-,03,22350,,N,C,C,A,A,H,-,A,D,0,,,,,Y,,A,01,1,0,0,0,0,0,0,0,0,"- ","- ",36.293498992919922,-121.20108795166016,MONTEREY,UNINCORPORATED,-121.20094299316406,36.293689727783203
94583839,2025,2025-03-27,9730,2025-02-02,2154,023829,,7,2,9,2700,0,1,3,,2,062,"SR-1 N/B","AGUAJITO ROAD",2746.00,S,N,B,-,Y,MON,,1," ",R,76.632,H,,R,Y,2,0,1,2,A,-,03,22350,,N,C,2,A,B,H,-,D,D,0,,,,,Y,,D,22,1,0,0,0,0,0,0,0,0,"- ","- ",36.583488464355469,-121.88867950439453,MONTEREY,UNINCORPORATED,-121.88868713378906,36.583534240722656
94596270,2025,2025-03-04,9730,2025-02-21,1900,023829,,5,2,9,2700,0,3,5,,2,006,"CHAMBERLIN AVENUE","CALDWELL STREET",0.00,,Y,A,-,N,,,,,,,,,,N,2,0,1,2,A,-,10,21950,C,F,G,B,D,A,H,-,C,A,0,Y,,,,Y,,-,99,1,0,0,0,1,0,0,0,0,"- ","- ",36.656650543212891,-121.73996734619141,MONTEREY,UNINCORPORATED,-121.74002838134766,36.656585693359375
94601438,2025,2025-03-18,9730,2025-02-27,1440,024182,,4,2,6,2708,0,1,2,,1,030,"MCCOY ROAD","CAMP GABILAN",1056.00,S,N,A,-,N,,,,,,,,,,Y,2,0,1,1,A,-,03,22350,,N,E,8,A,A,H,-,A,D,0,,,,,Y,,D,22,1,0,0,0,0,0,0,0,0,"- ","- ",36.460708618164062,-121.38108825683594,MONTEREY,SALINAS,,
94612300,2024,2025-03-20,9730,2024-12-15,1940,020701,,7,2,9,2700,0,1,2,,1,050,"UNITED STATES 101 SOUTHBOUND","MARKET STREET",1256.00,N,N,A,-,Y,MON,,101," "," ",87.545,H,,L,Y,1,1,0,2,A,-,00,21960,A,N,G,B,E,A,H,-,D,D,0,Y,,,,Y,,N,60,0,0,0,1,0,0,0,0,0,"- ","- ",36.680980682373047,-121.64261627197266,MONTEREY,UNINCORPORATED,-121.64267730712891,36.680953979492188
9461718,2022,2022-08-10,2712,2022-05-17,1801,1202,1202,2,5,3,2712,0,0,0,,0,001,"DEL MONTE BL","RESERVATION RD",2.00,W,N,A,-,N,,,,,,,,,,N,2,0,1,1,B,-,22,,,N,H,G,A,A,H,-,A,A,0,,Y,,,Y,,-,"- ",1,0,0,0,0,0,1,0,0,"- ","- ",,,MONTEREY,MARINA,-121.79973602294922,36.687694549560547
94634587,2025,2025-04-02,9730,2025-03-01,2159,023829,,6,2,9,2700,0,2,4,,1,073,"HALL ROAD","PINI ROAD",53.00,W,N,C,-,N,,,,,,,,,,Y,2,0,2,2,A,-,06,21751,,N,A,C,A,B,H,-,D,D,0,,,,,Y,,D,22,2,0,0,0,0,0,0,0,0,"- ","- ",36.864151000976562,-121.71806335449219,MONTEREY,UNINCORPORATED,-121.71703338623047,36.864128112792969
94636081,2025,2025-04-03,9730,2025-03-24,"725 ",020584,,1,1,9,2700,0,2,4,,1,075,"SAN JUAN RD.","TARPEY RD.",0.00,,Y,A,-,N,,,,,,,,,,Y,2,0,1,2,A,-,09,21802,A,N,D,C,A,A,H,-,A,A,0,,,,Y,Y,,A,01,1,0,0,0,0,0,0,0,0,"- ","- ",36.868080139160156,-121.66880035400391,MONTEREY,UNINCORPORATED,-121.66880798339844,36.868087768554688
94652154,2025,2025-04-16,9730,2025-03-23,1748,023646,,7,2,9,2700,0,1,3,,1,068,SR-68,"SPRECKELS ROAD",1050.00,W,N,A,-,Y,MON,,68," ",R,17.868,H,,R,N,2,0,1,1,A,-,08,22107,,N,F,A,A,A,H,-,A,D,0,,,Y,,Y,,C,02,1,0,0,0,0,0,0,0,1,"- ","- ",36.630901336669922,-121.67221069335938,MONTEREY,UNINCORPORATED,-121.67205810546875,36.630744934082031
94652301,2025,2025-04-16,9735,2025-04-09,"558 ",024377,,3,3,9,2700,0,1,2,,2,043,"US 101 S/B","PARIS VALLEY RD",8976.00,N,N,A,-,Y,MON,,101," ",R,23.730,H,,L,Y,2,0,3,2,A,-,00,21561,B,N,D,C,A,A,H,-,B,A,0,,,,Y,Y,,G,25,2,0,1,0,0,0,0,0,0,"- ","- ",36.031391143798828,-120.94288635253906,MONTEREY,UNINCORPORATED,-120.94293975830078,36.031352996826172
94665855,2024,2025-04-28,9730,2024-12-13,1845,021358,,5,2,9,2700,0,2,4,,1,023,"CARMEL VALLEY ROAD","PALOMA DRIVE",3696.00,W,N,B,-,N,,,,,,,,,,Y,1,1,1,2,A,-,01,23152,A,N,D,C,A,A,H,-,D,D,0,,,Y,,Y,Y,C,02,1,0,0,0,0,0,0,1,1,"- ","- ",36.272350311279297,-121.44631958007812,MONTEREY,UNINCORPORATED,,
94668113,2025,2025-04-29,9730,2025-04-18,2050,023646,,5,2,9,2700,0,3,5,,2,006,"NASHUA ROAD","COOPER ROAD",10560.00,N,N,A,-,N,,,,,,,,,,N,2,0,2,1,A,-,08,22107,,N,E,I,A,A,H,-,D,D,0,,,,,Y,,A,01,2,0,0,0,0,0,0,0,0,"- ","- ",36.720729827880859,-121.74286651611328,MONTEREY,UNINCORPORATED,-121.74965667724609,36.726829528808594
94685476,2025,2025-05-13,9730,2025-05-02,"200 ",023067,,5,3,3,2712,0,1,3,,2,062,"SR1 S/B","DEL MONTE BLVD TO SR 1",27.00,N,N,A,-,Y,MON,,1," ",R,85.171,H,,L,Y,2,0,1,1,A,-,08,22107,,N,E,I,A,A,H,-,C,D,0,,,,,Y,,A,07,1,0,0,0,0,0,0,0,0,"- ","- ",36.678329467773438,-121.807861328125,MONTEREY,MARINA,-121.80776977539062,36.678318023681641
94688946,2025,2025-05-15,9730,2025-05-06,1754,023288,,2,2,9,2700,0,3,5,,2,004,"RIVER ROAD","RANCHITO DRIVE",35.00,E,N,A,-,N,,,,,,,,,,Y,2,0,2,3,A,-,03,22350,,N,C,C,A,A,H,-,A,D,0,,,,Y,Y,,D,22,1,0,1,0,0,0,0,0,0,"- ","- ",36.603870391845703,-121.63755798339844,MONTEREY,UNINCORPORATED,-121.63758850097656,36.603870391845703
94737512,2025,2025-06-24,9730,2025-06-15,"712 ",023678,,7,1,9,2700,0,3,5,,2,005,"ROGGE ROAD","JADE STREET",295.00,E,N,A,-,N,,,,,,,,,,Y,2,0,2,2,A,-,01,23152,A,F,D,C,A,A,H,-,A,D,0,,,,,Y,Y,A,01,1,0,1,0,0,0,0,0,0,"- ","- ",36.730800628662109,-121.62989044189453,MONTEREY,UNINCORPORATED,-121.62984466552734,36.730815887451172
94751895,2025,2025-07-07,9735,2025-06-30,1730,024182,,1,2,9,2700,0,3,5,,2,004,"RANCHITA AVE","RANCHITA CANYON RD",325.00,N,N,A,-,N,,,,,,,,,,Y,2,0,1,1,A,-,03,22350,,N,F,A,A,A,B,-,A,D,0,,,Y,,Y,,C,02,1,0,0,0,0,0,0,0,1,"- ","- ",35.819801330566406,-120.54376983642578,MONTEREY,UNINCORPORATED,-120.54898834228516,35.8131103515625
9476195,2022,2022-07-12,2710,2022-05-05,0753,38145,,4,5,4,2710,0,0,0,,0,02B,"LA SALLE AV","JUDSON ST",0.00,,Y,A,-,N,,,,,,,,,,N,2,0,1,2,A,-,11,21950,B,N,D,B,B,A,H,-,A,D,0,Y,,,,Y,,N,60,1,0,0,0,1,0,0,0,0,"- ","- ",,,MONTEREY,SEASIDE,-121.83501434326172,36.616714477539062
9489474,2022,2022-08-30,2711,2022-07-12,1638,01322,2711,2,5,3,2711,0,0,0,,0,002,"EAST ST","FRONT ST",0.00,,Y,A,-,N,,,,,,,,,,N,2,0,1,2,A,-,21,22106,,F,G,B,B,A,H,-,A,A,0,Y,,,,Y,,A,07,1,0,0,0,1,0,0,0,0,"- ","- ",,,MONTEREY,SOLEDAD,-121.32616424560547,36.424900054931641
9500702,2022,2022-10-18,2712,2022-09-22,1822,1241,2712,4,5,3,2712,0,0,0,,0,001,"BEACH RD","DEL MONTE BL",0.00,,Y,A,-,N,,,,,,,,,,N,2,0,1,2,A,-,10,21950,A,N,G,A,B,A,H,-,A,A,0,Y,,,,Y,,A,01,1,0,0,0,1,0,0,0,0,"- ","- ",,,MONTEREY,MARINA,-121.79739379882812,36.693458557128906
9512399,2022,2022-11-01,2706,2022-10-15,2050,826,2706,6,5,4,2706,0,0,0,,0,001,"LIGHTHOUSE AV","HOFFMAN AV",39.00,N,N,A,-,N,,,,,,,,,,N,2,0,1,2,A,-,11,21453,D,N,G,B,D,A,H,-,C,A,0,Y,,,,Y,,N,60,1,0,0,0,1,0,0,0,0,"- ","- ",,,MONTEREY,MONTEREY,-121.90178680419922,36.6136474609375
9531968,2022,2022-12-02,2706,2022-10-25,1735,082,2706,2,5,4,2706,0,0,0,,0,003,"DEL MONTE AV","SLOAT AV",0.00,,N,A,-,N,,,,,,,,,,Y,2,0,1,2,A,-,03,22350,,N,D,C,A,A,H,-,A,D,0,,,Y,,Y,,C,02,1,0,0,0,0,0,0,0,1,"- ","- ",,,MONTEREY,MONTEREY,-121.87888336181641,36.599857330322266
9557558,2023,2023-06-21,2707,2023-04-14,1830,2254,2707,5,5,3,2707,0,0,0,,0,001,"FOREST AV","DAVID AV",0.00,,Y,A,-,Y,MON,5,68,-,-,1.230,I,5,W,Y,2,0,4,3,A,-,12,21453,A,N,D,C,A,A,H,-,A,A,0,,,,,Y,,D,22,1,1,2,0,0,0,0,0,0,"- ","- ",,,MONTEREY,"PACIFIC GROVE",-121.92257690429688,36.608474731445312
9710003,2024,2024-10-18,2710,2024-05-04,1544,40422,2710,6,5,4,2710,0,0,0,,0,02B,"ORD GROVE AV","WARING ST",18.00,E,N,C,-,N,,,,,,,,,,N,2,0,1,1,D,-,00,,,N,F,I,A,B,A,-,A,D,0,,,Y,,Y,,-,"- ",1,0,0,0,0,0,0,0,1,"- ","- ",,,MONTEREY,SEASIDE,-121.83457183837891,36.619178771972656
9814430,2025,2025-07-24,2704,2025-05-06,1253,00039,2704,2,5,3,2704,0,0,0,,0,001,"EL CAMINO REAL RD","OAK AV",2.00,S,N,A,-,N,,,,,,,,,,N,2,0,1,2,A,-,10,21950,A,N,A,B,B,A,H,-,A,A,0,Y,,,,Y,,D,22,1,0,0,0,1,0,0,0,0,"- ","- ",,,MONTEREY,GREENFIELD,-121.24341583251953,36.320846557617188
9827368,2025,2025-07-17,2710,2025-05-22,1056,40401,MARIN,4,5,4,2710,0,0,0,,0,02A,"FREMONT BL","POLE 1008",38.70,S,N,A,-,N,,,,,,,,,,Y,2,0,1,1,D,-,00,,,N,A,-,A,A,H,-,A,A,0,,,,,Y,,-,"- ",1,0,0,0,0,0,0,0,0,"- ","- ",,,MONTEREY,SEASIDE,,
6290174,2014,2014-03-28,9730,2014-01-19,2500,19569,,7,4,9,2700,0,1,3,,1,014,"RT 1","BIXBY  BRIDGE",162.00,S,N,A,-,Y,MON,5,1,-,-,59.490,H,-,N,Y,1,1,1,1,A,-,08,22107,,N,E,I,A,A,H,-,C,D,0,,,,,Y,,A,01,1,0,0,0,0,0,0,0,0,"- ","- ",,,MONTEREY,UNINCORPORATED,-121.90217448,36.372229859999997
6290224,2014,2014-03-28,2708,2014-01-01,0500,18355,,3,5,6,2708,0,0,0,,0,,"E ALISAL ST","FRONT ST",215.00,E,N,A,-,N,,,,,,,,,,Y,1,1,1,1,A,-,01,23152,F,N,E,I,A,A,H,-,C,D,0,,,,,Y,Y,A,01,1,0,0,0,0,0,0,0,0,"- ","- ",,,MONTEREY,SALINAS,-121.64842932000001,36.674689540000003
6290351,2014,2015-12-21,2708,2014-02-04,1913,52823,,2,5,6,2708,0,0,0,,0,,"EAST LAUREL DR","SANBORN RD",200.00,N,N,A,-,N,,,,,,,,,,N,1,1,0,2,A,-,11,21954,A,N,G,B,D,A,H,-,C,D,0,Y,,,,Y,Y,N,60,0,0,0,1,0,0,0,0,0,"- ","- ",,,MONTEREY,SALINAS,-121.62121964000001,36.683416510000001
6290354,2014,2015-12-21,9730,2014-02-11,1435,15160,,2,2,9,2700,0,2,4,,1,073,"SALINAS RD","TRAFTON RD",0.00,,Y,A,-,N,,,,,,,,,,Y,1,1,0,2,A,-,08,22100,B,N,H,G,A,A,H,-,A,D,0,,Y,,,Y,,L,04,0,0,0,0,0,1,0,0,0,"- ","- ",36.886670000000002,-121.74708,MONTEREY,UNINCORPORATED,-121.74710997,36.886790009999999
6291521,2014,2014-10-31,2708,2014-07-05,0249,52823,,6,5,6,2708,0,0,0,,0,,"NATIVIDAD RD","LOS COCHES AV",0.00,,Y,A,-,N,,,,,,,,,,N,1,1,0,2,A,-,12,21453,A,F,H,G,A,A,H,-,C,A,0,,Y,,,Y,Y,L,04,0,0,0,0,0,1,0,0,0,"- ","- ",,,MONTEREY,SALINAS,-121.62755991,36.707030080000003
6291526,2014,2015-12-30,9730,2014-07-11,0650,19315,,5,1,9,2700,0,1,3,,1,074,"RT 1","JENSEN RD",2112.00,S,N,B,-,Y,MON,5,1,-,-,99.440,H,-,N,Y,1,2,0,2,A,-,05,21460,A,N,A,C,A,B,H,-,A,D,0,,,,Y,Y,,A,01,0,0,0,0,0,0,0,0,0,"- ","- ",36.84939,-121.77115000000001,MONTEREY,UNINCORPORATED,-121.77113041,36.846831399999999