CASE_ID,ACCIDENT_YEAR,PROC_DATE,JURIS,COLLISION_DATE,COLLISION_TIME,OFFICER_ID,REPORTING_DISTRICT,DAY_OF_WEEK,CHP_SHIFT,POPULATION,CNTY_CITY_LOC,SPECIAL_COND,BEAT_TYPE,CHP_BEAT_TYPE,CITY_DIVISION_LAPD,CHP_BEAT_CLASS,BEAT_NUMBER,PRIMARY_RD,SECONDARY_RD,DISTANCE,DIRECTION,INTERSECTION,WEATHER_1,WEATHER_2,STATE_HWY_IND,CALTRANS_COUNTY,CALTRANS_DISTRICT,STATE_ROUTE,ROUTE_SUFFIX,POSTMILE_PREFIX,POSTMILE,LOCATION_TYPE,RAMP_INTERSECTION,SIDE_OF_HWY,TOW_AWAY,COLLISION_SEVERITY,NUMBER_KILLED,NUMBER_INJURED,PARTY_COUNT,PRIMARY_COLL_FACTOR,PCF_CODE_OF_VIOL,PCF_VIOL_CATEGORY,PCF_VIOLATION,PCF_VIOL_SUBSECTION,HIT_AND_RUN,TYPE_OF_COLLISION,MVIW,PED_ACTION,ROAD_SURFACE,ROAD_COND_1,ROAD_COND_2,LIGHTING,CONTROL_DEVICE,CHP_ROAD_TYPE,PEDESTRIAN_ACCIDENT,BICYCLE_ACCIDENT,MOTORCYCLE_ACCIDENT,TRUCK_ACCIDENT,NOT_PRIVATE_PROPERTY,ALCOHOL_INVOLVED,STWD_VEHTYPE_AT_FAULT,CHP_VEHTYPE_AT_FAULT,COUNT_SEVERE_INJ,COUNT_VISIBLE_INJ,COUNT_COMPLAINT_PAIN,COUNT_PED_KILLED,COUNT_PED_INJURED,COUNT_BICYCLIST_KILLED,COUNT_BICYCLIST_INJURED,COUNT_MC_KILLED,COUNT_MC_INJURED,PRIMARY_RAMP,SECONDARY_RAMP,LATITUDE,LONGITUDE,COUNTY,CITY,POINT_X,POINT_Y
6291935,2014,2016-01-13,9735,2014-12-14,2500,020036,,7,4,9,2700,0,1,2,,1,041,"RT 101","TEAGUE AV",1056.00,S,N,B,-,Y,MON,5,101,-,-,47.420,H,-,N,Y,1,1,0,1,A,-,08,22107,,N,E,I,A,A,H,-,D,D,5,,,,,Y,,A,01,0,0,0,0,0,0,0,0,0,"- ","- ",36.258749999999999,-121.17834000000001,MONTEREY,UNINCORPORATED,-121.17831905,36.257648449999998
6291949,2014,2016-01-12,9735,2014-12-31,1253,17952,,3,1,3,2704,0,1,2,,1,040,"RT 101","WALNUT AV",1616.00,N,N,A,-,Y,MON,5,101,-,-,54.190,H,-,N,Y,1,1,0,1,A,-,08,22107,,N,E,I,A,A,H,-,A,D,1,,,,,Y,,A,01,0,0,0,0,0,0,0,0,0,"- ","- ",36.332689999999999,-121.24759,MONTEREY,GREENFIELD,-121.24790278,36.332895129999997
6292059,2014,2015-04-08,9730,2014-08-15,1715,19700,,5,2,6,2708,0,1,2,,1,050,"RT 101","JOHN ST",1340.00,S,N,A,-,Y,MON,5,101,-,-,86.520,H,-,N,Y,1,1,3,3,A,-,03,22350,,N,C,C,A,A,H,-,A,D,1,,,,Y,Y,,G,25,3,0,0,0,0,0,0,0,0,"- ","- ",36.668790000000001,-121.63455,MONTEREY,SALINAS,-121.63451841,36.66875306
6292771,2015,2016-04-15,2705,2015-11-25,0613,22819,,3,5,3,2705,0,0,0,,0,002,"S 3RD ST","DIVISION ST",0.00,,Y,B,-,N,,,,,,,,,,N,1,1,0,2,A,-,10,21950,A,N,G,B,D,B,H,-,B,A,0,Y,,,,Y,,D,22,0,0,0,1,0,0,0,0,0,"- ","- ",,,MONTEREY,"KING CITY",-121.12313987,36.208979999999997
6292787,2015,2016-04-26,2708,2015-10-09,0758,75791,,5,5,6,2708,0,0,0,,0,,"HARDEN PKWY","MCKINNON ST",0.00,,Y,A,-,N,,,,,,,,,,Y,1,1,0,3,A,-,12,22450,A,N,D,C,A,A,H,-,A,D,0,,,,,Y,,-,,0,0,0,0,0,0,0,0,0,"- ","- ",,,MONTEREY,SALINAS,-121.64407996,36.712090099999998
6292846,2015,2016-03-01,2708,2015-08-25,0005,18355,,2,5,6,2708,0,0,0,,0,,"NORTH DAVIS RD",LARKIN,315.00,S,N,A,-,N,,,,,,,,,,Y,1,1,0,1,D,-,00,,,N,E,I,A,A,H,-,C,D,0,,,,,Y,Y,-,"- ",0,0,0,0,0,0,0,0,0,"- ","- ",,,MONTEREY,SALINAS,-121.66873585,36.692925510000002
6292847,2015,2016-03-01,2708,2015-10-11,2011,07661,,7,5,6,2708,0,0,0,,0,004,"EAST LAUREL DR","E LAUREL DR 855",17.00,E,N,A,-,N,,,,,,,,,,N,1,1,0,2,A,-,10,21950,A,F,G,B,D,A,H,-,D,D,0,Y,,,,Y,,-,,0,0,0,1,0,0,0,0,0,"- ","- ",,,MONTEREY,SALINAS,,
6338357,2014,2014-06-04,9730,2014-01-18,2222,19635,,6,3,9,2700,0,1,2,,1,070,"RT 101","SAN JUAN RD",150.00,W,N,A,-,Y,,,101,,,,,,,Y,2,0,1,1,A,-,08,22107,,N,E,I,A,A,H,-,C,D,0,,,,,Y,,D,22,1,0,0,0,0,0,0,0,0,TO,"- ",36.855759999999997,-121.63249,MONTEREY,UNINCORPORATED,-121.63232831000001,36.85556493
6358591,2014,2016-01-14,9730,2014-01-25,0010,020057,,6,3,9,2700,0,1,3,,1,014,"RT 1","LITTLE SUR RIVER BR",5280.00,S,N,A,-,Y,MON,5,1,-,-,55.100,H,-,N,Y,2,0,1,1,A,-,01,23152,A,N,E,I,A,A,H,-,D,D,0,,,,,Y,Y,A,07,1,0,0,0,0,0,0,0,0,"- ","- ",36.322929999999999,-121.8929,MONTEREY,UNINCORPORATED,-121.89307019,36.323358820000003
6362978,2014,2014-06-16,9730,2014-01-24,1930,020621,,5,2,9,2700,0,3,5,,2,004,"OLD STAGE RD","ESPERANZA RD",5808.00,S,N,A,-,N,,,,,,,,,,Y,2,0,2,2,A,-,01,23152,A,N,A,C,A,A,H,-,D,D,0,,,,Y,Y,Y,A,01,1,1,0,0,0,0,0,0,0,"- ","- ",36.590440000000001,-121.50272,MONTEREY,UNINCORPORATED,-121.50308608,36.591053039999998
6365053,2014,2014-05-07,9735,2014-01-19,0001,19965,,7,3,3,2704,0,2,S,,2,901,"6TH ST","MAPLE AV",19.00,N,N,A,-,N,,,,,,,,,,N,2,0,1,2,A,-,13,22515,A,N,G,B,E,A,H,-,C,D,0,Y,,,,Y,,J,48,1,0,0,0,1,0,0,0,0,"- ","- ",36.32114,-121.23894,MONTEREY,GREENFIELD,-121.23898671000001,36.321132919999997
6379587,2014,2014-06-16,9730,2014-02-01,1717,019981,,6,2,9,2700,0,2,4,,1,023,"CARMEL VALLEY RD","SCARLETT RD",528.00,E,N,A,-,N,,,,,,,,,,Y,2,0,5,2,A,-,03,22350,,N,C,C,A,A,H,-,C,D,0,,,,,Y,Y,D,22,4,0,1,0,0,0,0,0,0,"- ","- ",,,MONTEREY,UNINCORPORATED,-121.79227476,36.523105860000001
6381820,2014,2016-03-05,9735,2014-02-10,0335,019965,,1,3,9,2700,0,1,2,,1,041,"RT 101","HOBSON AV",30.00,S,N,-,-,Y,MON,5,101,-,-,48.750,H,-,S,Y,2,0,1,1,A,-,08,22107,,F,E,I,A,-,-,-,-,D,5,,,,,Y,,A,01,1,0,0,0,0,0,0,0,0,"- ","- ",36.275910000000003,-121.18553,MONTEREY,UNINCORPORATED,-121.18547803,36.275868709999997
6381832,2014,2016-03-05,9735,2014-02-09,1128,017681,,7,1,3,2704,0,1,2,,1,040,"RT 101","WALNUT AV",1584.00,N,N,B,-,Y,MON,5,101,-,-,54.160,H,-,N,Y,2,0,1,1,A,-,07,21658,A,N,F,A,A,A,H,-,A,D,1,,,,,Y,,A,07,1,0,0,0,0,0,0,0,0,"- ","- ",36.223080000000003,-121.24687,MONTEREY,GREENFIELD,-121.24752715,36.332580720000003
6384995,2014,2014-06-06,2708,2014-01-25,1635,15945,,6,5,6,2708,0,0,0,,0,,"EAST BORONDA RD","NATIVIDAD RD",300.00,W,N,A,-,N,,,,,,,,,,Y,2,0,3,3,A,-,03,22350,,N,C,C,A,A,H,-,A,D,0,,,,,Y,,-,,1,0,2,0,0,0,0,0,0,"- ","- ",,,MONTEREY,SALINAS,-121.6245299,36.7156746
6384999,2014,2014-06-06,2708,2014-01-25,1812,15945,,6,5,6,2708,0,0,0,,0,,"BUNKER HILL DR","CONSTITUTION BL",0.00,,Y,A,-,N,,,,,,,,,,N,2,0,2,3,A,-,10,21950,A,N,G,B,D,A,H,-,C,D,0,Y,,,,Y,,-,,1,0,1,0,2,0,0,0,0,"- ","- ",,,MONTEREY,SALINAS,-121.61745986,36.699470089999998
6398420,2014,2014-06-03,9735,2014-01-23,1300,019014,,4,1,9,2700,0,3,5,,2,001,"FORT ROMIE RD","MISSION RD",528.00,S,N,A,-,N,,,,,,,,,,Y,2,0,1,1,A,-,03,22350,,N,F,A,A,A,H,-,A,D,0,,,,,Y,,A,07,1,0,0,0,0,0,0,0,0,"- ","- ",36.404499999999999,-121.36,MONTEREY,UNINCORPORATED,-121.36235317000001,36.40412139
6420522,2014,2015-08-10,9730,2014-02-25,1138,15014,,2,1,9,2700,0,2,4,,1,023,"DORRIS DR","CARMEL VALLEY RD",0.00,,Y,A,-,N,,,,,,,,,,Y,2,0,3,2,A,-,01,23152,F,N,D,C,A,A,H,-,A,A,0,,,,,Y,Y,A,01,1,0,2,0,0,0,0,0,0,"- ","- ",,,MONTEREY,UNINCORPORATED,-121.81003989,36.523710039999997
6430396,2014,2016-03-05,9730,2014-03-10,1505,018766,,1,2,9,2700,0,1,2,,1,070,"RT 101","CRAZY HORSE CANYON RD",220.00,S,N,A,-,Y,MON,5,101,-,-,98.340,H,-,S,Y,2,0,2,1,A,-,08,22107,,N,E,I,A,A,H,-,A,D,5,,,,,Y,,A,01,2,0,0,0,0,0,0,0,0,"- ","- ",36.818199999999997,-121.63345,MONTEREY,UNINCORPORATED,-121.63396960999999,36.817866789999997
6430400,2014,2016-01-14,9730,2014-03-14,1525,019315,,5,2,9,2700,0,1,3,,1,074,"RT 1","TEMBLADERO SLOUGH BRIDGE",577.00,S,N,A,-,Y,MON,5,1,-,T,91.880,H,-,N,Y,2,0,2,2,A,-,09,21801,A,N,D,C,A,A,H,-,A,D,0,,,,,Y,,A,01,1,0,1,0,0,0,0,0,0,"- ","- ",,,MONTEREY,UNINCORPORATED,-121.76521695,36.766073159999998
6436792,2014,2015-10-09,9730,2014-02-14,1645,19838,,5,2,9,2700,0,3,5,,2,007,"CARPENTERIA RD","CARR AV",0.00,,Y,A,-,N,,,,,,,,,,N,2,0,2,2,A,-,09,21802,A,N,D,C,A,A,H,-,A,A,0,,,,,Y,,A,01,1,0,1,0,0,0,0,0,0,"- ","- ",36.885449999999999,-121.64248000000001,MONTEREY,UNINCORPORATED,-121.64251996,36.885430100000001
6444644,2014,2014-07-09,2708,2014-03-08,1745,15945,,6,5,6,2708,0,0,0,,0,,"BROOKS RD","WESTRIDGE PKWY",211.00,S,N,A,-,N,,,,,,,,,,Y,2,0,1,1,A,-,08,22107,,N,A,I,A,A,H,-,A,D,0,,,,,Y,,-,,1,0,0,0,0,0,0,0,0,"- ","- ",,,MONTEREY,SALINAS,-121.67125846,36.705235620000003
6464700,2014,2014-07-17,9730,2014-04-05,1805,19635,,6,2,9,2700,0,3,5,,2,007,"LAS LOMAS DR","SILL RD",1056.00,N,N,A,-,N,,,,,,,,,,Y,2,0,1,2,A,-,11,21954,A,N,G,B,D,A,H,-,A,D,0,Y,,,,Y,Y,N,60,1,0,0,0,1,0,0,0,0,"- ","- ",36.867840000000001,-121.73378,MONTEREY,UNINCORPORATED,-121.73385591,36.868254759999999
6497221,2014,2014-07-28,2706,2014-05-23,0055,335,2706,5,5,4,2706,0,0,0,,0,003,"DEL MONTE AV","ENGLISH AV",28.00,W,N,A,-,N,,,,,,,,,,Y,2,0,1,1,A,-,01,23152,A,N,E,I,A,A,H,-,C,D,0,,,Y,,Y,Y,C,02,1,0,0,0,0,0,0,0,1,"- ","- ",,,MONTEREY,MONTEREY,-121.86079874000001,36.604776559999998
6505011,2014,2016-04-05,9730,2014-05-10,2303,18966,,6,3,9,2700,0,1,3,,1,068,"RT 68","BOOTS RD",3168.00,W,N,A,-,Y,MON,5,68,-,-,9.290,H,-,E,Y,2,0,2,2,A,-,01,23152,A,N,A,C,A,A,H,-,D,D,0,,,,,Y,Y,A,01,1,0,1,0,0,0,0,0,0,"- ","- ",36.570099999999996,-121.78843000000001,MONTEREY,UNINCORPORATED,-121.78875126,36.57013808
6505012,2014,2016-04-05,9730,2014-05-12,0937,19127,,1,1,9,2700,0,1,3,,1,068,"RT 68","HITCHCOCK RD",528.00,W,N,A,-,Y,MON,5,68,-,-,19.090,H,-,W,Y,2,0,1,2,A,-,07,21658,A,N,H,G,A,A,H,-,A,D,0,,Y,,,Y,,L,04,1,0,0,0,0,0,1,0,0,"- ","- ",36.643900000000002,-121.66449,MONTEREY,UNINCORPORATED,-121.66480467,36.64317552
6505389,2014,2016-04-07,9735,2014-05-11,1530,16696,,7,2,9,2700,0,1,2,,1,041,"RT 101","CENTRAL AV",250.00,S,N,A,-,Y,MON,5,101,-,-,45.700,H,-,N,Y,2,0,1,1,A,-,08,22107,,N,F,A,A,A,H,-,A,D,5,,,,,Y,,A,01,1,0,0,0,0,0,0,0,0,"- ","- ",,,MONTEREY,UNINCORPORATED,-121.17419888000001,36.233075929999998
6505786,2014,2016-04-09,9730,2014-05-29,1440,18171,,4,2,9,2700,0,1,3,,1,012,"RT 1","JULIA PFEIFFER BURNS STATE PARK",528.00,S,N,A,-,Y,MON,5,1,-,-,35.740,H,-,N,N,2,0,2,2,A,-,08,22107,,N,D,C,A,A,H,-,A,D,0,,,Y,,Y,,A,07,1,0,1,0,0,0,0,0,2,"- ","- ",,,MONTEREY,UNINCORPORATED,-121.67047599,36.157398110000003
6505793,2014,2016-04-07,9735,2014-05-27,0145,19894,,2,3,9,2700,0,1,2,,1,041,"RT 101","JOLON RD",1056.00,S,N,A,-,Y,MON,5,101,-,R,41.780,H,-,S,Y,2,0,3,1,A,-,08,22107,,N,E,I,A,A,H,-,D,D,5,,,,,Y,,A,01,1,0,2,0,0,0,0,0,0,"- ","- ",36.200000000000003,-121.14296,MONTEREY,UNINCORPORATED,-121.14520387,36.198178210000002
6506259,2014,2014-07-21,2708,2014-04-10,0514,03581,,4,5,6,2708,0,0,0,,0,006,"WEST ROSSI ST","MARTELLA ST",0.00,,Y,A,-,N,,,,,,,,,,N,2,0,1,2,A,-,11,21954,A,N,G,B,D,A,H,-,D,D,0,Y,,,,Y,,N,60,1,0,0,0,1,0,0,0,0,"- ","- ",,,MONTEREY,SALINAS,-121.65507995,36.681520040000002
6506267,2014,2014-07-21,2708,2014-04-08,2041,08067,,2,5,6,2708,0,0,0,,0,010,"NORTH SANBORN RD","EAST MARKET ST",48.00,N,N,A,-,N,,,,,,,,,,N,2,0,1,2,A,-,11,21954,A,N,A,B,D,A,H,-,C,A,0,Y,,,,Y,Y,N,60,1,0,0,0,1,0,0,0,0,"- ","- ",,,MONTEREY,SALINAS,-121.62701884000001,36.676572319999998
6506299,2014,2014-07-21,2708,2014-04-13,2037,69054,,7,5,6,2708,0,0,0,,0,003,CALAVERAS,UKIAH,0.00,,Y,A,-,N,,,,,,,,,,N,2,0,1,2,A,-,11,21956,,N,G,B,E,A,H,-,C,D,0,Y,,,,Y,,N,60,1,0,0,0,1,0,0,0,0,"- ","- ",,,MONTEREY,SALINAS,-121.63499989,36.707960110000002
6506347,2014,2014-07-18,2708,2014-04-22,0749,18355,270E,2,5,6,2708,0,0,0,,0,005,"NORTH MAIN ST",ROCHEX,0.00,,Y,A,-,N,,,,,,,,,,Y,2,0,1,3,A,-,09,21801,A,N,D,C,A,A,H,-,A,D,0,,,,,Y,,-,,1,0,0,0,0,0,0,0,0,"- ","- ",,,MONTEREY,SALINAS,-121.65223989,36.700540029999999
6509306,2014,2016-04-05,9730,2014-06-03,2000,17785,,2,2,9,2700,0,1,3,,1,068,"RT 68","TORERO DR",0.00,,Y,A,-,Y,MON,5,68,-,-,14.690,I,5,W,Y,2,0,3,2,A,-,09,21802,A,N,D,C,A,A,H,-,A,A,0,,,,,Y,,A,01,1,2,0,0,0,0,0,0,0,"- ","- ",36.593640000000001,-121.70455,MONTEREY,UNINCORPORATED,-121.70464774,36.593525829999997
6511563,2014,2014-07-31,2708,2014-05-27,0324,23226,,2,5,6,2708,0,0,0,,0,005,"POLK ST","TYLER ST",300.00,N,N,A,-,N,,,,,,,,,,Y,2,0,1,4,A,-,01,23152,A,N,C,E,A,A,H,-,C,D,0,,,,,Y,Y,-,,1,0,0,0,0,0,0,0,0,"- ","- ",,,MONTEREY,SALINAS,-121.65843,36.693089999999998
6515680,2014,2014-08-05,2708,2014-05-18,0100,93614,,7,5,6,2708,0,0,0,,0,008,"SHERWOOD DR","CALLE CEBU",700.00,N,N,A,-,N,,,,,,,,,,Y,2,0,1,2,A,-,09,21804,A,N,D,C,A,A,H,-,C,D,0,,,,,Y,,A,01,1,0,0,0,0,0,0,0,0,"- ","- ",,,MONTEREY,SALINAS,-121.65013555,36.682060540000002
6519473,2014,2014-07-31,2708,2014-05-07,1108,52823,,3,5,6,2708,0,0,0,,0,,"NORTH MAIN ST","WEST ROSSI ST",0.00,,Y,B,-,N,,,,,,,,,,N,2,0,1,2,A,-,10,21950,A,N,G,B,B,A,H,-,A,A,0,Y,,,,Y,,-,,1,0,0,0,1,0,0,0,0,"- ","- ",,,MONTEREY,SALINAS,-121.65408995,36.680890079999998
6519481,2014,2014-07-31,2708,2014-05-16,2141,74426,,5,5,6,2708,0,0,0,,0,005,"SHERWOOD DR","EAST BERNAL DR",0.00,,Y,A,-,N,,,,,,,,,,N,2,0,1,2,A,-,12,21453,A,F,-,G,A,A,H,-,C,A,0,,Y,,,Y,Y,L,04,1,0,0,0,0,0,1,0,0,"- ","- ",,,MONTEREY,SALINAS,-121.64345993000001,36.692240089999999
6519509,2014,2014-07-31,2708,2014-05-29,1012,52823,,4,5,6,2708,0,0,0,,0,,"NATIVIDAD RD","W ALVIN DR",90.00,N,N,A,-,N,,,,,,,,,,Y,2,0,1,2,A,-,07,21658,A,N,C,C,A,A,H,-,A,D,0,,,,,Y,,-,,1,0,0,0,0,0,0,0,0,"- ","- ",,,MONTEREY,SALINAS,-121.63121742,36.703432579999998
6529297,2014,2015-04-22,9730,2014-06-23,0725,17184,,1,1,4,2706,0,1,3,,2,062,"RT 1","CASA VERDE WY",528.00,N,N,B,-,Y,MON,5,1,-,R,78.590,H,-,S,Y,2,0,2,1,A,-,08,22107,,N,E,I,A,A,H,-,A,D,1,,,,,Y,,M,47,1,1,0,0,0,0,0,0,0,TO,"- ",36.600760000000001,-121.86329000000001,MONTEREY,MONTEREY,-121.86336661999999,36.600476759999999
6535574,2014,2015-04-22,9730,2014-06-02,0856,15638,,1,1,9,2700,0,1,3,,1,074,"RT 1","STRUVE RD",103.00,N,N,B,-,Y,MON,5,1,-,-,98.370,H,-,N,Y,2,0,4,5,A,-,09,21801,A,N,H,G,A,A,H,-,A,D,0,,Y,,,Y,,D,22,2,2,0,0,0,0,4,0,0,"- ","- ",,,MONTEREY,UNINCORPORATED,-121.77098345,36.831263749999998
6537081,2014,2014-08-20,9730,2014-06-01,0140,19239,,7,3,9,2700,0,3,5,,2,007,"MAHER RD","ROYAL OAK PARK RD",70.00,S,N,A,-,N,,,,,,,,,,Y,2,0,1,1,A,-,01,23152,F,N,E,I,A,A,H,-,D,D,0,,,,,Y,Y,A,01,1,0,0,0,0,0,0,0,0,"- ","- ",,,MONTEREY,UNINCORPORATED,-121.67225498000001,36.838408880000003
6537211,2014,2014-10-10,2706,2014-05-09,1458,119,MPD,5,5,4,2706,0,0,0,,0,002,"DON DAHVEE LN","IRIS CANYON RD",59.00,W,N,A,-,N,,,,,,,,,,Y,1,1,0,1,A,-,08,22107,,N,E,I,A,A,H,-,A,D,0,,,,,Y,,A,01,0,0,0,0,0,0,0,0,0,"- ","- ",,,MONTEREY,MONTEREY,-121.8919878,36.585692219999999
6538486,2014,2014-08-13,2706,2014-06-28,2141,635,MPD,6,5,4,2706,0,0,0,,0,003,"DEL MONTE AV","PARK AV",0.00,,Y,A,-,N,,,,,,,,,,N,2,0,1,1,D,-,00,,,N,E,I,A,A,H,-,C,D,0,,Y,,,Y,,-,"- ",1,0,0,0,0,0,1,0,0,"- ","- ",,,MONTEREY,MONTEREY,-121.88228992000001,36.59993008
6549366,2014,2014-08-14,2708,2014-06-16,0635,23293,WPC,1,5,6,2708,0,0,0,,0,011,"NORTH SANBORN RD","GARNER AV",528.00,N,N,A,-,N,,,,,,,,,,Y,2,0,1,2,A,-,09,21801,A,N,F,C,A,A,H,-,A,D,0,,,,,Y,,-,,1,0,0,0,0,0,0,0,0,"- ","- ",,,MONTEREY,SALINAS,-121.61366117999999,36.687037949999997
6549378,2014,2014-08-14,2708,2014-06-20,1959,82326,,5,5,6,2708,0,0,0,,0,008,"MAIN ST","W MARKET",0.00,,Y,A,-,N,,,,,,,,,,Y,2,0,2,2,A,-,12,21453,A,N,D,C,A,A,H,-,A,A,0,,,,,Y,,-,,1,1,0,0,0,0,0,0,0,"- ","- ",,,MONTEREY,SALINAS,-121.65593990000001,36.677610010000002
6560262,2014,2014-08-21,2712,2014-07-05,1654,731,2712,6,5,3,2712,0,0,0,,0,001,"DUNES DR","RESERVATION RD",583.00,N,N,A,-,N,,,,,,,,,,Y,2,0,1,1,A,-,03,22350,,N,E,I,A,A,H,-,A,D,0,,,Y,,Y,Y,C,02,1,0,0,0,0,0,0,0,1,"- ","- ",,,MONTEREY,MARINA,-121.80567517999999,36.69889877
6564418,2014,2014-08-22,9730,2014-07-06,1420,12332,,7,2,9,2700,0,2,4,,1,073,"SALINAS RD","JONATHAN ST",160.00,S,N,A,-,N,,,,,,,,,,N,2,0,1,2,A,-,09,21804,A,N,D,C,A,A,H,-,A,D,0,,,,,Y,,A,01,1,0,0,0,0,0,0,0,0,"- ","- ",,,MONTEREY,UNINCORPORATED,-121.74813444,36.900381369999998
6571268,2014,2016-05-09,9730,2014-07-12,0114,019635,,6,3,6,2708,0,1,2,,1,050,"RT 101","LAUREL DR",1584.00,N,N,A,-,Y,MON,5,101,-,-,89.570,H,-,N,Y,2,0,1,1,A,-,01,23152,A,N,F,A,A,A,H,-,C,D,1,,,,,Y,Y,A,01,1,0,0,0,0,0,0,0,0,"- ","- ",36.701070000000001,-121.666,MONTEREY,SALINAS,-121.6662075,36.704113470000003
6582327,2014,2016-05-09,9730,2014-07-24,1109,18766,,4,1,9,2700,0,1,2,,1,030,"RT 101",CHUALAR,3696.00,N,N,A,-,Y,MON,5,101,-,-,77.670,H,-,N,Y,2,0,1,1,A,-,08,22107,,N,E,I,A,A,H,-,A,D,1,,,,,Y,,A,01,1,0,0,0,0,0,0,0,0,"- ","- ",36.573889999999999,-121.52245000000001,MONTEREY,UNINCORPORATED,-121.52614251,36.576951370000003
6582331,2014,2016-05-02,9730,2014-07-20,1811,20600,,7,2,9,2700,0,1,3,,1,074,"RT 1","POTRERO RD",1056.00,S,N,B,-,Y,MON,5,1,-,-,94.990,H,-,S,N,2,0,2,2,A,-,"- ",,,N,D,C,A,A,H,-,A,D,0,,,Y,,Y,,C,02,1,1,0,0,0,0,0,0,2,"- ","- ",36.787640000000003,-121.78234,MONTEREY,UNINCORPORATED,-121.78246966,36.78818338
6592213,2014,2014-08-29,2708,2014-07-12,2143,97158,,6,5,6,2708,0,0,0,,0,012,"MCGOWAN DR","MCGOWAN CIR",0.00,,Y,B,-,N,,,,,,,,,,N,2,0,1,2,A,-,09,21804,A,F,D,G,A,A,H,-,C,D,0,,Y,,,Y,Y,L,04,1,0,0,0,0,0,1,0,0,"- ","- ",,,MONTEREY,SALINAS,-121.62601986,36.670540080000002
6592219,2014,2014-09-02,2707,2014-07-23,1550,2091,2707,3,5,3,2707,0,0,0,,0,002,"OCEAN VIEW BL","17TH ST",12.00,E,N,A,-,N,,,,,,,,,,N,2,0,2,3,A,-,11,21950,B,N,G,B,D,A,H,-,A,D,0,Y,,,,Y,,N,60,1,1,0,0,2,0,0,0,0,"- ","- ",,,MONTEREY,"PACIFIC GROVE",-121.91751916,36.624498199999998
6597640,2014,2014-09-08,2706,2014-08-07,0431,310,2706,4,5,4,2706,0,0,0,,0,001,"MADISON ST","PACIFIC ST",73.00,W,N,A,-,N,,,,,,,,,,Y,2,0,1,1,A,-,08,22107,,N,-,I,A,A,H,-,C,D,0,,,,,Y,,A,07,1,0,0,0,0,0,0,0,0,"- ","- ",,,MONTEREY,MONTEREY,-121.89733716000001,36.596869750000003
6606320,2014,2014-10-15,9730,2014-07-22,2255,17785,,2,3,9,2700,0,1,2,,1,030,"RT 101","MAIN ST",2112.00,N,N,A,-,Y,MON,5,101,-,-,77.390,H,-,N,Y,1,1,0,1,A,-,01,23152,A,N,E,I,A,A,H,-,C,D,1,,,,,Y,Y,A,01,0,0,0,0,0,0,0,0,0,"- ","- ",36.573909999999998,-121.52275,MONTEREY,UNINCORPORATED,-121.52278235999999,36.57396542
6618007,2014,2015-11-30,2708,2014-08-17,2011,59156,SALIN,7,5,6,2708,0,0,0,,0,006,"NORTH DAVIS RD","WEST LAUREL DR",1056.00,N,N,A,-,N,,,,,,,,,,Y,2,0,1,2,A,-,11,21956,A,N,G,B,E,A,H,-,C,D,0,Y,,,,Y,Y,N,60,1,0,0,0,1,0,0,0,0,"- ","- ",,,MONTEREY,SALINAS,-121.66712422000001,36.700690190000003
6618015,2014,2014-09-22,2708,2014-08-12,0535,80573,,2,5,6,2708,0,0,0,,0,010,"EAST LAUREL DR","NORTH SANBORN RD",600.00,W,N,A,-,N,,,,,,,,,,Y,2,0,1,2,A,-,11,21956,A,N,G,B,E,A,H,-,C,D,0,Y,,,,Y,,N,60,1,0,0,0,1,0,0,0,0,"- ","- ",,,MONTEREY,SALINAS,-121.62188980000001,36.684373669999999
6637839,2014,2014-10-29,2706,2014-09-22,1132,939,MPD,1,5,4,2706,0,0,0,,0,001,"PRESCOTT AV","FOAM ST",0.00,,Y,A,-,N,,,,,,,,,,Y,2,0,3,2,A,-,12,21453,A,N,D,C,A,A,H,-,A,A,0,,,,,Y,,D,22,1,0,2,0,0,0,0,0,0,"- ","- ",,,MONTEREY,MONTEREY,-121.90183992999999,36.615160099999997
6642288,2014,2014-10-06,9730,2014-09-03,1427,012332,,3,2,9,2700,0,3,5,,2,005,"CAMINO REAL","MESSICK RD",528.00,N,N,A,-,N,,,,,,,,,,N,2,0,1,2,A,-,11,21954,A,N,G,B,D,A,H,-,A,D,0,Y,,,,Y,,N,60,1,0,0,0,1,0,0,0,0,"- ","- ",,,MONTEREY,UNINCORPORATED,-121.65919150000001,36.801854570000003
6647251,2014,2014-10-20,9730,2014-09-19,1445,020598,,5,2,9,2700,0,3,5,,2,007,"MAHER RD","LITTLE HILL LN",300.00,N,N,A,-,N,,,,,,,,,,Y,2,0,1,1,A,-,08,22107,,N,E,I,A,A,H,-,A,D,0,,,,,Y,,A,01,1,0,0,0,0,0,0,0,0,"- ","- ",36.854700000000001,-121.68138,MONTEREY,UNINCORPORATED,-121.68134374,36.854490259999999
6661662,2014,2014-11-06,2708,2014-09-24,1947,30350,,3,5,6,2708,0,0,0,,0,012,"WILLIAMS RD","EAST LAUREL DR",100.00,N,N,A,-,N,,,,,,,,,,N,2,0,1,2,A,-,11,21954,A,N,G,B,D,A,H,-,C,D,0,Y,,,,Y,Y,N,60,1,0,0,0,1,0,0,0,0,"- ","- ",,,MONTEREY,SALINAS,-121.61412154,36.675608619999998
6666212,2014,2014-12-15,2712,2014-10-13,2122,719,,1,5,3,2712,0,0,0,,0,001,"IMJIN PKWY","ABRAMS DR",365.00,E,N,A,-,N,,,,,,,,,,Y,2,0,2,2,A,-,01,23152,E,N,A,C,A,A,H,-,C,D,0,,,,,Y,Y,A,01,1,0,1,0,0,0,0,0,0,"- ","- ",,,MONTEREY,MARINA,-121.79287743,36.662889319999998