CASE_ID,ACCIDENT_YEAR,PROC_DATE,JURIS,COLLISION_DATE,COLLISION_TIME,OFFICER_ID,REPORTING_DISTRICT,DAY_OF_WEEK,CHP_SHIFT,POPULATION,CNTY_CITY_LOC,SPECIAL_COND,BEAT_TYPE,CHP_BEAT_TYPE,CITY_DIVISION_LAPD,CHP_BEAT_CLASS,BEAT_NUMBER,PRIMARY_RD,SECONDARY_RD,DISTANCE,DIRECTION,INTERSECTION,WEATHER_1,WEATHER_2,STATE_HWY_IND,CALTRANS_COUNTY,CALTRANS_DISTRICT,STATE_ROUTE,ROUTE_SUFFIX,POSTMILE_PREFIX,POSTMILE,LOCATION_TYPE,RAMP_INTERSECTION,SIDE_OF_HWY,TOW_AWAY,COLLISION_SEVERITY,NUMBER_KILLED,NUMBER_INJURED,PARTY_COUNT,PRIMARY_COLL_FACTOR,PCF_CODE_OF_VIOL,PCF_VIOL_CATEGORY,PCF_VIOLATION,PCF_VIOL_SUBSECTION,HIT_AND_RUN,TYPE_OF_COLLISION,MVIW,PED_ACTION,ROAD_SURFACE,ROAD_COND_1,ROAD_COND_2,LIGHTING,CONTROL_DEVICE,CHP_ROAD_TYPE,PEDESTRIAN_ACCIDENT,BICYCLE_ACCIDENT,MOTORCYCLE_ACCIDENT,TRUCK_ACCIDENT,NOT_PRIVATE_PROPERTY,ALCOHOL_INVOLVED,STWD_VEHTYPE_AT_FAULT,CHP_VEHTYPE_AT_FAULT,COUNT_SEVERE_INJ,COUNT_VISIBLE_INJ,COUNT_COMPLAINT_PAIN,COUNT_PED_KILLED,COUNT_PED_INJURED,COUNT_BICYCLIST_KILLED,COUNT_BICYCLIST_INJURED,COUNT_MC_KILLED,COUNT_MC_INJURED,PRIMARY_RAMP,SECONDARY_RAMP,LATITUDE,LONGITUDE,COUNTY,CITY,POINT_X,POINT_Y
6680077,2014,2014-12-23,9730,2014-10-11,1736,020576,,6,2,9,2700,0,2,4,,2,063,"DAVIS RD","MARKET ST",1584.00,S,N,A,-,N,,,,,,,,,,Y,2,0,2,2,A,-,05,21651,A,N,A,D,A,A,H,-,A,D,0,,,,,Y,,A,01,1,0,1,0,0,0,0,0,0,"- ","- ",36.679830000000003,-121.67466,MONTEREY,UNINCORPORATED,-121.67466,36.684609999999999
6688851,2014,2016-06-18,9730,2014-10-05,0905,017184,,7,1,9,2700,0,1,3,,1,022,"RT 1","CARMEL RIVER BRIDGE",1056.00,S,N,A,-,Y,MON,5,1,-,-,72.080,H,-,S,Y,2,0,1,2,D,-,00,,,N,C,C,A,A,H,-,A,D,0,,,Y,,Y,,-,"- ",1,0,0,0,0,0,0,0,1,"- ","- ",36.53228,-121.91609,MONTEREY,UNINCORPORATED,-121.915612,36.53293781
6691762,2014,2014-11-20,2708,2014-08-29,1822,05044,,5,5,6,2708,0,0,0,,0,008,"E SAN LUIS","FRONT ST",0.00,,Y,A,-,N,,,,,,,,,,N,2,0,1,2,A,-,09,21804,A,N,-,G,A,A,H,-,A,A,0,,Y,,,Y,,L,04,1,0,0,0,0,0,1,0,0,"- ","- ",,,MONTEREY,SALINAS,-121.64873999,36.672790020000001
6691806,2014,2014-11-20,2708,2014-08-29,1537,15945,,5,5,6,2708,0,0,0,,0,,"JOHN ST","SPRING ST",0.00,,Y,A,-,N,,,,,,,,,,Y,2,0,1,2,A,-,09,21801,A,N,D,C,A,A,H,-,A,D,0,,,,,Y,,-,,1,0,0,0,0,0,0,0,0,"- ","- ",,,MONTEREY,SALINAS,-121.64577995,36.669750059999998
6691888,2014,2016-04-07,2708,2014-06-24,1058,18355,,2,5,6,2708,0,0,0,,0,,"JOHN ST","GRIFFIN ST",40.00,E,N,A,-,Y,MON,5,101,-,-,86.950,R,4,S,Y,2,0,1,2,A,-,09,21804,A,N,D,C,A,A,H,-,A,D,0,,,,,Y,,-,,1,0,0,0,0,0,0,0,0,"- ","- ",,,MONTEREY,SALINAS,-121.64043237999999,36.672603090000003
6713837,2014,2016-05-03,2708,2014-09-28,1626,59156,,7,5,6,2708,0,0,0,,0,006,"MAIN ST","MENKE ST",0.00,,Y,B,-,Y,MON,5,183,-,-,0.340,I,5,S,Y,2,0,1,1,A,-,"- ",,,N,H,A,A,A,H,-,A,D,0,,,,,Y,,-,,1,0,0,0,0,0,0,0,0,"- ","- ",,,MONTEREY,SALINAS,-121.65360444,36.682060219999997
6714461,2014,2015-01-05,2708,2014-10-05,1318,89573,,7,5,6,2708,0,0,0,,0,,"SCONBERG PKWY","MONTE BELLA BL",0.00,,Y,A,-,N,,,,,,,,,,Y,2,0,2,1,A,-,03,22350,,N,A,I,A,A,H,-,A,A,0,,,,,Y,Y,-,,2,0,0,0,0,0,0,0,0,"- ","- ",,,MONTEREY,SALINAS,-121.59813995,36.673760029999997
6714474,2014,2015-01-14,2708,2014-10-01,1217,52823,,3,5,6,2708,0,0,0,,0,,"NORTH MAIN ST","CASENTINI AV",460.00,W,N,A,-,N,,,,,,,,,,Y,2,0,1,2,A,-,09,21804,A,N,D,C,A,A,H,-,A,A,0,,,,,Y,,-,,1,0,0,0,0,0,0,0,0,"- ","- ",,,MONTEREY,SALINAS,-121.65328510000001,36.683080820000001
6718069,2014,2016-01-13,9735,2014-12-09,1846,019800,,2,2,9,2700,0,1,2,,1,041,"RT 101","BROADWAY ST",1574.00,N,N,A,-,Y,MON,5,101,-,R,41.480,H,-,N,Y,1,1,0,1,A,-,08,22107,,N,E,I,A,A,H,-,C,D,5,,,,,Y,Y,D,22,0,0,0,0,0,0,0,0,0,"- ","- ",36.202829999999999,-121.14184,MONTEREY,UNINCORPORATED,-121.14211038000001,36.202561379999999
6718534,2015,2015-08-26,9730,2015-05-17,1855,20916,,7,2,9,2700,0,1,3,,1,012,"RT 1","MPM 1 MON 36",1056.00,S,N,A,-,Y,MON,5,1,-,-,35.800,H,-,N,Y,1,1,0,2,C,-,18,,,N,G,B,F,A,H,-,A,D,0,Y,,,,Y,,-,"- ",0,0,0,1,0,0,0,0,0,"- ","- ",36.158090000000001,-121.67041,MONTEREY,UNINCORPORATED,-121.6703993,36.158289940000003
6720324,2014,2016-02-16,2708,2014-10-02,0534,07903,EAST,4,5,6,2708,0,0,0,,0,011,"GARNER AV","SANBORN RD",2.00,W,N,A,-,N,,,,,,,,,,,2,0,1,2,A,-,11,21954,A,F,G,B,D,A,H,-,B,A,0,Y,,,,Y,Y,N,60,1,0,0,0,1,0,0,0,0,"- ","- ",,,MONTEREY,SALINAS,-121.61514366999999,36.686214630000002
6727955,2014,2016-06-18,9730,2014-11-04,1320,019569,,2,1,9,2700,0,1,3,,1,014,"RT 1","ROCKY CREEK BR",60.00,N,N,A,-,Y,MON,5,1,-,-,60.060,H,-,N,Y,2,0,2,2,A,-,05,21460,A,N,D,C,A,A,H,-,A,D,0,,,Y,,Y,,C,02,2,0,0,0,0,0,0,0,1,"- ","- ",,,MONTEREY,UNINCORPORATED,-121.90294621,36.378736680000003
6731767,2014,2015-08-13,2708,2014-11-30,0246,79081,,7,5,6,2708,0,0,0,,0,008,"E ALISAL","MONTEREY ST",18.00,W,N,B,-,N,,,,,,,,,,Y,2,0,1,1,A,-,01,23152,A,M,-,I,A,A,H,-,C,A,0,,,,,Y,Y,-,,1,0,0,0,0,0,0,0,0,"- ","- ",,,MONTEREY,SALINAS,-121.65375064,36.673952280000002
6740038,2015,2015-10-01,9730,2015-05-06,2105,19512,,3,2,9,2700,0,3,5,,2,007,"CASTROVILLE BL","PARADISE RD",3168.00,E,N,A,-,N,,,,,,,,,,Y,1,1,2,1,A,-,01,23152,A,N,E,I,A,A,H,-,D,D,0,,,,,Y,Y,A,01,2,0,0,0,0,0,0,0,0,"- ","- ",36.808540000000001,-121.68753,MONTEREY,UNINCORPORATED,-121.68807304000001,36.800462170000003
6747909,2014,2015-01-28,9730,2014-11-15,1625,018786,,6,2,9,2700,0,1,2,,1,030,"RT 101","MAIN ST",4752.00,S,N,A,-,Y,,,101,,,,,,,Y,2,0,6,2,A,-,03,22350,,N,C,C,A,A,H,-,A,-,0,,,,Y,Y,,A,08,3,2,1,0,0,0,0,0,0,"- ","- ",36.559280000000001,-121.50734,MONTEREY,UNINCORPORATED,-121.5075901,36.559019730000003
6758407,2014,2016-03-25,9730,2014-12-16,0656,12332,,2,1,9,2700,0,3,5,,2,007,"CASTROVILLE BL","ARCHER RD",2112.00,W,N,A,-,N,,,,,,,,,,Y,2,0,2,2,A,-,05,21460,A,N,A,C,A,B,H,-,A,D,0,,,,,Y,,A,01,1,0,1,0,0,0,0,0,0,"- ","- ",,,MONTEREY,UNINCORPORATED,-121.71020592000001,36.794517110000001
6763347,2014,2015-02-02,9730,2014-12-09,2000,20903,,2,2,9,2700,0,1,2,,1,070,"RT 101","RT 156",57.00,N,N,A,-,Y,,,101,,,,,,,Y,2,0,1,1,A,-,01,23152,A,N,E,I,A,A,H,-,D,D,0,,,Y,,Y,Y,C,02,1,0,0,0,0,0,0,0,1,"- ","- ",36.79007,-121.66728000000001,MONTEREY,UNINCORPORATED,-121.66736392,36.790093370000001
6776318,2014,2015-02-11,2708,2014-12-19,1730,30350,,5,5,6,2708,0,0,0,,0,010,"EAST MARKET ST","NORTH MADEIRA AV",0.00,,Y,A,-,N,,,,,,,,,,N,2,0,1,6,A,-,09,21453,B,N,D,B,E,A,H,-,C,A,0,Y,,,,Y,,-,,1,0,0,0,1,0,0,0,0,"- ","- ",,,MONTEREY,SALINAS,-121.63797984999999,36.677180069999999
6776854,2014,2015-02-13,2708,2014-12-27,2258,76998,,6,5,6,2708,0,0,0,,0,012,"TOWT ST","EAST LAUREL DR",156.00,S,N,A,-,N,,,,,,,,,,Y,2,0,2,5,D,-,00,,,N,A,E,A,A,H,-,C,A,0,,,,,Y,Y,-,"- ",1,1,0,0,0,0,0,0,0,"- ","- ",,,MONTEREY,SALINAS,-121.61810517000001,36.678953409999998
6793526,2015,2016-09-16,9730,2015-01-15,1430,017785,,4,2,9,2700,0,1,3,,1,074,"RT 1","RT 183",220.00,N,N,A,-,Y,MON,5,1,-,T,92.250,H,-,N,Y,2,0,1,1,A,-,01,23152,A,M,E,I,A,A,H,-,A,D,0,,,,,Y,Y,A,01,1,0,0,0,0,0,0,0,0,"- ","- ",,,MONTEREY,UNINCORPORATED,-121.76567274,36.77121794
6801547,2015,2015-03-02,9730,2015-01-15,0820,15160,,4,1,9,2700,0,2,4,,1,073,"SALINAS RD","FRUITLAND AV",1056.00,W,N,A,-,N,,,,,,,,,,Y,2,0,1,2,C,-,18,,,N,A,C,A,A,H,-,A,D,0,,,,Y,Y,,-,"- ",1,0,0,0,0,0,0,0,0,"- ","- ",,,MONTEREY,UNINCORPORATED,-121.75563975,36.876505119999997
6809527,2015,2016-09-16,9730,2015-01-31,1905,20621,,6,2,9,2700,0,1,3,,1,014,"RT 1","RIPPLEWOOD CAMPGROUND",1056.00,S,N,B,-,Y,MON,5,1,-,-,47.980,H,-,S,Y,2,0,1,1,A,-,01,23152,A,N,E,I,A,A,H,-,D,D,0,,,,,Y,Y,A,08,1,0,0,0,0,0,0,0,0,"- ","- ",36.292960000000001,-121.79431,MONTEREY,UNINCORPORATED,-121.79947558000001,36.264156890000002
6811853,2015,2015-02-27,9730,2015-01-24,1515,019837,,6,2,9,2700,0,3,5,,2,002,"LAURELES GRADE RD","RINCONADA RD",1056.00,S,N,A,-,N,,,,,,,,,,Y,2,0,1,1,A,-,03,22350,,N,F,A,A,A,H,-,A,D,0,,,Y,,Y,,C,02,1,0,0,0,0,0,0,0,1,"- ","- ",36.533830000000002,-121.75024999999999,MONTEREY,UNINCORPORATED,-121.75043347,36.535985199999999
6830465,2015,2016-02-17,2708,2015-01-23,0626,07903,EAST,5,5,6,2708,0,0,0,,0,011,"WILLIAMS RD","WIREN ST",84.00,S,N,A,-,N,,,,,,,,,,N,2,0,1,2,A,-,11,21954,A,F,A,B,D,A,H,-,C,D,0,Y,,,,Y,,N,60,1,0,0,0,1,0,0,0,0,"- ","- ",,,MONTEREY,SALINAS,-121.60536337000001,36.680606130000001
6847053,2015,2015-03-18,9730,2015-02-01,2224,020896,,7,3,9,2700,0,2,4,,2,063,"BLANCO RD","RESEARCH DR",0.00,,Y,A,-,N,,,,,,,,,,Y,2,0,4,2,A,-,05,21651,B,N,A,C,A,A,H,-,C,A,0,,,,,Y,,A,07,4,0,0,0,0,0,0,0,0,"- ","- ",36.669229999999999,-121.75505,MONTEREY,UNINCORPORATED,-121.75498998,36.669250079999998
6854141,2015,2015-09-25,9730,2015-01-05,1954,20903,,1,2,9,2700,0,1,2,,1,050,"RT 101","BORONDA RD",528.00,S,N,A,-,Y,MON,5,101,-,R,90.910,H,-,S,Y,1,1,0,2,A,-,11,21954,A,N,G,B,D,A,H,-,D,D,1,Y,,,,Y,,N,60,0,0,0,1,0,0,0,0,0,"- ","- ",36.719889999999999,-121.66061999999999,MONTEREY,UNINCORPORATED,-121.66038988,36.72059754
6854157,2015,2015-04-06,9730,2015-01-29,1825,20903,,4,2,4,2706,0,1,3,,2,062,"RT 1","RT 218",330.00,S,N,A,-,Y,MON,5,1,-,R,79.280,H,-,N,Y,1,1,2,1,A,-,08,22107,,F,F,A,A,A,H,-,D,D,1,,,,,Y,Y,D,22,0,2,0,0,0,0,0,0,0,"- ","- ",36.610219999999998,-121.85783000000001,MONTEREY,MONTEREY,-121.85881438,36.609515700000003
6854220,2015,2015-04-15,9730,2015-02-01,0907,17184,,7,1,9,2700,0,1,3,,1,014,"RT 1","GRIMES CANYON RD",1584.00,N,N,A,-,Y,MON,5,1,-,-,42.400,H,-,S,Y,1,1,0,1,A,-,01,23152,A,N,E,I,A,A,H,-,A,D,0,,,,,Y,Y,A,07,0,0,0,0,0,0,0,0,0,"- ","- ",36.210569999999997,-121.74186,MONTEREY,UNINCORPORATED,-121.74159107,36.210552239999998
6854377,2014,2016-01-12,2708,2014-09-15,1453,52823,,1,5,6,2708,0,0,0,,0,,"EAST BERNAL DR","NATIVIDAD RD",33.00,W,N,A,-,N,,,,,,,,,,N,1,1,0,1,C,-,18,,,N,A,I,A,A,H,-,A,D,0,,,,,Y,,-,"- ",0,0,0,0,0,0,0,0,0,"- ","- ",,,MONTEREY,SALINAS,-121.64355496,36.692191299999998
6854403,2014,2015-12-23,9730,2014-12-16,1745,20598,,2,2,9,2700,0,1,3,,1,022,"RT 1","PETER PAN RD",240.00,N,N,C,-,Y,MON,5,1,-,-,69.040,H,-,N,Y,1,1,1,4,A,-,05,21460,A,N,A,C,A,B,H,-,D,D,0,,,,,Y,,A,07,0,0,1,0,0,0,0,0,0,"- ","- ",36.497790000000002,-121.93586999999999,MONTEREY,UNINCORPORATED,-121.93587848999999,36.497830270000001
6854434,2014,2016-01-12,9730,2014-09-09,0630,15638,,2,1,9,2700,0,3,5,,2,005,"SAN JUAN GRADE RD","VALLE SAN JUAN DR",1056.00,N,N,B,-,N,,,,,,,,,,Y,1,1,1,2,A,-,08,22107,,N,H,G,A,A,H,-,B,D,0,,Y,,,Y,,L,04,0,0,1,0,0,1,0,0,0,"- ","- ",36.763570000000001,-121.61236,MONTEREY,UNINCORPORATED,-121.61205327,36.763822759999996
6854794,2015,2017-05-09,9730,2015-07-03,1800,19239,,5,2,9,2700,0,1,2,,1,070,"RT 101","PRUNEDALE SOUTH RD",213.00,S,N,A,-,Y,MON,5,101,-,-,95.280,H,-,S,Y,1,1,0,1,A,-,08,22107,,N,E,I,A,A,H,-,A,D,5,,,,,Y,,A,07,0,0,0,0,0,0,0,0,0,"- ","- ",36.787089999999999,-121.66831000000001,MONTEREY,UNINCORPORATED,-121.66814075000001,36.78720319
6857122,2015,2015-04-01,9730,2015-03-09,0920,14584,,1,1,9,2700,0,3,5,,2,006,"HITCHCOCK RD","RT 68",1584.00,N,N,A,-,N,,,,,,,,,,Y,2,0,1,1,A,-,08,22107,,N,F,I,A,A,H,-,A,D,0,,,Y,,Y,,C,02,1,0,0,0,0,0,0,0,1,"- ","- ",,,MONTEREY,UNINCORPORATED,-121.66879535,36.646967779999997
6858692,2015,2015-03-26,2708,2015-02-16,1341,12507,,1,5,6,2708,0,0,0,,0,001,"BORONDA RD","NORTH MAIN ST",100.00,W,N,A,-,N,,,,,,,,,,Y,2,0,1,2,A,-,04,21703,,N,C,C,A,A,H,-,A,D,0,,,,,Y,,-,,1,0,0,0,0,0,0,0,0,"- ","- ",,,MONTEREY,SALINAS,-121.65656785,36.721658769999998
6866774,2015,2015-07-10,9730,2015-03-31,1525,21009,,2,2,9,2700,0,1,3,,1,012,"RT 1",LUCIA,5808.00,S,N,A,-,Y,MON,5,1,-,-,21.980,H,-,N,Y,1,1,0,1,A,-,08,22107,,N,E,J,A,A,H,-,A,D,0,,,,,Y,,A,01,0,0,0,0,0,0,0,0,0,"- ","- ",36.015459999999997,-121.53112,MONTEREY,UNINCORPORATED,-121.53285011,36.015888820000001
6866782,2015,2017-04-25,9730,2015-03-21,1430,20981,,6,2,9,2700,0,3,5,,2,003,"RIVER RD","LIMEKILN RD",7392.00,S,N,A,-,N,,,,,,,,,,Y,1,1,0,1,A,-,08,22107,,N,E,I,A,A,H,-,A,D,0,,,,,Y,Y,A,01,0,0,0,0,0,0,0,0,0,"- ","- ",36.504559999999998,-121.5082,MONTEREY,UNINCORPORATED,-121.50843836999999,36.504625019999999
6869723,2015,2016-10-19,9730,2015-03-22,0430,020576,,7,3,9,2700,0,1,2,,1,030,"RT 101","5TH ST",2640.00,N,N,B,-,Y,MON,5,101,-,-,71.360,H,-,N,Y,2,0,2,1,A,-,08,22107,,N,E,I,A,A,H,-,D,D,1,,,,,Y,,A,01,1,1,0,0,0,0,0,0,0,"- ","- ",36.519910000000003,-121.44435,MONTEREY,UNINCORPORATED,-121.44335553000001,36.519386650000001
6869735,2015,2015-04-13,9730,2015-03-23,1753,021009,,1,2,9,2700,0,3,5,,2,006,"DEL MONTE AV","WOOD ST",305.00,N,N,A,-,N,,,,,,,,,,N,2,0,1,2,A,-,11,21954,A,N,G,B,D,A,H,-,A,D,0,Y,,,,Y,,N,60,1,0,0,0,1,0,0,0,0,"- ","- ",36.762549999999997,-121.74661,MONTEREY,UNINCORPORATED,-121.74655645999999,36.762542119999999
6869755,2015,2016-09-16,9730,2015-03-27,1510,017184,,5,2,9,2700,0,1,3,,1,012,"RT 1","RADIO PT",1056.00,S,N,A,-,Y,MON,5,1,-,-,4.400,H,-,N,Y,2,0,1,1,A,-,01,23152,F,N,F,A,A,A,H,-,A,D,0,,,Y,,Y,Y,C,02,1,0,0,0,0,0,0,0,1,"- ","- ",,,MONTEREY,UNINCORPORATED,-121.38089677000001,35.824186390000001
6870399,2015,2015-04-14,9730,2015-03-07,1054,18920,,6,1,9,2700,0,3,5,,2,007,"ELKHORN RD","STRAWBERRY RD",0.00,,Y,A,-,N,,,,,,,,,,N,2,0,1,2,A,-,08,22107,,N,H,A,A,A,H,-,A,D,0,,Y,,,Y,,L,04,1,0,0,0,0,0,1,0,0,"- ","- ",36.829160000000002,-121.73291,MONTEREY,UNINCORPORATED,-121.73315993,36.829130110000001
6878351,2015,2015-04-15,9735,2015-03-28,1620,019263,,6,2,9,2700,0,3,5,,2,003,"METZ RD","ELM AV",5280.00,S,N,A,-,N,,,,,,,,,,Y,2,0,1,1,A,-,01,23152,A,N,E,J,A,A,H,-,A,D,0,,,,,Y,Y,A,01,1,0,0,0,0,0,0,0,0,"- ","- ",36.330880000000001,-121.18698999999999,MONTEREY,UNINCORPORATED,-121.18698852,36.331108550000003
6894113,2015,2015-05-07,9730,2015-04-02,1300,018350,,4,1,9,2700,0,3,5,,2,005,"BLACKIE RD","ROLLING MEADOWS LN",1584.00,W,N,A,-,N,,,,,,,,,,Y,2,0,1,1,A,-,08,22107,,N,E,I,A,A,H,-,A,D,0,,,,,Y,Y,D,22,1,0,0,0,0,0,0,0,0,"- ","- ",36.776910000000001,-121.69061000000001,MONTEREY,UNINCORPORATED,-121.69117489999999,36.777182250000003
6895011,2015,2017-04-21,2710,2015-02-12,2000,33762,2710,4,5,4,2710,0,0,0,,0,01A,"CANYON DEL REY BL","CHARLES AV",53.00,E,N,A,-,N,,,,,,,,,,N,1,1,0,2,A,-,11,21956,,N,G,B,E,A,H,-,C,D,0,Y,,,,Y,,N,60,0,0,0,1,0,0,0,0,0,"- ","- ",,,MONTEREY,SEASIDE,-121.85169513,36.599891450000001
6895019,2015,2015-05-01,2710,2015-02-18,0951,33362,,3,5,4,2710,0,0,0,,0,,"WHEELER ST","HILBY AV",412.00,S,N,A,-,N,,,,,,,,,,Y,2,0,2,2,A,-,03,22350,A,N,D,E,A,A,H,-,A,D,0,,,,,Y,,-,,2,0,0,0,0,0,0,0,0,"- ","- ",,,MONTEREY,SEASIDE,-121.84553454,36.601408630000002
6910484,2015,2016-09-29,9730,2015-04-11,1630,020621,,6,2,9,2700,0,1,3,,1,014,"RT 1","LITTLE SUR RIVER BR",4752.00,S,N,A,-,Y,MON,5,1,-,-,55.200,H,-,N,Y,2,0,1,1,A,-,08,22107,,N,E,I,A,A,H,-,A,D,0,,,Y,,Y,,C,02,1,0,0,0,0,0,0,0,1,"- ","- ",36.294739999999997,-121.86538,MONTEREY,UNINCORPORATED,-121.89387846,36.324552959999998
6913515,2015,2016-10-26,9730,2015-04-29,1400,019569,,3,2,9,2700,0,1,3,,1,012,"RT 1",GORDA,15840.00,S,N,A,-,Y,MON,5,1,-,-,6.900,H,-,N,Y,2,0,1,1,A,-,03,22350,,N,F,A,A,A,H,-,A,D,0,,,Y,,Y,,C,02,1,0,0,0,0,0,0,0,1,"- ","- ",,,MONTEREY,UNINCORPORATED,-121.40692937,35.846530170000001
6931442,2015,2016-09-13,2708,2015-03-31,2004,15945,,2,5,6,2708,0,0,0,,0,,"MAIN ST","EAST MARKET ST",0.00,,Y,A,-,Y,MON,5,183,-,-,0.760,H,-,N,N,2,0,1,2,A,-,11,21954,A,F,G,B,B,A,H,-,C,A,0,Y,,,,Y,,N,60,1,0,0,0,1,0,0,0,0,"- ","- ",,,MONTEREY,SALINAS,-121.65724073,36.678032889999997
6936449,2015,2017-01-04,9730,2015-04-09,1537,20970,730,4,2,9,2700,0,1,2,,1,050,"RT 101","GOULD RD",6864.00,N,N,A,-,Y,MON,5,101,-,-,83.870,H,-,S,Y,2,0,2,2,A,-,08,22107,A,N,E,I,A,A,H,-,A,D,5,,,,Y,Y,,G,25,1,1,0,0,0,0,0,0,0,"- ","- ",36.639299999999999,-121.60299999999999,MONTEREY,UNINCORPORATED,-121.60455214,36.640035959999999
6941322,2015,2015-06-25,9730,2015-05-10,0018,21009,,7,3,9,2700,0,3,5,,2,006,"ESPINOSA RD","RODGERS RD",300.00,W,N,A,-,N,,,,,,,,,,Y,2,0,2,2,A,-,05,21460,A,F,B,C,A,A,H,-,D,D,0,,,,,Y,,-,99,2,0,0,0,0,0,0,0,0,"- ","- ",36.746189999999999,-121.69619,MONTEREY,UNINCORPORATED,-121.69235999999999,36.74458637
6947690,2015,2015-06-24,9735,2015-05-11,1130,15211,,1,1,9,2700,0,3,5,,2,002,"LOCKWOOD-JOLON RD","CROSS RD",0.00,,Y,A,-,N,,,,,,,,,,N,2,0,1,1,A,-,03,22350,,N,F,A,A,A,H,-,A,D,0,,,Y,,Y,,C,02,1,0,0,0,0,0,0,0,1,"- ","- ",,,MONTEREY,UNINCORPORATED,-121.11751993999999,35.966290059999999
6978345,2015,2015-07-15,9730,2015-06-17,0431,020970,,3,3,9,2700,0,3,5,,2,005,"ALISAL RD","HARTNELL RD",2640.00,N,N,B,-,N,,,,,,,,,,Y,2,0,3,2,A,-,01,23152,A,N,A,C,A,A,H,-,D,D,0,,,,,Y,Y,A,07,1,1,1,0,0,0,0,0,0,"- ","- ",36.646500000000003,-121.5776,MONTEREY,UNINCORPORATED,-121.58201385,36.651274549999997
6979642,2015,2015-07-10,9730,2015-06-16,1733,20576,,2,2,9,2700,0,3,5,,2,007,"HIDDEN VALLEY RD","TUMBLE WEED LN",954.00,W,N,A,-,N,,,,,,,,,,Y,2,0,1,1,A,-,01,23152,A,N,E,I,A,A,H,-,A,D,0,,,Y,,Y,Y,C,02,1,0,0,0,0,0,0,0,1,"- ","- ",36.82978,-121.72731,MONTEREY,UNINCORPORATED,-121.72517842000001,36.834663390000003
6979644,2015,2015-07-10,9730,2015-06-08,2500,20981,,1,4,9,2700,0,3,5,,2,002,"CACHAGUA RD","SKY RANCH RD",1584.00,N,N,A,-,N,,,,,,,,,,Y,2,0,5,1,A,-,08,22107,,N,F,I,A,A,H,-,D,D,0,,,,,Y,,A,01,1,2,2,0,0,0,0,0,0,"- ","- ",36.430790000000002,-121.6901,MONTEREY,UNINCORPORATED,-121.68332886,36.427510060000003
6995834,2015,2015-08-10,9735,2015-07-19,1235,019800,,7,1,9,2700,0,3,5,,2,003,"METZ RD","SPRECKELS RD",0.00,,Y,B,-,N,,,,,,,,,,Y,2,0,1,1,A,-,01,23152,A,N,F,A,A,A,H,-,A,D,0,,,,,Y,Y,A,07,1,0,0,0,0,0,0,0,0,"- ","- ",,,MONTEREY,UNINCORPORATED,-121.14483994,36.26868005
7000857,2015,2015-08-04,9730,2015-07-03,1618,019981,,5,2,9,2700,0,3,5,,2,006,"COOPER RD","BLANCO RD",2640.00,N,N,A,-,N,,,,,,,,,,Y,2,0,1,2,A,-,01,23152,E,N,A,C,A,A,H,-,A,D,0,,,,Y,Y,,A,01,1,0,0,0,0,0,0,0,0,"- ","- ",,,MONTEREY,UNINCORPORATED,-121.73503334999999,36.685952440000001
7006143,2015,2017-04-04,9730,2015-04-26,2338,19770,,7,3,6,2708,0,1,2,,1,050,"RT 101","SHERWOOD DR",0.00,N,N,A,-,Y,MON,5,101,-,-,87.970,H,-,S,Y,1,1,1,2,A,-,11,21954,A,N,G,B,E,A,H,-,D,D,1,Y,,,,Y,Y,N,60,0,1,0,1,0,0,0,0,0,"- ","- ",36.684950000000001,-121.64858,MONTEREY,SALINAS,-121.64847035,36.684726980000001
7006265,2015,2015-11-13,2708,2015-06-06,1140,52823,,6,5,6,2708,0,0,0,,0,,"WEST LAUREL DR","ADAMS ST",115.00,E,N,A,-,N,,,,,,,,,,Y,1,1,0,2,A,-,03,22350,,N,D,C,A,A,H,-,A,D,0,,,,,Y,,-,,0,0,0,0,0,0,0,0,0,"- ","- ",,,MONTEREY,SALINAS,-121.6620724,36.698058920000001
7006693,2015,2017-03-29,9730,2015-08-04,1912,15297,,2,2,9,2700,0,1,3,,1,066,"RT 183","ESPINOSA RD",1584.00,S,N,A,-,Y,MON,5,183,-,R,7.310,H,-,S,Y,1,2,1,2,A,-,01,23152,F,N,E,I,A,A,H,-,A,D,0,,,,Y,Y,Y,A,01,0,0,1,0,0,0,0,0,0,"- ","- ",36.739379999999997,-121.73859,MONTEREY,UNINCORPORATED,-121.73867876,36.739909879999999
7006694,2015,2016-04-08,9730,2015-06-21,2215,20514,,7,3,9,2700,0,2,4,,1,073,"HALL RD","WILLOW RD",1056.00,W,N,A,-,N,,,,,,,,,,Y,1,1,3,2,A,-,01,23152,A,N,A,C,A,A,H,-,D,A,0,,,,,Y,Y,A,01,2,0,1,0,0,0,0,0,0,"- ","- ",36.865929999999999,-121.73712999999999,MONTEREY,UNINCORPORATED,-121.7386353,36.866058240000001
7011415,2015,2015-09-29,2708,2015-08-18,2051,76997,2708,2,5,6,2708,0,0,0,,0,002,"HARDEN PKWY","REGENCY CIR",0.00,,Y,A,-,N,,,,,,,,,,Y,2,0,4,3,A,-,03,22350,,N,D,C,A,A,H,-,C,D,0,,,,,Y,,-,"- ",3,0,1,0,0,0,0,0,0,"- ","- ",,,MONTEREY,SALINAS,-121.64925986,36.71347008
7014535,2015,2017-01-28,9730,2015-07-25,0455,020391,,6,3,9,2700,0,1,3,,1,072,"RT 156","MONTE DEL LAGO",35.00,E,N,A,-,Y,MON,5,156,-,-,1.280,H,-,W,Y,2,0,1,2,A,-,12,22450,A,N,D,C,A,A,H,-,C,A,1,,,,Y,Y,,A,01,1,0,0,0,0,0,0,0,0,"- ","- ",36.771279999999997,-121.73354999999999,MONTEREY,UNINCORPORATED,-121.73385602,36.771194729999998