CASE_ID,ACCIDENT_YEAR,PROC_DATE,JURIS,COLLISION_DATE,COLLISION_TIME,OFFICER_ID,REPORTING_DISTRICT,DAY_OF_WEEK,CHP_SHIFT,POPULATION,CNTY_CITY_LOC,SPECIAL_COND,BEAT_TYPE,CHP_BEAT_TYPE,CITY_DIVISION_LAPD,CHP_BEAT_CLASS,BEAT_NUMBER,PRIMARY_RD,SECONDARY_RD,DISTANCE,DIRECTION,INTERSECTION,WEATHER_1,WEATHER_2,STATE_HWY_IND,CALTRANS_COUNTY,CALTRANS_DISTRICT,STATE_ROUTE,ROUTE_SUFFIX,POSTMILE_PREFIX,POSTMILE,LOCATION_TYPE,RAMP_INTERSECTION,SIDE_OF_HWY,TOW_AWAY,COLLISION_SEVERITY,NUMBER_KILLED,NUMBER_INJURED,PARTY_COUNT,PRIMARY_COLL_FACTOR,PCF_CODE_OF_VIOL,PCF_VIOL_CATEGORY,PCF_VIOLATION,PCF_VIOL_SUBSECTION,HIT_AND_RUN,TYPE_OF_COLLISION,MVIW,PED_ACTION,ROAD_SURFACE,ROAD_COND_1,ROAD_COND_2,LIGHTING,CONTROL_DEVICE,CHP_ROAD_TYPE,PEDESTRIAN_ACCIDENT,BICYCLE_ACCIDENT,MOTORCYCLE_ACCIDENT,TRUCK_ACCIDENT,NOT_PRIVATE_PROPERTY,ALCOHOL_INVOLVED,STWD_VEHTYPE_AT_FAULT,CHP_VEHTYPE_AT_FAULT,COUNT_SEVERE_INJ,COUNT_VISIBLE_INJ,COUNT_COMPLAINT_PAIN,COUNT_PED_KILLED,COUNT_PED_INJURED,COUNT_BICYCLIST_KILLED,COUNT_BICYCLIST_INJURED,COUNT_MC_KILLED,COUNT_MC_INJURED,PRIMARY_RAMP,SECONDARY_RAMP,LATITUDE,LONGITUDE,COUNTY,CITY,POINT_X,POINT_Y
7015892,2015,2015-08-20,9730,2015-07-25,0320,20701,,6,3,9,2700,0,2,4,,1,073,"SAN MIGUEL CANYON RD","HAMBEY LN",250.00,N,N,A,-,N,,,,,,,,,,Y,2,0,2,1,A,-,08,22107,,N,E,I,A,A,H,-,D,D,0,,,,,Y,,A,07,1,0,1,0,0,0,0,0,0,"- ","- ",36.838909999999998,-121.68432,MONTEREY,UNINCORPORATED,-121.68434293,36.838822929999999
7015904,2015,2015-08-20,9730,2015-07-18,0745,018179,,6,1,9,2700,0,2,4,,1,073,"SAN MIGUEL CANYON RD","MORO RD",40.00,S,N,B,-,N,,,,,,,,,,Y,2,0,2,2,A,-,05,21460,A,N,D,C,A,A,H,-,A,D,0,,,Y,,Y,,C,02,1,0,1,0,0,0,0,0,2,"- ","- ",,,MONTEREY,UNINCORPORATED,-121.66665007,36.802575590000004
7022235,2015,2017-01-28,9730,2015-07-26,2237,020621,,7,3,9,2700,0,3,5,,2,006,"ESPINOSA RD","RT 183",200.00,E,N,A,-,Y,MON,5,183,-,R,7.651,I,6,N,Y,2,0,1,1,A,-,08,22107,,N,E,I,A,A,H,-,C,D,0,,,Y,,Y,,C,02,1,0,0,0,0,0,0,0,1,"- ","- ",,,MONTEREY,UNINCORPORATED,-121.74027044,36.74497538
7030126,2015,2017-01-28,2711,2015-07-31,1503,4141,2711,5,5,3,2711,0,0,0,,0,002,"METZ RD","BRYANT CANYON RD",87.00,S,N,A,-,Y,MON,5,146,-,-,1.930,H,-,W,Y,2,0,1,2,-,-,"- ",,,N,A,I,A,A,H,-,A,D,0,,,,,Y,,-,"- ",1,0,0,0,0,0,0,0,0,"- ","- ",,,MONTEREY,SOLEDAD,-121.31374013999999,36.426352909999999
7030525,2015,2017-01-13,2706,2015-08-11,1641,627,2706,2,5,4,2706,0,0,0,,0,003,"RT 68","OLMSTED RD",722.00,W,N,A,-,Y,MON,5,68,-,-,5.430,H,-,E,Y,2,0,1,3,A,-,03,22350,,N,C,C,A,A,H,-,A,A,0,,,,,Y,,D,22,1,0,0,0,0,0,0,0,0,"- ","- ",,,MONTEREY,MONTEREY,-121.85205189,36.583704580000003
7042966,2015,2015-08-29,9730,2015-08-12,2240,20208,,3,3,9,2700,0,3,5,,2,002,"AGUAJITO RD","MONHOLLAN RD",0.00,,Y,A,-,N,,,,,,,,,,Y,2,0,2,1,A,-,01,23152,A,N,F,I,A,A,H,-,C,D,0,,,,,Y,Y,A,01,1,1,0,0,0,0,0,0,0,"- ","- ",36.575400000000002,-121.8741,MONTEREY,UNINCORPORATED,-121.87409993,36.575360009999997
7055537,2015,2015-09-26,2705,2015-03-06,1604,16316,10,5,5,3,2705,0,0,0,,0,002,"1ST ST","MESA VERDE RD",113.00,E,N,A,-,N,,,,,,,,,,Y,2,0,2,2,A,-,03,22350,,N,A,C,A,A,H,-,A,A,0,,,,,Y,,-,,1,1,0,0,0,0,0,0,0,"- ","- ",,,MONTEREY,"KING CITY",-121.11190132999999,36.200546099999997
7113314,2015,2015-11-12,2706,2015-10-25,0653,772,2706,7,5,4,2706,0,0,0,,0,002,"FREMONT ST","CAMINO EL ESTERO",32.00,E,N,B,-,N,,,,,,,,,,Y,2,0,2,1,A,-,01,23153,A,N,A,I,A,A,H,-,C,A,0,,,,,Y,Y,A,07,1,0,1,0,0,0,0,0,0,"- ","- ",,,MONTEREY,MONTEREY,-121.8891629,36.595090020000001
7138100,2015,2016-06-14,2708,2015-09-12,2006,56682,,6,5,6,2708,0,0,0,,0,007,"WILSON ST","SANTA BARBARA AV",33.00,E,N,A,-,N,,,,,,,,,,Y,2,0,2,1,A,-,01,23153,A,N,E,I,A,A,H,-,D,D,0,,,,,Y,Y,A,01,1,1,0,0,0,0,0,0,0,"- ","- ",,,MONTEREY,SALINAS,-121.66925897,36.679086679999998
7139234,2015,2016-01-07,2706,2015-12-19,1907,851,MPD,6,5,4,2706,0,0,0,,0,003,"NORTH FREMONT ST","CASANOVA AV",245.00,E,N,B,-,N,,,,,,,,,,Y,2,0,1,2,C,-,18,,,N,C,C,A,A,H,-,C,A,0,,,,,Y,,-,"- ",1,0,0,0,0,0,0,0,0,"- ","- ",,,MONTEREY,MONTEREY,-121.85244663,36.597901800000002
7164558,2015,2016-01-23,2708,2015-12-13,2211,97158,,7,5,6,2708,0,0,0,,0,004,"EAST BORONDA RD","CONSTITUTION BL",1104.00,W,N,B,-,N,,,,,,,,,,Y,2,0,2,2,A,-,01,23152,A,N,A,C,A,B,H,-,C,D,0,,,,,Y,Y,-,,1,0,1,0,0,0,0,0,0,"- ","- ",,,MONTEREY,SALINAS,-121.60375533,36.707412140000002
7171807,2016,2016-02-23,2708,2016-01-07,2232,49532,SALIN,4,5,6,2708,0,0,0,,0,012,"LA GUARDIA","VANDENBERG ST",800.00,W,N,A,-,N,,,,,,,,,,Y,2,0,2,2,A,-,08,22102,,N,-,C,A,A,H,-,C,A,0,,,,,Y,,-,,2,0,0,0,0,0,0,0,0,"- ","- ",,,MONTEREY,SALINAS,-121.60980834999999,36.6579421
7181743,2015,2016-08-23,2711,2015-12-23,0245,8790,2711,3,5,3,2711,0,0,0,,0,001,"LAS FLORES ST","TOLEDO ST",0.00,,Y,B,-,N,,,,,,,,,,Y,2,0,1,2,A,-,00,20002,A,M,A,I,A,A,H,-,C,D,0,,,,,Y,Y,A,01,1,0,0,0,0,0,0,0,0,"- ","- ",,,MONTEREY,SOLEDAD,-121.31963992,36.43572004
7196412,2016,2016-03-11,2711,2016-02-24,1301,0894,,3,5,3,2711,0,0,0,,0,002,"FRONT ST","OAK ST",0.00,,Y,A,-,N,,,,,,,,,,N,2,0,1,2,A,-,08,22107,,N,H,C,A,A,H,-,A,A,0,,,Y,,Y,,-,,1,0,0,0,0,0,0,0,1,"- ","- ",,,MONTEREY,SOLEDAD,-121.32444995,36.423780069999999
7199668,2016,2016-07-18,2710,2016-01-09,2242,38145,19,6,5,4,2710,0,0,0,,0,01B,"TRINITY AV","SAN LUCAS ST",0.00,,Y,A,-,N,,,,,,,,,,N,1,1,1,2,A,-,01,23152,F,N,A,A,A,A,E,-,C,D,0,,,Y,,Y,Y,O,05,0,0,1,0,0,0,0,1,1,"- ","- ",,,MONTEREY,SEASIDE,-121.84038,36.60464004
7199923,2017,2017-02-17,2706,2017-01-20,0606,627,2706,5,5,4,2706,0,0,0,,0,002,"SKYLINE DR","WYNDEMERE WY",323.00,N,N,C,G,N,,,,,,,,,,Y,1,1,0,1,A,-,03,22350,,N,E,J,A,B,C,-,D,D,0,,,,,Y,,A,07,0,0,0,0,0,0,0,0,0,"- ","- ",,,MONTEREY,MONTEREY,-121.91761928,36.589728540000003
7200166,2017,2019-04-08,2708,2017-03-23,0238,18925,,4,5,6,2708,0,0,0,,0,009,"WORK ST","WORK CIR",240.00,N,N,A,-,N,,,,,,,,,,Y,1,1,1,3,A,-,01,23152,A,F,G,B,F,A,H,-,C,D,0,Y,,,,Y,Y,-,"- ",1,0,0,1,1,0,0,0,0,"- ","- ",,,MONTEREY,SALINAS,-121.64060757,36.668975459999999
7200224,2017,2019-04-08,2708,2017-05-20,1856,71713,,6,5,6,2708,0,0,0,,0,,"NORTH MAIN ST","EAST MARKET ST",362.00,N,N,A,-,Y,MON,5,183,-,-,0.570,H,-,N,Y,1,1,0,2,A,-,11,21954,A,F,G,B,D,A,H,-,B,D,0,Y,,,,Y,Y,N,60,0,0,0,1,0,0,0,0,0,"- ","- ",,,MONTEREY,SALINAS,-121.654968,36.678859789999997
7200229,2017,2019-04-08,2708,2017-05-29,2048,12507,,1,5,6,2708,0,0,0,,0,007,"WEST BLANCO RD",PADRE,456.00,W,N,A,-,N,,,,,,,,,,N,1,1,0,2,A,-,11,21954,A,F,G,B,D,A,H,-,B,D,0,Y,,,,Y,Y,N,60,0,0,0,1,0,0,0,0,0,"- ","- ",,,MONTEREY,SALINAS,-121.66359545,36.657025419999997
7207453,2016,2016-03-16,2708,2016-02-14,1304,07661,,7,5,6,2708,0,0,0,,0,003,"HARDEN PKWY","EL DORADO DR",160.00,W,N,A,-,N,,,,,,,,,,Y,2,0,2,1,A,-,08,22107,,N,A,I,A,A,H,-,A,D,0,,,,,Y,,-,,1,1,0,0,0,0,0,0,0,"- ","- ",,,MONTEREY,SALINAS,-121.63653103999999,36.710758509999998
7213067,2016,2016-03-21,2710,2016-01-18,1930,40392,SEA,1,5,4,2710,0,0,0,,0,FTO,"FREMONT BL","ORD GROVE AV",0.00,,Y,E,-,N,,,,,,,,,,N,2,0,1,2,A,-,09,21801,A,N,H,G,A,A,H,-,C,A,0,,Y,,,Y,,D,22,1,0,0,0,0,0,1,0,0,"- ","- ",,,MONTEREY,SEASIDE,-121.84069988,36.619310059999997
8017067,2016,2016-04-15,2701,2016-03-11,1659,5379,2701,5,5,2,2701,0,0,0,,0,ALL,"LOBOS ST",2ND,0.00,,Y,A,-,N,,,,,,,,,,N,2,0,1,1,C,-,18,,,N,G,B,A,A,G,-,A,D,0,,,,,Y,,-,"- ",1,0,0,0,0,0,0,0,0,"- ","- ",,,MONTEREY,CARMEL,-121.91481989,36.560610080000004
8022058,2016,2016-04-19,2708,2016-03-07,1537,19735,SPD,1,5,6,2708,0,0,0,,0,11A,"GARNER AV","1ST AV",102.00,W,N,C,-,N,,,,,,,,,,N,2,0,4,2,A,-,09,21801,A,M,D,C,A,B,H,-,A,D,0,,,,,Y,,-,,1,0,3,0,0,0,0,0,0,"- ","- ",,,MONTEREY,SALINAS,-121.60994126999999,36.680318560000003
8039131,2016,2016-05-19,2708,2016-04-02,1722,19735,SPD,6,5,6,2708,0,0,0,,0,002,"HARDEN PKWY","NORTH MAIN ST",134.00,E,N,A,-,N,,,,,,,,,,Y,2,0,1,3,A,-,09,21804,A,N,B,C,A,A,H,-,A,A,0,,,,,Y,,-,,1,0,0,0,0,0,0,0,0,"- ","- ",,,MONTEREY,SALINAS,-121.65407544999999,36.713285239999998
8040795,2016,2016-05-19,2708,2016-04-13,2309,05048,,3,5,6,2708,0,0,0,,0,006,"NORTH DAVIS RD","WESTRIDGE PKWY",400.00,N,N,A,-,N,,,,,,,,,,Y,2,0,1,2,A,-,09,21801,A,N,D,C,A,A,H,-,C,D,0,,,,,Y,,-,,1,0,0,0,0,0,0,0,0,"- ","- ",,,MONTEREY,SALINAS,-121.66666366,36.70507722
8058399,2016,2016-06-13,2708,2016-04-25,1526,53260,,1,5,6,2708,0,0,0,,0,011,"NORTH SANBORN RD","FREEDOM PKWY",0.00,,Y,A,-,N,,,,,,,,,,Y,2,0,3,2,A,-,09,21801,A,N,D,C,A,A,H,-,A,A,0,,,,,Y,,-,,1,0,2,0,0,0,0,0,0,"- ","- ",,,MONTEREY,SALINAS,-121.60134986,36.692130040000002
8058570,2016,2016-06-15,2708,2016-05-13,1730,15945,,5,5,6,2708,0,0,0,,0,,"W ALISAL ST","HOMESTEAD AV",0.00,,Y,A,-,N,,,,,,,,,,Y,2,0,3,2,A,-,12,21453,A,N,D,C,A,A,H,-,A,A,0,,,,,Y,,-,,1,0,2,0,0,0,0,0,0,"- ","- ",,,MONTEREY,SALINAS,-121.66437986,36.672520069999997
8058594,2016,2016-06-15,2708,2016-05-04,1531,56793,,3,5,6,2708,0,0,0,,0,,"NATIVIDAD RD","E BORONDA",1848.00,N,N,A,-,N,,,,,,,,,,Y,2,0,1,2,A,-,03,22350,,N,C,C,A,A,H,-,A,D,0,,,,,Y,,-,,1,0,0,0,0,0,0,0,0,"- ","- ",,,MONTEREY,SALINAS,-121.62180533,36.720424020000003
8058610,2016,2016-06-15,2708,2016-05-11,1546,34245,,3,5,6,2708,0,0,0,,0,006,"WEST LAUREL DR","NORTH DAVIS RD",230.00,E,N,B,-,N,,,,,,,,,,Y,2,0,3,3,A,-,04,21703,,N,C,C,A,A,H,-,A,A,0,,,,,Y,,-,,1,0,2,0,0,0,0,0,0,"- ","- ",,,MONTEREY,SALINAS,-121.6673074,36.697865149999998
8058634,2016,2016-06-15,2708,2016-05-03,1656,56793,,2,5,6,2708,0,0,0,,0,,"EAST MARKET ST","IVY ST",60.00,E,N,A,-,N,,,,,,,,,,Y,2,0,2,2,A,-,09,21804,A,N,G,B,F,A,H,-,A,D,0,Y,,,,Y,,-,,1,0,1,0,1,0,0,0,0,"- ","- ",,,MONTEREY,SALINAS,-121.64326576000001,36.678478259999999
8067442,2016,2016-07-06,2710,2016-04-12,2217,38145,,2,5,4,2710,0,0,0,,0,002,"SAN PABLO AV","BAKER ST",0.00,,Y,A,-,N,,,,,,,,,,Y,2,0,2,2,A,-,03,22350,,N,D,C,A,A,H,-,C,D,0,,,,,Y,,-,,1,0,1,0,0,0,0,0,0,"- ","- ",,,MONTEREY,SEASIDE,-121.83905991,36.614840039999997
8070859,2016,2016-07-01,2706,2016-06-13,0239,851,2706,1,5,4,2706,0,0,0,,0,003,"DEL MONTE AV","PARK AV",13.00,E,N,B,-,N,,,,,,,,,,Y,2,0,2,1,A,-,08,22107,,N,E,I,A,A,H,-,C,D,0,,,,,Y,,D,22,1,1,0,0,0,0,0,0,0,"- ","- ",,,MONTEREY,MONTEREY,-121.88224571000001,36.599929209999999
8070897,2016,2016-06-30,2701,2016-05-27,1330,5460,2701,5,5,2,2701,0,0,0,,0,00N,"5TH AV","DOLORES ST",0.00,,Y,A,-,N,,,,,,,,,,N,2,0,1,2,A,-,10,21950,A,F,G,B,B,A,H,-,A,A,0,Y,,,,Y,,A,01,1,0,0,0,1,0,0,0,0,"- ","- ",,,MONTEREY,CARMEL,-121.92267993,36.5569001
8097525,2016,2016-08-15,2701,2016-07-28,1236,5548,2701,4,5,2,2701,0,0,0,,0,ALL,"OCEAN AV","GUADALUPE ST",32.00,W,N,A,-,N,,,,,,,,,,N,2,0,1,1,A,-,03,22350,,N,E,I,A,A,H,-,A,D,0,,,,,Y,,A,01,1,0,0,0,0,0,0,0,0,"- ","- ",,,MONTEREY,CARMEL,-121.91654898,36.555100000000003
8106507,2016,2016-08-19,2708,2016-07-16,2350,42636,,6,5,6,2708,0,0,0,,0,010,"EAST ALISAL","SOUTH FILICE",0.00,,Y,A,-,N,,,,,,,,,,Y,2,0,2,2,A,-,09,21802,A,N,D,C,A,A,H,-,C,A,0,,,,,Y,Y,-,,1,0,1,0,0,0,0,0,0,"- ","- ",,,MONTEREY,SALINAS,-121.63037987,36.673190009999999
8133190,2016,2016-11-15,2708,2016-10-13,1121,34245,,4,5,6,2708,0,0,0,,0,003,"ALVIN DR","MCKINNON ST",0.00,,Y,A,-,N,,,,,,,,,,Y,2,0,2,2,A,-,12,21453,A,N,D,C,A,A,H,-,A,A,0,,,,,Y,,A,01,1,0,1,0,0,0,0,0,0,"- ","- ",,,MONTEREY,SALINAS,-121.64585,36.707230080000002
8133725,2016,2016-10-03,2708,2016-07-24,1320,19973,,7,5,6,2708,0,0,0,,0,002,"MCKINNON ST","PENNSYLVANIA DR",45.00,S,N,A,-,N,,,,,,,,,,N,2,0,1,2,A,-,08,22100,B,N,D,G,A,A,H,-,A,D,0,,Y,,,Y,Y,L,04,1,0,0,0,0,0,1,0,0,"- ","- ",,,MONTEREY,SALINAS,-121.64402413000001,36.715396900000002
8151361,2016,2016-10-28,2706,2016-09-29,1353,335,2706,4,5,4,2706,0,0,0,,0,003,"DEL MONTE AV","ENGLISH AV",23.00,E,N,A,-,N,,,,,,,,,,N,2,0,1,2,A,-,05,21650,1,N,D,G,A,A,H,-,A,A,0,,Y,,,Y,,L,04,1,0,0,0,0,0,1,0,0,"- ","- ",,,MONTEREY,MONTEREY,-121.86065781000001,36.604858460000003
8157922,2016,2016-11-03,2704,2016-09-27,1217,5321,2704,2,5,3,2704,0,0,0,,0,001,"PRIMAVERA CT","LIGHT POLE",75.00,,N,A,-,N,,,,,,,,,,Y,2,0,1,1,D,-,00,,,N,B,I,A,A,H,-,A,D,0,,,,,Y,,-,"- ",1,0,0,0,0,0,0,0,0,"- ","- ",,,MONTEREY,GREENFIELD,,
8164798,2016,2017-03-04,2706,2016-10-24,2140,410,MPD,1,5,4,2706,0,0,0,,0,003,"RT 68","OLMSTED RD",1040.00,W,N,A,-,Y,MON,5,68,-,-,5.370,H,-,E,Y,2,0,1,1,C,-,18,,,N,E,I,A,A,H,-,D,D,0,,,,,Y,Y,-,"- ",1,0,0,0,0,0,0,0,0,"- ","- ",,,MONTEREY,MONTEREY,-121.85302805000001,36.583523079999999
8165374,2016,2016-11-10,2708,2016-10-06,1856,56793,,4,5,6,2708,0,0,0,,0,,WILLIAMS,BORONDA,0.00,,Y,A,-,N,,,,,,,,,,Y,2,0,4,2,A,-,09,21801,A,N,D,C,A,A,H,-,B,D,0,,,,,Y,,-,,1,3,0,0,0,0,0,0,0,"- ","- ",,,MONTEREY,SALINAS,-121.59071989,36.689000010000001
8165397,2016,2016-11-10,2708,2016-10-19,1920,31967,,3,5,6,2708,0,0,0,,0,,"WEST CURTIS ST","NORTH MAIN ST",0.00,,Y,A,-,N,,,,,,,,,,Y,2,0,5,3,A,-,12,21453,A,N,D,C,A,A,H,-,C,A,0,,,,,Y,Y,-,,3,1,1,0,0,0,0,0,0,"- ","- ",,,MONTEREY,SALINAS,-121.65248995,36.701790109999997
8165413,2016,2016-11-10,2708,2016-10-14,1658,54372,,5,5,6,2708,0,0,0,,0,011,"FREEDOM PKWY","TOWT ST",0.00,,Y,B,-,N,,,,,,,,,,,2,0,1,2,A,-,12,22450,,N,A,B,B,A,H,-,A,-,0,Y,,,,Y,,-,,1,0,0,0,1,0,0,0,0,"- ","- ",,,MONTEREY,SALINAS,-121.59982986,36.689200069999998
8166752,2016,2017-03-09,2708,2016-11-16,1720,03581,,3,5,6,2708,0,0,0,,0,005,"NORTH MAIN ST","EAST LAUREL DR",345.00,S,N,A,-,N,,,,,,,,,,N,1,1,0,2,A,-,11,21954,A,N,G,B,D,A,H,-,A,A,0,Y,,,,Y,,N,60,0,0,0,1,0,0,0,0,0,"- ","- ",,,MONTEREY,SALINAS,-121.65168,36.698378779999999
8166772,2016,2017-03-10,2708,2016-04-21,2207,71633,SALIN,4,5,6,2708,0,0,0,,0,005,"NATIVIDAD RD","SORRENTINI DR",290.00,N,N,A,-,N,,,,,,,,,,Y,1,1,0,2,A,-,11,21954,A,N,G,B,D,A,H,-,C,D,0,Y,,,,Y,,N,60,0,0,0,1,0,0,0,0,0,"- ","- ",,,MONTEREY,SALINAS,-121.63976906000001,36.69500558
8166954,2016,2018-09-24,2708,2016-07-30,2212,59156,SALIN,6,5,6,2708,0,0,0,,0,005,"NORTH MAIN ST","EAST BERNAL DR",147.00,N,N,B,-,N,,,,,,,,,,Y,1,1,0,2,A,-,11,21955,,N,D,B,D,A,H,-,C,D,0,Y,,,,Y,Y,N,60,0,0,0,1,0,0,0,0,0,"- ","- ",36.412599999999998,-121.399,MONTEREY,SALINAS,-121.65225119999999,36.690373180000002
8167063,2018,2018-03-08,2708,2018-01-14,0102,88215,,7,5,6,2708,0,0,0,,0,,"CONSTITUTION BL","MANCHESTER DR",189.00,N,N,A,-,N,,,,,,,,,,Y,1,2,1,1,A,-,"- ",,,N,E,I,A,A,H,-,C,A,0,,,,,Y,Y,-,,1,0,0,0,0,0,0,0,0,"- ","- ",,,MONTEREY,SALINAS,-121.62256622314453,36.7001953125
8167081,2017,2018-10-02,2710,2017-08-29,1119,34824,,2,5,4,2710,0,0,0,,0,009,"FREMONT BL","CHARLES AV",0.00,,Y,A,-,N,,,,,,,,,,Y,1,1,0,2,A,-,07,21658,A,N,D,C,A,A,H,-,A,D,0,,,Y,,Y,,A,07,0,0,0,0,0,0,0,1,0,"- ","- ",,,MONTEREY,SEASIDE,-121.84999994,36.600060030000002
81705380,2022,2022-02-22,2708,2022-02-05,1800,98751,SALIN,6,5,6,2708,0,0,0,,0,001,"MAIN ST","LAMAR ST",2.00,S,N,A,-,N,,,,,,,,,,Y,2,0,3,4,A,-,10,21950,A,N,G,B,B,A,H,-,A,A,0,Y,,,,Y,,D,22,3,0,0,0,3,0,0,0,0,"- ","- ",,,MONTEREY,SALINAS,-121.65641021728516,36.723644256591797
81714878,2022,2022-03-04,2708,2022-02-15,1548,25182,,2,5,6,2708,0,0,0,,0,011,"WILLIAMS RD","DEL MONTE AVE",25.00,S,N,A,-,N,,,,,,,,,,N,2,0,1,2,A,-,10,21950,A,F,G,B,B,A,H,-,A,A,0,Y,,,,Y,,D,22,1,0,0,0,1,0,0,0,0,"- ","- ",,,MONTEREY,SALINAS,-121.6043701171875,36.681159973144531
81717191,2022,2022-03-08,2708,2022-02-18,1646,77020,SALIN,5,5,6,2708,0,0,0,,0,008,"E ALISAL ST","SOLEDAD STREET",0.00,,Y,A,-,N,,,,,,,,,,Y,2,0,1,2,A,-,01,23153,A,N,D,C,A,A,H,-,A,A,0,,,,,Y,Y,A,01,1,0,0,0,0,0,0,0,0,"- ","- ",,,MONTEREY,SALINAS,-121.65142059326172,36.674278259277344
81729509,2022,2022-03-23,2708,2022-02-28,1850,06240,,1,5,6,2708,0,0,0,,0,011,"WILLIAMS RD","BADGER WAY",150.00,S,N,A,-,N,,,,,,,,,,N,2,0,2,3,A,-,11,21956,A,N,G,B,E,A,H,-,C,D,0,Y,,,,Y,Y,N,60,1,1,0,0,2,0,0,0,0,"- ","- ",,,MONTEREY,SALINAS,-121.59373474121094,36.687313079833984
81767875,2022,2022-05-09,2708,2022-03-12,2023,87875,2708,6,5,6,2708,0,0,0,,0,006,"NORTH MAIN ST","CASENTINI ST",0.00,,Y,A,-,Y,,,,,,,,,,Y,2,0,1,2,A,-,01,23152,A,N,D,C,A,A,H,-,C,A,0,,,,,Y,Y,A,01,1,0,0,0,0,0,0,0,0,"- ","- ",,,MONTEREY,SALINAS,-121.65283203125,36.684288024902344
81767908,2022,2022-05-09,2708,2022-04-11,0646,74137,,1,5,6,2708,0,0,0,,0,005,"NATIVIDAD RD","LAUREL DR",180.00,S,N,A,-,N,,,,,,,,,,Y,2,0,4,3,A,-,04,21703,,N,C,C,A,A,H,-,A,A,0,,,,,Y,,D,22,2,0,2,0,0,0,0,0,0,"- ","- ",,,MONTEREY,SALINAS,-121.63865661621094,36.695934295654297
81811722,2022,2022-07-07,2708,2022-05-11,0545,28603,2708,3,5,6,2708,0,0,0,,0,012,"EAST LAUREL DR","NORTH SANBORN RD",900.00,E,N,A,-,N,,,,,,,,,,Y,2,0,1,2,A,-,10,21950,A,N,G,B,C,A,H,-,A,D,0,Y,,,,Y,,A,01,1,0,0,0,1,0,0,0,0,"- ","- ",,,MONTEREY,SALINAS,-121.61914825439453,36.680900573730469
8181426,2016,2016-12-06,2706,2016-11-19,1800,375,2706,6,5,4,2706,0,0,0,,0,001,"DRAKE AV","FOAM ST",12.00,S,N,A,-,N,,,,,,,,,,N,2,0,1,2,A,-,06,21751,,N,A,G,A,B,H,-,C,A,0,,Y,,,Y,,L,04,1,0,0,0,0,0,1,0,0,"- ","- ",,,MONTEREY,MONTEREY,-121.8991437,36.611891319999998
8181430,2016,2016-12-06,2706,2016-11-16,1359,181,2706,3,5,4,2706,0,0,0,,0,001,"FOAM ST",LIGHTHOUSE,147.00,E,N,A,-,N,,,,,,,,,,Y,2,0,1,1,A,-,03,22350,,N,E,I,A,A,H,-,A,D,0,,,,,Y,,A,01,1,0,0,0,0,0,0,0,0,"- ","- ",,,MONTEREY,MONTEREY,-121.8956,36.607770000000002
81820901,2022,2022-07-20,2708,2022-06-24,1719,92575,,5,5,6,2708,0,0,0,,0,012,"SANBORN RD","CEDAR ST",25.00,S,N,A,-,N,,,,,,,,,,N,2,0,3,2,A,-,09,21804,A,N,D,C,A,A,H,-,A,D,0,,,,,Y,,D,22,1,0,2,0,0,0,0,0,0,"- ","- ",,,MONTEREY,SALINAS,-121.62621307373047,36.677722930908203
8183005,2016,2016-12-13,2710,2016-10-06,1730,32711,,4,5,4,2710,0,0,0,,0,003,"COE AV",BUTTERCUP,120.00,W,N,A,-,N,,,,,,,,,,Y,2,0,2,2,A,-,03,22350,,N,D,C,A,A,H,-,A,D,0,,,,,Y,,-,,1,0,1,0,0,0,0,0,0,"- ","- ",,,MONTEREY,SEASIDE,-121.82706017,36.622480189999997
81837698,2022,2022-08-11,2708,2022-07-27,0125,75370,,3,5,6,2708,0,0,0,,0,003,"EAST BORONDA RD","EL DORADO DR",40.00,W,N,A,-,N,,,,,,,,,,Y,2,0,1,2,A,-,01,23152,A,N,A,C,A,A,H,-,C,D,0,,,,,Y,Y,D,22,1,0,0,0,0,0,0,0,0,"- ","- ",,,MONTEREY,SALINAS,-121.63348388671875,36.715866088867188
81850302,2022,2022-08-26,2708,2022-07-29,0811,42,,5,5,6,2708,0,0,0,,0,001,"NATIVIDAD RD","EAST BORONDA RD",2000.00,N,N,A,-,N,,,,,,,,,,Y,2,0,1,2,A,-,09,21804,B,N,D,C,A,A,H,-,A,D,0,,,Y,Y,Y,Y,C,02,1,0,0,0,0,0,0,0,1,"- ","- ",,,MONTEREY,SALINAS,-121.6236572265625,36.715549468994141
81857467,2022,2022-09-06,2708,2022-08-14,0117,90332,,7,5,6,2708,0,0,0,,0,010,"EAST LAUREL DR","ST EDWARDS AVE",150.00,W,N,A,-,N,,,,,,,,,,Y,2,0,1,1,A,-,01,23152,A,N,E,I,A,A,H,-,C,A,0,,,,,Y,Y,A,01,1,0,0,0,0,0,0,0,0,"- ","- ",,,MONTEREY,SALINAS,-121.62337493896484,36.686676025390625
81858457,2022,2022-09-07,2708,2022-08-14,0332,28603,2708,7,5,6,2708,0,0,0,,0,002,"NORTH MAIN ST","WEST CURTIS ST",109.00,S,N,A,-,N,,,,,,,,,,Y,2,0,1,2,A,-,03,22350,,N,G,B,E,A,H,-,C,D,0,Y,,,,Y,,A,01,1,0,0,0,1,0,0,0,0,"- ","- ",,,MONTEREY,SALINAS,-121.65244293212891,36.701492309570312
8188326,2016,2016-12-13,2708,2016-11-09,1704,78725,2708,3,5,6,2708,0,0,0,,0,007,"IVERSON ST","LANG ST",0.00,,Y,A,-,N,,,,,,,,,,N,2,0,1,2,A,-,05,21650,,N,D,G,A,A,H,-,B,D,0,,Y,,,Y,,L,04,1,0,0,0,0,0,1,0,0,"- ","- ",,,MONTEREY,SALINAS,-121.66345998,36.66888007
81892328,2022,2022-10-18,2708,2022-09-03,1724,92575,,6,5,6,2708,0,0,0,,0,001,"VAN BUREN AVE","CLEVELAND AVE",30.00,N,N,A,-,N,,,,,,,,,,N,2,0,1,2,A,-,08,22107,,N,D,G,A,A,H,-,A,D,0,,Y,,,Y,,L,04,1,0,0,0,0,0,1,0,0,"- ","- ",,,MONTEREY,SALINAS,-121.65012359619141,36.72760009765625