CASE_ID,ACCIDENT_YEAR,PROC_DATE,JURIS,COLLISION_DATE,COLLISION_TIME,OFFICER_ID,REPORTING_DISTRICT,DAY_OF_WEEK,CHP_SHIFT,POPULATION,CNTY_CITY_LOC,SPECIAL_COND,BEAT_TYPE,CHP_BEAT_TYPE,CITY_DIVISION_LAPD,CHP_BEAT_CLASS,BEAT_NUMBER,PRIMARY_RD,SECONDARY_RD,DISTANCE,DIRECTION,INTERSECTION,WEATHER_1,WEATHER_2,STATE_HWY_IND,CALTRANS_COUNTY,CALTRANS_DISTRICT,STATE_ROUTE,ROUTE_SUFFIX,POSTMILE_PREFIX,POSTMILE,LOCATION_TYPE,RAMP_INTERSECTION,SIDE_OF_HWY,TOW_AWAY,COLLISION_SEVERITY,NUMBER_KILLED,NUMBER_INJURED,PARTY_COUNT,PRIMARY_COLL_FACTOR,PCF_CODE_OF_VIOL,PCF_VIOL_CATEGORY,PCF_VIOLATION,PCF_VIOL_SUBSECTION,HIT_AND_RUN,TYPE_OF_COLLISION,MVIW,PED_ACTION,ROAD_SURFACE,ROAD_COND_1,ROAD_COND_2,LIGHTING,CONTROL_DEVICE,CHP_ROAD_TYPE,PEDESTRIAN_ACCIDENT,BICYCLE_ACCIDENT,MOTORCYCLE_ACCIDENT,TRUCK_ACCIDENT,NOT_PRIVATE_PROPERTY,ALCOHOL_INVOLVED,STWD_VEHTYPE_AT_FAULT,CHP_VEHTYPE_AT_FAULT,COUNT_SEVERE_INJ,COUNT_VISIBLE_INJ,COUNT_COMPLAINT_PAIN,COUNT_PED_KILLED,COUNT_PED_INJURED,COUNT_BICYCLIST_KILLED,COUNT_BICYCLIST_INJURED,COUNT_MC_KILLED,COUNT_MC_INJURED,PRIMARY_RAMP,SECONDARY_RAMP,LATITUDE,LONGITUDE,COUNTY,CITY,POINT_X,POINT_Y
81897354,2022,2022-10-24,2708,2022-09-17,1449,25182,,6,5,6,2708,0,0,0,,0,010,"E ALISAL ST","S FILICE ST",0.00,,Y,-,-,N,,,,,,,,,,N,2,0,1,2,A,-,05,21650,1,F,G,G,A,A,H,-,A,A,0,,Y,,,Y,,L,04,1,0,0,0,0,0,1,0,0,"- ","- ",,,MONTEREY,SALINAS,-121.63037872314453,36.673191070556641
81906179,2022,2022-11-01,2708,2022-09-19,1837,25182,,1,5,6,2708,0,0,0,,0,008,"E ALISAL ST","WORK ST",0.00,,Y,B,-,N,,,,,,,,,,N,2,0,1,2,A,-,12,21453,A,N,D,G,A,B,H,-,B,A,0,,Y,,,Y,,L,04,1,0,0,0,0,0,1,0,0,"- ","- ",,,MONTEREY,SALINAS,-121.64342498779297,36.674476623535156
81906182,2022,2022-11-01,2708,2022-10-16,0147,77195,,7,5,6,2708,0,0,0,,0,010,"EAST MARKET ST","N MADEIRA AVE",222.00,E,N,A,-,N,,,,,,,,,,Y,2,0,1,2,A,-,01,23152,A,N,G,B,D,A,H,-,C,D,0,Y,,,,Y,Y,A,01,1,0,0,0,1,0,0,0,0,"- ","- ",,,MONTEREY,SALINAS,-121.63722991943359,36.677104949951172
8191476,2016,2017-01-11,2707,2016-10-26,1607,2178,2707,3,5,3,2707,0,0,0,,0,002,"FOREST AV","LAUREL AV",0.00,,Y,A,-,N,,,,,,,,,,N,2,0,1,2,A,-,10,21950,A,N,G,B,B,A,H,-,A,-,0,Y,,,,Y,,A,01,1,0,0,0,1,0,0,0,0,"- ","- ",,,MONTEREY,"PACIFIC GROVE",-121.91838995000001,36.619810039999997
8191767,2016,2016-12-20,2706,2016-12-08,0226,310,2706,4,5,4,2706,0,0,0,,0,003,"NORTH FREMONT ST","CASANOVA AV",107.00,E,N,C,-,N,,,,,,,,,,Y,2,0,1,1,A,-,01,23152,A,N,E,I,A,B,H,-,C,D,0,,,,,Y,Y,A,01,1,0,0,0,0,0,0,0,0,"- ","- ",,,MONTEREY,MONTEREY,-121.85288464,36.597764189999999
81930928,2022,2022-12-01,2708,2022-10-29,1251,42,,6,5,6,2708,0,0,0,,0,002,"SAN JUAN GRADE RD","NORTH MAIN ST",300.00,N,N,A,-,N,,,,,,,,,,Y,2,0,1,2,A,-,09,21804,A,N,D,C,A,A,H,-,A,D,0,,,,,Y,,A,01,1,0,0,0,0,0,0,0,0,"- ","- ",,,MONTEREY,SALINAS,-121.65438079833984,36.717350006103516
81934703,2022,2022-12-06,2708,2022-11-20,2320,51385,SALIN,7,5,6,2708,0,0,0,,0,012,"NORTH SANBORN RD","ACOSTA ST",134.00,N,N,A,-,N,,,,,,,,,,Y,2,0,2,1,A,-,01,23152,A,N,E,I,A,A,H,-,C,D,0,,,,,Y,Y,A,01,1,1,0,0,0,0,0,0,0,"- ","- ",,,MONTEREY,SALINAS,-121.61946105957031,36.683757781982422
81947690,2022,2022-12-21,2708,2022-11-30,1740,229,SALIN,3,5,6,2708,0,0,0,,0,009,"JOHN ST","WORK ST",0.00,,Y,A,-,N,,,,,,,,,,N,2,0,2,2,A,-,12,21453,A,N,A,C,A,A,H,-,C,A,0,,,,,Y,,A,01,1,0,1,0,0,0,0,0,0,"- ","- ",,,MONTEREY,SALINAS,-121.64208221435547,36.670860290527344
81984565,2023,2023-02-02,2708,2023-01-03,1333,228,,2,5,6,2708,0,0,0,,0,012,"FREEDOM PKWY","SCONBERG PKWY",0.00,,Y,A,-,N,,,,,,,,,,Y,2,0,4,1,A,-,08,22107,,N,H,A,A,A,H,-,A,D,0,,,,,Y,,A,01,2,0,2,0,0,0,0,0,0,"- ","- ",,,MONTEREY,SALINAS,-121.59049224853516,36.677726745605469
82021521,2023,2023-03-20,2708,2023-03-01,1842,19003,,3,5,6,2708,0,0,0,,0,,"KERN ST","EAST MARKET ST",496.00,N,N,A,-,N,,,,,,,,,,N,2,0,1,2,A,-,10,21950,A,N,G,B,D,A,H,-,D,D,0,Y,,,,Y,,A,07,1,0,0,0,1,0,0,0,0,"- ","- ",,,MONTEREY,SALINAS,-121.64026641845703,36.678741455078125
82032191,2023,2023-03-31,2708,2023-03-06,1912,50995,SALIN,1,5,6,2708,0,0,0,,0,003,"EAST ALVIN DR","SOLANO WY",300.00,E,N,A,-,N,,,,,,,,,,Y,2,0,1,2,A,-,03,22350,,N,C,C,A,A,H,-,C,D,0,,,,,Y,,A,01,1,0,0,0,0,0,0,0,0,"- ","- ",,,MONTEREY,SALINAS,-121.64170074462891,36.706241607666016
82115504,2023,2023-07-13,2708,2023-06-27,2349,90332,,2,5,6,2708,0,0,0,,0,012,"WILLIAMS RD","GRANDHAVEN ST",50.00,N,N,A,-,N,,,,,,,,,,N,2,0,1,3,A,-,01,23152,A,N,G,B,F,A,H,-,C,D,0,Y,,,,Y,Y,A,01,1,0,0,0,1,0,0,0,0,"- ","- ",,,MONTEREY,SALINAS,-121.61183166503906,36.676910400390625
82149313,2023,2023-08-23,2708,2023-08-05,"115 ",232,,6,5,6,2708,0,0,0,,0,,"EAST MARKET ST","PAJARO ST",33.00,E,N,A,-,N,,,,,,,,,,N,2,0,1,2,A,-,11,21954,A,N,G,B,D,A,H,-,D,D,0,Y,,,,Y,,N,60,1,0,0,0,1,0,0,0,0,"- ","- ",,,MONTEREY,SALINAS,-121.65323638916016,36.677825927734375
82276194,2023,2024-01-02,2708,2023-11-20,2345,50995,SALIN,1,5,6,2708,0,0,0,,0,005,"EAST LAUREL DR","LINWOOD DR",0.00,,Y,B,-,N,,,,,,,,,,N,2,0,2,2,A,-,12,21453,A,N,D,C,A,A,H,-,C,A,0,,,,,Y,,A,07,1,0,1,0,0,0,0,0,0,"- ","- ",,,MONTEREY,SALINAS,-121.64405059814453,36.697582244873047
82276208,2023,2024-01-02,2708,2023-12-17,1903,231,,7,5,6,2708,0,0,0,,0,004,"CONSTITUTION BLVD","INDEPENDENCE BLVD",220.00,S,N,A,-,N,,,,,,,,,,N,2,0,1,2,A,-,11,21954,A,N,G,B,D,B,H,-,C,D,0,Y,,,,Y,,N,60,1,0,0,0,1,0,0,0,0,"- ","- ",,,MONTEREY,SALINAS,-121.62220764160156,36.700263977050781
82288623,2023,2024-01-22,2708,2023-10-27,"250 ",13123,,5,5,6,2708,0,0,0,,0,002,"WEST LAUREL DR","NORTH MAIN ST",10.00,W,N,B,-,N,,,,,,,,,,N,2,0,1,2,-,-,"- ",,,N,G,B,B,A,H,-,C,A,0,Y,,,,Y,,-,"- ",1,0,0,0,1,0,0,0,0,"- ","- ",,,MONTEREY,SALINAS,-121.65206146240234,36.699314117431641
82291231,2023,2024-01-22,2708,2023-11-17,1904,92575,,5,5,6,2708,0,0,0,,0,012,"WILLIAMS RD","FAIRHAVEN ST",78.00,S,N,B,-,N,,,,,,,,,,N,2,0,1,2,A,-,11,21954,A,N,G,B,D,A,H,-,C,D,0,Y,,,,Y,,N,60,1,0,0,0,1,0,0,0,0,"- ","- ",,,MONTEREY,SALINAS,-121.613037109375,36.676227569580078
82295576,2024,2024-01-24,2706,2024-01-20,2224,284,,6,5,4,2706,0,0,0,,0,003,"DEL MONTE AVE","PARK AVE",17.00,E,N,A,-,N,,,,,,,,,,Y,2,0,1,1,A,-,01,23152,B,N,E,I,A,B,H,-,C,D,0,,,,,Y,Y,A,01,1,0,0,0,0,0,0,0,0,"- ","- ",36.599990844726562,-121.88231658935547,MONTEREY,MONTEREY,-121.88223266601562,36.599929809570312
82296531,2023,2024-01-25,2708,2023-12-20,1359,56105,,3,5,6,2708,0,0,0,,0,012,"SCONBERG PKWY","FREEDOM PKWY",35.00,E,N,C,-,N,,,,,,,,,,Y,2,0,1,1,A,-,03,22350,,N,E,I,A,B,H,-,A,D,0,,,,,Y,,A,01,1,0,0,0,0,0,0,0,0,"- ","- ",,,MONTEREY,SALINAS,-121.59049224853516,36.677730560302734
82308524,2024,2024-02-13,2708,2024-01-01,"50  ",30425,,1,5,6,2708,0,0,0,,0,003,"EMERALD DR","ARCADIA WAY",6.00,N,N,A,-,N,,,,,,,,,,Y,2,0,1,2,D,-,00,,,N,A,G,A,A,H,-,C,D,0,,Y,,,Y,,-,"- ",1,0,0,0,0,0,1,0,0,"- ","- ",,,MONTEREY,SALINAS,-121.62557983398438,36.713790893554688
82314408,2024,2024-02-15,2708,2024-01-31,"557 ",28603,,3,5,6,2708,0,0,0,,0,007,"WEST BLANCO RD","SOUTH MAIN ST",20.00,W,N,A,-,N,,,,,,,,,,N,2,0,1,2,A,-,11,21954,A,N,G,B,C,A,H,-,C,A,0,Y,,,,Y,,N,60,1,0,0,0,1,0,0,0,0,"- ","- ",,,MONTEREY,SALINAS,-121.66032409667969,36.655723571777344
82338902,2024,2024-03-18,2708,2024-01-28,1145,77020,SALIN,7,5,6,2708,0,0,0,,0,005,"NORTH MAIN ST","IRIS DR",250.00,N,N,A,-,N,,,,,,,,,,N,2,0,1,2,A,-,09,21804,A,N,B,C,A,A,H,-,A,D,0,,,Y,,Y,,A,07,1,0,0,0,0,0,0,0,1,"- ","- ",,,MONTEREY,SALINAS,-121.65218353271484,36.693855285644531
82361675,2024,2024-04-12,2706,2024-04-07,"125 ",284,MONTE,7,5,4,2706,0,0,0,,0,002,"WHARF #2","DEL MONTE AVE",1690.00,N,N,A,-,N,,,,,,,,,,Y,2,0,4,1,A,-,01,23153,A,N,E,I,A,A,H,-,C,D,0,,,,,Y,Y,D,22,1,3,0,0,0,0,0,0,0,"- ","- ",,,MONTEREY,MONTEREY,,
82376444,2024,2024-04-29,2708,2024-04-10,2305,74125,,3,5,6,2708,0,0,0,,0,009,"PELLET AVE","VERTIN AVE",90.00,W,N,A,-,N,,,,,,,,,,N,2,0,1,1,A,-,03,22350,,N,H,A,A,A,H,-,A,A,0,,,Y,,Y,,C,02,1,0,0,0,0,0,0,0,1,"- ","- ",,,MONTEREY,SALINAS,-121.6292724609375,36.660297393798828
82376495,2024,2024-04-29,2706,2024-04-10,2134,251,MONTE,3,5,4,2706,0,0,0,,0,002,"FRANKLIN ST","TYLER ST",0.00,,Y,A,-,N,,,,,,,,,,Y,2,0,4,2,A,-,12,21453,A,N,D,C,A,A,H,-,C,A,0,,,,,Y,Y,A,07,1,3,0,0,0,0,0,0,0,"- ","- ",36.599891662597656,-121.89350128173828,MONTEREY,MONTEREY,-121.89344787597656,36.599842071533203
82377961,2024,2024-04-30,2708,2024-04-03,1652,19003,,3,5,6,2708,0,0,0,,0,007,"CENTRAL AVE","LORIMER ST",109.00,E,N,B,-,N,,,,,,,,,,Y,2,0,1,2,A,-,03,22350,,N,D,C,A,A,H,-,A,D,0,,,Y,,Y,,C,02,1,0,0,0,0,0,0,0,1,"- ","- ",,,MONTEREY,SALINAS,-121.66364288330078,36.675788879394531
82377964,2024,2024-04-30,2708,2024-04-07,2107,92575,,7,5,6,2708,0,0,0,,0,002,"PUEBLO DR","WEST CURTIS ST",216.00,W,N,A,-,N,,,,,,,,,,N,2,0,2,2,A,-,03,22350,,N,A,E,A,A,H,-,D,D,0,,,Y,,Y,,C,02,1,1,0,0,0,0,0,0,2,"- ","- ",,,MONTEREY,SALINAS,-121.66165161132812,36.703025817871094
82379035,2024,2024-05-01,2708,2024-03-14,2202,231,2708,4,5,6,2708,0,0,0,,0,004,"EAST LAUREL DR","CONSTITUTION BLVD",266.00,W,N,A,-,N,,,,,,,,,,N,2,0,2,1,A,-,03,22350,,N,E,I,A,A,H,-,C,D,0,,,Y,,Y,,C,02,2,0,0,0,0,0,0,0,2,"- ","- ",,,MONTEREY,SALINAS,-121.63307189941406,36.694927215576172
82404841,2024,2024-06-05,2708,2024-04-14,1823,239,,7,5,6,2708,0,0,0,,0,011,"FREEDOM PKWY","PADOVA DR",483.00,W,N,A,-,N,,,,,,,,,,Y,2,0,1,1,A,-,00,12500,B,N,E,I,A,A,H,-,A,D,0,,,Y,,Y,,C,02,1,0,0,0,0,0,0,0,1,"- ","- ",,,MONTEREY,SALINAS,-121.593505859375,36.681819915771484
82426467,2024,2024-07-01,2708,2024-06-13,"440 ",238,,4,5,6,2708,0,0,0,,0,012,"JOHN ST","SOUTH SANBORN RD",390.00,E,N,A,-,N,,,,,,,,,,Y,2,0,1,3,A,-,11,21954,A,N,G,B,D,A,H,-,D,A,0,Y,,,,Y,,N,60,1,0,0,0,1,0,0,0,0,"- ","- ",,,MONTEREY,SALINAS,-121.62641143798828,36.6693115234375
82508505,2024,2024-07-23,2705,2024-06-06,1905,8,,4,5,3,2705,0,0,0,,0,001,"DIVISION ST","7TH ST",11.00,E,N,A,-,N,,,,,,,,,,N,2,0,1,2,A,-,12,22450,A,N,D,G,A,A,H,-,A,D,0,,Y,,,Y,,L,04,1,0,0,0,0,0,1,0,0,"- ","- ",,,MONTEREY,"KING CITY",-121.12803649902344,36.206356048583984
8285339,2016,2017-02-01,2708,2016-12-12,1443,37923,SALIN,1,5,6,2708,0,0,0,,0,003,"NATIVIDAD RD","SARATOGA DR",0.00,,Y,A,-,N,,,,,,,,,,Y,2,0,2,2,A,-,09,21801,A,N,D,C,A,A,H,-,A,D,0,,,,,Y,,-,,1,1,0,0,0,0,0,0,0,"- ","- ",,,MONTEREY,SALINAS,-121.62932986,36.705270110000001
8291719,2017,2017-02-22,2704,2017-01-11,1149,5321,2704,3,5,3,2704,0,0,0,,0,006,"BLOCK OAK","ALVES LN",0.00,,Y,A,-,N,,,,,,,,,,Y,2,0,1,2,A,-,04,21703,,N,C,C,A,B,H,-,A,D,0,,,,,Y,Y,A,01,1,0,0,0,0,0,0,0,0,"- ","- ",,,MONTEREY,GREENFIELD,-121.22858476,36.32913825
82996884,2024,2024-07-31,2708,2024-05-03,2203,92575,,5,5,6,2708,0,0,0,,0,012,"SYCAMORE RD","AVIS CT",139.00,N,N,A,-,N,,,,,,,,,,N,2,0,1,2,A,-,03,22350,,N,D,C,A,A,H,-,C,D,0,,,Y,,Y,,C,03,1,0,0,0,0,0,0,0,1,"- ","- ",,,MONTEREY,SALINAS,-121.60502624511719,36.674022674560547
82996886,2024,2024-07-31,2708,2024-07-14,1829,53532,,7,5,6,2708,0,0,0,,0,006,"WEST ROSSI ST","RICO ST",0.00,,Y,B,-,N,,,,,,,,,,Y,2,0,2,2,A,-,01,23152,A,F,D,C,A,A,H,-,A,A,0,,,,,Y,Y,A,07,1,0,1,0,0,0,0,0,0,"- ","- ",,,MONTEREY,SALINAS,-121.66150665283203,36.683929443359375
8313288,2017,2017-02-28,2708,2017-01-31,2335,19735,SALIN,2,5,6,2708,0,0,0,,0,008,"MARKET WY","SHERWOOD DR",0.00,,Y,A,-,N,,,,,,,,,,N,2,0,1,2,A,-,05,21650,1,N,D,G,A,A,H,-,C,A,0,,Y,,,Y,,L,04,1,0,0,0,0,0,1,0,0,"- ","- ",,,MONTEREY,SALINAS,-121.65001993,36.678350080000001
8313559,2016,2017-03-08,2708,2016-11-02,1707,76953,SALIN,3,5,6,2708,0,0,0,,0,002,"N MAIN","W CURTIS",0.00,,Y,A,-,N,,,,,,,,,,Y,2,0,1,2,A,-,11,21954,A,N,G,G,A,A,H,-,A,A,0,,Y,,,Y,,-,,1,0,0,0,0,0,1,0,0,"- ","- ",,,MONTEREY,SALINAS,-121.65248995,36.701790109999997
8339866,2017,2017-04-05,2712,2017-03-14,1721,1040,2712,2,5,3,2712,0,0,0,,0,001,"BEACH RD","BEACH RD 150",0.00,,-,A,-,N,,,,,,,,,,N,2,0,1,2,B,-,22,,,N,G,B,F,A,H,-,A,D,0,Y,,,,Y,,A,01,1,0,0,0,1,0,0,0,0,"- ","- ",,,MONTEREY,MARINA,-121.80147502,36.693410210000003
8343535,2017,2017-04-11,2706,2017-03-22,2015,114,MPD,3,5,4,2706,0,0,0,,0,001,"LIGHTHOUSE AV","HOFFMAN AV",150.00,N,N,A,-,N,,,,,,,,,,N,2,0,1,2,A,-,17,21655,,N,G,B,D,A,H,-,C,D,0,Y,,,,Y,Y,N,60,1,0,0,0,1,0,0,0,0,"- ","- ",,,MONTEREY,MONTEREY,-121.90199947000001,36.613899680000003
8345041,2017,2017-04-20,2710,2017-02-26,2026,40391,MARIN,7,5,4,2710,0,0,0,,0,003,"GENERAL JIM MOORE BL","BROADWAY AV",729.00,N,N,A,-,N,,,,,,,,,,N,2,0,1,1,A,-,03,22350,,N,H,J,A,A,H,-,C,D,0,,,Y,,Y,,C,02,1,0,0,0,0,0,0,0,1,"- ","- ",,,MONTEREY,SEASIDE,-121.82193965,36.610338990000002
83490964,2024,2024-08-05,2708,2024-07-06,2228,04113,,6,5,6,2708,0,0,0,,0,011,"EAST BORONDA RD","RIDER AVE",255.00,W,N,A,-,N,,,,,,,,,,N,2,0,1,3,A,-,03,22350,,N,G,B,E,A,H,-,C,C,0,Y,,,,Y,,A,01,1,0,0,0,1,0,0,0,0,"- ","- ",,,MONTEREY,SALINAS,-121.60066986083984,36.700775146484375
8364179,2017,2017-05-23,2708,2017-04-08,0200,18746,,6,5,6,2708,0,0,0,,0,005,"NATIVIDAD RD","LA POSADA WY",480.00,N,N,B,-,N,,,,,,,,,,Y,2,0,3,1,A,-,01,23152,A,N,F,I,A,B,H,-,C,D,0,,,,,Y,Y,-,,1,2,0,0,0,0,0,0,0,"- ","- ",,,MONTEREY,SALINAS,-121.64302825999999,36.692562590000001
8364196,2017,2017-05-24,2708,2017-04-12,1724,28920,SALIN,3,5,6,2708,0,0,0,,0,002,"HARDEN PKWY","REGENCY CIR",400.00,W,N,A,-,N,,,,,,,,,,N,2,0,2,2,A,-,03,22350,,N,D,G,A,A,H,-,A,D,0,,Y,,,Y,,-,,1,1,0,0,0,0,1,0,0,"- ","- ",,,MONTEREY,SALINAS,-121.65059556,36.713675760000001
8390445,2017,2018-07-20,2708,2017-05-10,2340,8925,,3,5,6,2708,0,0,0,,0,012,"SOUTH SANBORN RD","MAYFAIR DR",0.00,,Y,A,-,N,,,,,,,,,,N,2,0,1,2,A,-,08,22107,,F,D,C,A,A,H,-,C,D,0,,,,,Y,,-,,1,0,0,0,0,0,0,0,0,"- ","- ",,,MONTEREY,SALINAS,-121.62785999,36.66771001
84020100,2024,2024-08-12,2708,2024-07-24,"205 ",74137,,3,5,6,2708,0,0,0,,0,009,"WORK ST","SOUTH SANBORN RD",1075.00,N,N,A,-,N,,,,,,,,,,N,2,0,1,2,A,-,10,21950,A,F,G,B,D,A,H,-,C,D,0,Y,,,,Y,,-,99,1,0,0,0,1,0,0,0,0,"- ","- ",,,MONTEREY,SALINAS,-121.63314056396484,36.664070129394531
8404654,2017,2018-05-23,2706,2017-08-15,0018,395,MPD,2,5,4,2706,0,0,0,,0,003,"DEL MONTE AV","CASA VERDE WY",0.00,,Y,A,-,N,,,,,,,,,,N,1,1,0,2,A,-,01,23152,A,N,E,I,A,A,H,-,C,A,0,,,,,Y,Y,A,01,0,0,0,0,0,0,0,0,0,"- ","- ",,,MONTEREY,MONTEREY,-121.86659989,36.602080010000002
8406363,2017,2017-08-04,2708,2017-06-07,2200,06240,WPC,3,5,6,2708,0,0,0,,0,005,"WEST LAUREL DR","ADAMS ST",0.00,,Y,A,-,N,,,,,,,,,,Y,2,0,1,2,A,-,09,21801,A,N,A,C,A,A,H,-,C,A,0,,,,,Y,,-,,1,0,0,0,0,0,0,0,0,"- ","- ",,,MONTEREY,SALINAS,-121.66245999,36.698010089999997
8406391,2017,2017-08-04,2708,2017-06-17,0042,59989,SALIN,6,5,6,2708,0,0,0,,0,006,"NORTH DAVIS RD","LARKIN ST",245.00,N,N,A,-,N,,,,,,,,,,N,2,0,1,2,A,-,11,21954,A,F,G,B,D,A,H,-,C,A,0,Y,,,,Y,,N,60,1,0,0,0,1,0,0,0,0,"- ","- ",,,MONTEREY,SALINAS,-121.66847894,36.694409970000002
8406399,2017,2017-08-04,2708,2017-06-30,1441,53260,,5,5,6,2708,0,0,0,,0,012,"WILLIAMS RD","BORONDA RD",639.00,N,N,A,-,N,,,,,,,,,,Y,2,0,3,1,C,-,18,,,N,-,I,A,A,H,-,A,D,0,,,,,Y,,-,"- ",1,1,1,0,0,0,0,0,0,"- ","- ",,,MONTEREY,SALINAS,-121.58893746,36.690010319999999
8409525,2017,2017-07-24,2712,2017-07-01,1538,1019,2712,6,5,3,2712,0,0,0,,0,001,"SUNSET AV","PALM AV",42.00,S,N,A,-,N,,,,,,,,,,N,2,0,1,2,A,-,11,21954,A,N,D,B,D,A,H,-,A,D,0,Y,,,,Y,,N,60,1,0,0,0,1,0,0,0,0,"- ","- ",,,MONTEREY,MARINA,-121.80102144,36.681999980000001
8410612,2017,2017-07-27,2706,2017-07-12,1834,310,,3,5,4,2706,0,0,0,,0,001,"LIGHTHOUSE AV","FOAM ST",220.00,S,N,A,-,N,,,,,,,,,,N,2,0,1,1,A,-,08,22107,,N,E,I,A,A,H,-,A,D,0,,,Y,,Y,,C,02,1,0,0,0,0,0,0,0,1,"- ","- ",,,MONTEREY,MONTEREY,-121.89498933,36.607419389999997
8414101,2017,2017-08-10,2706,2017-07-30,1309,142,MPD,7,5,4,2706,0,0,0,,0,003,"CASA VERDE WY","DEL MONTE AV",54.00,N,N,A,-,N,,,,,,,,,,N,2,0,1,2,A,-,09,21804,B,N,D,G,A,A,H,-,A,D,0,,Y,,,Y,,A,07,1,0,0,0,0,0,1,0,0,"- ","- ",,,MONTEREY,MONTEREY,-121.86666595,36.602218499999999
8432462,2017,2017-08-24,2708,2017-07-16,1129,52823,,7,5,6,2708,0,0,0,,0,,"EAST LAUREL DR","CONSTITUTION BL",10.00,E,N,A,-,N,,,,,,,,,,,2,0,1,2,A,-,11,21954,A,N,G,B,D,A,H,-,A,A,0,Y,,,,Y,,N,60,1,0,0,0,1,0,0,0,0,"- ","- ",,,MONTEREY,SALINAS,-121.63228372,36.694472480000002
8432655,2017,2017-08-25,2708,2017-07-03,1521,70843,,1,5,6,2708,0,0,0,,0,,"EAST ALVIN DR","MCKINNON ST",0.00,,Y,B,-,N,,,,,,,,,,Y,2,0,3,2,A,-,12,21453,A,N,A,C,A,A,H,-,A,A,0,,,,,Y,,-,,1,1,1,0,0,0,0,0,0,"- ","- ",,,MONTEREY,SALINAS,-121.64585,36.707230080000002
84362962,2024,2024-08-21,2708,2024-08-05,"548 ",146,,1,5,6,2708,0,0,0,,0,011,"WILLIAMS RD","SOUTH PROLONGATION OF BORONDA RD",191.00,S,N,A,-,N,,,,,,,,,,Y,2,0,2,2,A,-,01,23153,B,N,D,C,A,A,H,-,B,D,0,,,,,Y,Y,A,01,1,1,0,0,0,0,0,0,0,"- ","- ",,,MONTEREY,SALINAS,,
84374292,2024,2024-08-29,2712,2024-08-19,1941,1219,,1,5,3,2712,0,0,0,,0,03B,"BROSTROM DR","CARPENTER CT",0.00,,Y,A,-,N,,,,,,,,,,N,2,0,1,2,A,-,12,22450,A,N,D,G,A,A,H,-,B,D,0,,Y,,,Y,,L,04,1,0,0,0,0,0,1,0,0,"- ","- ",36.665859222412109,-121.77433776855469,MONTEREY,MARINA,-121.77664947509766,36.665973663330078
84383316,2024,2024-09-06,2708,2024-07-31,1603,58125,,3,5,6,2708,0,0,0,,0,004,"CONSTITUTION BLVD","INDEPENDENCE BLVD",501.00,N,N,A,-,N,,,,,,,,,,Y,2,0,2,3,A,-,09,21801,A,N,D,C,A,A,H,-,A,D,0,,,,,Y,,A,08,1,1,0,0,0,0,0,0,0,"- ","- ",,,MONTEREY,SALINAS,-121.61978149414062,36.700359344482422
84405383,2024,2024-09-24,2706,2024-09-14,1044,215,,6,5,4,2706,0,0,0,,0,002,"PACIFIC ST","VIA ARBOLES",111.00,S,N,B,-,N,,,,,,,,,,N,2,0,1,2,A,-,08,22107,,N,C,G,A,A,H,-,A,D,0,,Y,,,Y,,A,01,1,0,0,0,0,0,1,0,0,"- ","- ",36.586299896240234,-121.90157318115234,MONTEREY,MONTEREY,-121.9017333984375,36.586162567138672
84424021,2024,2024-10-09,2706,2024-09-20,2003,824,,5,5,4,2706,0,0,0,,0,002,"CALLE PRINCIPAL","DEL MONTE AVE",6.00,S,N,A,-,N,,,,,,,,,,Y,1,1,0,2,A,-,08,22100,B,N,G,B,B,A,H,-,C,A,0,Y,,,,Y,,D,22,0,0,0,1,0,0,0,0,0,"- ","- ",,,MONTEREY,MONTEREY,-121.89463043212891,36.600994110107422
84425540,2024,2024-10-10,2712,2024-05-16,2205,1073,,4,5,3,2712,0,0,0,,0,03B,"IMJIN PKWY","MARINA HEIGHTS DRIVE",69.00,W,N,A,F,N,,,,,,,,,,Y,2,0,5,2,D,-,00,,,N,D,C,A,A,B,D,D,A,0,,,,,Y,,-,"- ",2,1,2,0,0,0,0,0,0,"- ","- ",,,MONTEREY,MARINA,-121.78421783447266,36.662799835205078
8442737,2017,2017-08-31,2712,2017-08-16,1949,1062,2712,3,5,3,2712,0,0,0,,0,001,"RESERVATION RD","CALIFORNIA AV",19.00,W,N,A,-,N,,,,,,,,,,Y,2,0,1,1,A,-,08,22107,,N,A,I,A,A,H,-,C,A,0,,,,,Y,,A,01,1,0,0,0,0,0,0,0,0,"- ","- ",,,MONTEREY,MARINA,-121.78494542999999,36.680627049999998
84448367,2024,2024-10-29,2708,2024-10-04,1349,59989,,5,5,6,2708,0,0,0,,0,009,"SOUTH MAIN ST","SAN MIGUEL AVE",8.00,S,N,A,-,N,,,,,,,,,,N,2,0,1,2,A,-,10,21950,C,N,G,B,D,A,H,-,A,D,0,Y,,,,Y,Y,A,01,1,0,0,0,1,0,0,0,0,"- ","- ",,,MONTEREY,SALINAS,-121.65876007080078,36.659709930419922
84465182,2024,2024-11-14,2708,2024-10-16,1938,245,,3,5,6,2708,0,0,0,,0,010,"E ALISAL ST","N HEBBRON AVE",203.00,W,N,A,-,N,,,,,,,,,,N,2,0,1,2,A,-,11,21954,A,N,G,B,D,A,H,-,D,A,0,Y,,,,Y,Y,N,60,1,0,0,0,1,0,0,0,0,"- ","- ",,,MONTEREY,SALINAS,-121.6329345703125,36.673442840576172
8447770,2017,2018-06-12,2708,2017-07-30,1342,66372,MUNIC,7,5,6,2708,0,0,0,,0,009,"SOUTH MAIN ST","JOHN ST",0.00,,Y,A,-,Y,MON,5,68,-,-,21.074,I,5,E,Y,2,0,1,2,A,-,12,21453,A,N,D,C,A,A,H,-,A,A,0,,,,,Y,,-,,1,0,0,0,0,0,0,0,0,"- ","- ",,,MONTEREY,SALINAS,-121.65481692,36.671073319999998
84501181,2024,2024-12-13,2706,2024-11-27,1339,181,,3,5,4,2706,0,0,0,,0,003,"N FREMONT","PALO VERDE AVE",0.00,,Y,A,-,Y,,,,,,,,,,Y,2,0,1,2,A,-,09,21800,A,N,D,C,A,A,H,-,A,D,0,,,,,Y,,A,07,1,0,0,0,0,0,0,0,0,"- ","- ",,,MONTEREY,MONTEREY,-121.86552429199219,36.595638275146484