CASE_ID,ACCIDENT_YEAR,PROC_DATE,JURIS,COLLISION_DATE,COLLISION_TIME,OFFICER_ID,REPORTING_DISTRICT,DAY_OF_WEEK,CHP_SHIFT,POPULATION,CNTY_CITY_LOC,SPECIAL_COND,BEAT_TYPE,CHP_BEAT_TYPE,CITY_DIVISION_LAPD,CHP_BEAT_CLASS,BEAT_NUMBER,PRIMARY_RD,SECONDARY_RD,DISTANCE,DIRECTION,INTERSECTION,WEATHER_1,WEATHER_2,STATE_HWY_IND,CALTRANS_COUNTY,CALTRANS_DISTRICT,STATE_ROUTE,ROUTE_SUFFIX,POSTMILE_PREFIX,POSTMILE,LOCATION_TYPE,RAMP_INTERSECTION,SIDE_OF_HWY,TOW_AWAY,COLLISION_SEVERITY,NUMBER_KILLED,NUMBER_INJURED,PARTY_COUNT,PRIMARY_COLL_FACTOR,PCF_CODE_OF_VIOL,PCF_VIOL_CATEGORY,PCF_VIOLATION,PCF_VIOL_SUBSECTION,HIT_AND_RUN,TYPE_OF_COLLISION,MVIW,PED_ACTION,ROAD_SURFACE,ROAD_COND_1,ROAD_COND_2,LIGHTING,CONTROL_DEVICE,CHP_ROAD_TYPE,PEDESTRIAN_ACCIDENT,BICYCLE_ACCIDENT,MOTORCYCLE_ACCIDENT,TRUCK_ACCIDENT,NOT_PRIVATE_PROPERTY,ALCOHOL_INVOLVED,STWD_VEHTYPE_AT_FAULT,CHP_VEHTYPE_AT_FAULT,COUNT_SEVERE_INJ,COUNT_VISIBLE_INJ,COUNT_COMPLAINT_PAIN,COUNT_PED_KILLED,COUNT_PED_INJURED,COUNT_BICYCLIST_KILLED,COUNT_BICYCLIST_INJURED,COUNT_MC_KILLED,COUNT_MC_INJURED,PRIMARY_RAMP,SECONDARY_RAMP,LATITUDE,LONGITUDE,COUNTY,CITY,POINT_X,POINT_Y
84504459,2024,2024-12-16,2706,2024-11-26,2031,530,,2,5,4,2706,0,0,0,,0,003,"MONTECITO AVE","RAMONA AVE",46.00,W,N,A,-,N,,,,,,,,,,Y,2,0,1,2,C,-,18,,,N,C,E,A,A,H,-,C,D,0,,,,,Y,,-,"- ",1,0,0,0,0,0,0,0,0,"- ","- ",,,MONTEREY,MONTEREY,-121.86042785644531,36.600357055664062
84527798,2024,2025-01-07,2706,2024-12-24,1110,627,,2,5,4,2706,0,0,0,,0,003,"HWY 68","CANYON DEL REY BLVD",0.00,E,N,B,C,Y,MON,,68," "," ",6.811,H,,R,Y,1,1,3,3,A,-,03,22350,,N,A,C,A,B,H,-,A,D,0,,,,,Y,,A,07,2,1,0,0,0,0,0,0,0,"- ","- ",36.580909729003906,-121.82797241210938,MONTEREY,MONTEREY,-121.82797241210938,36.580909729003906
84534341,2024,2025-01-13,2708,2024-10-05,"120 ",238,,6,5,6,2708,0,0,0,,0,001,"BORONDA RD","NORTH MAIN ST",505.00,E,N,A,-,N,,,,,,,,,,Y,2,0,2,1,A,-,03,22350,,N,E,I,A,A,H,-,C,D,0,,,,,Y,Y,A,01,1,0,1,0,0,0,0,0,0,"- ","- ",,,MONTEREY,SALINAS,-121.65452575683594,36.721405029296875
84534353,2024,2025-01-13,2708,2024-10-22,1425,56105,,2,5,6,2708,0,0,0,,0,012,"PALOMA AVE","TAMPA ST",90.00,N,N,A,-,N,,,,,,,,,,N,2,0,1,2,A,-,08,22107,,N,C,E,A,A,H,-,A,D,0,,,Y,,Y,,C,02,1,0,0,0,0,0,0,0,1,"- ","- ",,,MONTEREY,SALINAS,-121.61044311523438,36.673545837402344
84534393,2024,2025-01-13,2708,2024-12-21,1020,247,,6,5,6,2708,0,0,0,,0,007,"HITCHCOCK RD","SALINAS ANIMAL SHELTER RD",0.00,,Y,B,-,N,,,,,,,,,,Y,2,0,2,2,A,-,03,22350,,N,D,C,A,D,H,-,A,D,0,,,,,Y,,A,01,1,1,0,0,0,0,0,0,0,"- ","- ",,,MONTEREY,SALINAS,,
84543413,2025,2025-01-21,2705,2025-01-05,1723,22,,7,5,3,2705,0,0,0,,0,002,"DIVISION ST","S SAN LORENZO ST",0.00,,Y,A,-,N,,,,,,,,,,N,2,0,1,2,A,-,09,21802,A,F,D,G,A,A,H,-,B,D,0,,Y,,,Y,,D,22,1,0,0,0,0,0,1,0,0,"- ","- ",,,MONTEREY,"KING CITY",-121.12718200683594,36.206794738769531
84560406,2024,2025-02-10,2708,2024-12-17,1721,50995,,2,5,6,2708,0,0,0,,0,,"NATIVIDAD RD","LOS COCHES AVE",0.00,,Y,A,-,N,,,,,,,,,,N,2,0,1,2,A,-,08,22107,,N,D,C,A,A,H,-,A,A,0,,,,,Y,,A,01,1,0,0,0,0,0,0,0,0,"- ","- ",,,MONTEREY,SALINAS,-121.6275634765625,36.70703125
84580616,2024,2025-02-17,2708,2024-12-19,2308,235,,4,5,6,2708,0,0,0,,0,008,"1200 BLOCK N DAVIS RD","1295 N DAVIS RD",0.00,,Y,A,-,N,,,,,,,,,,Y,2,0,1,2,A,-,08,22107,,F,D,C,A,A,H,-,C,D,0,,,Y,,Y,Y,A,01,1,0,0,0,0,0,0,0,0,"- ","- ",,,MONTEREY,SALINAS,-121.67473602294922,36.684253692626953
84580641,2025,2025-02-17,2708,2025-01-28,"844 ",53260,,2,5,6,2708,0,0,0,,0,009,"PALMA DR","SAN VINCENTE AVE",102.00,N,N,A,-,N,,,,,,,,,,N,2,0,1,3,A,-,08,22107,,N,G,B,E,A,H,-,A,D,0,Y,,,,Y,,A,01,1,0,0,0,1,0,0,0,0,"- ","- ",,,MONTEREY,SALINAS,-121.67032623291016,36.665416717529297
84592341,2025,2025-03-03,2708,2025-02-07,1552,92575,,5,5,6,2708,0,0,0,,0,005,"NATIVIDAD RD","SORRENTINI DR",0.00,,Y,A,-,N,,,,,,,,,,Y,2,0,1,2,A,-,11,21954,A,N,G,B,B,A,H,-,A,A,0,Y,,,,Y,,N,60,1,0,0,0,1,0,0,0,0,"- ","- ",,,MONTEREY,SALINAS,-121.64048767089844,36.6944580078125
84649184,2024,2025-04-15,2708,2024-09-01,2010,129,,7,5,6,2708,0,0,0,,0,008,"JOHN ST","FRONT ST",0.00,,Y,A,-,N,,,,,,,,,,N,2,0,2,3,A,-,10,21950,A,F,G,B,D,A,H,-,C,D,0,Y,,,,Y,Y,A,01,1,1,0,0,2,0,0,0,0,"- ","- ",,,MONTEREY,SALINAS,-121.64840698242188,36.669628143310547
84667402,2025,2025-04-29,2708,2025-03-02,"225 ",31945,,7,5,6,2708,0,0,0,,0,010,"EAST MARKET ST","N HEBBRON AVE",0.00,,Y,A,C,N,,,,,,,,,,N,2,0,1,2,A,-,11,21453,D,F,G,B,B,B,H,-,C,A,0,Y,,,,Y,,N,60,1,0,0,0,1,0,0,0,0,"- ","- ",,,MONTEREY,SALINAS,-121.63172149658203,36.676548004150391
8466863,2017,2017-10-12,2712,2017-09-25,0726,1073,2712,1,5,3,2712,0,0,0,,0,001,"DEL MONTE BL","MARINA GREEN DR",15.00,N,N,A,-,N,,,,,,,,,,N,2,0,1,2,A,-,10,21950,A,N,G,B,B,A,H,-,B,A,0,Y,,,,Y,,D,22,1,0,0,0,1,0,0,0,0,"- ","- ",,,MONTEREY,MARINA,-121.79199259000001,36.699584799999997
84681260,2025,2025-05-09,2706,2025-05-04,1621,103,,7,5,4,2706,0,0,0,,0,003,"CASA VERDE WAY","DEL MONTE AVE",126.00,N,N,B,-,N,,,,,,,,,,N,2,0,1,2,B,-,22,,,N,B,C,A,A,H,-,A,D,0,,,Y,,Y,,C,02,1,0,0,0,0,0,0,0,1,"- ","- ",,,MONTEREY,MONTEREY,-121.86675262451172,36.602405548095703
84684683,2025,2025-05-13,2708,2025-04-20,2029,98751,,7,5,6,2708,0,0,0,,0,009,"SOUTH MAIN ST","ORANGE DR",118.00,S,N,A,-,N,,,,,,,,,,Y,2,0,1,2,A,-,11,21954,A,N,G,B,D,A,H,-,C,D,0,Y,,,,Y,,N,60,1,0,0,0,1,0,0,0,0,"- ","- ",,,MONTEREY,SALINAS,-121.65857696533203,36.660247802734375
84693172,2024,2025-05-20,2712,2024-11-14,1841,1257,,4,5,3,2712,0,0,0,,0,03B,"CALIFORNIA AVE","IMJIN PARKWAY",0.00,,N,A,-,N,,,,,,,,,,N,2,0,1,1,D,-,00,,,N,E,I,A,A,H,-,D,D,0,,Y,,,Y,,-,"- ",1,0,0,0,0,0,1,0,0,"- ","- ",,,MONTEREY,MARINA,-121.79676818847656,36.666297912597656
84704471,2025,2025-05-29,2708,2025-05-05,"7   ",13123,,1,5,6,2708,0,0,0,,0,012,"EAST MARKET ST","EUCALYPTUS DR",29.00,N,N,A,-,N,,,,,,,,,,Y,2,0,2,1,A,-,01,23152,A,N,E,I,A,A,H,-,C,A,0,,,,,Y,Y,A,07,1,1,0,0,0,0,0,0,0,"- ","- ",,,MONTEREY,SALINAS,-121.62349700927734,36.677150726318359
84710513,2025,2025-06-03,2708,2025-05-14,2230,253,,3,5,6,2708,0,0,0,,0,009,"ABBOTT ST","LOS PALOS DR",536.00,S,N,A,-,N,,,,,,,,,,Y,2,0,2,2,A,-,05,21651,B,N,D,C,A,A,H,-,C,D,0,,,,,Y,,A,01,1,1,0,0,0,0,0,0,0,"- ","- ",,,MONTEREY,SALINAS,-121.64076232910156,36.661117553710938
84713672,2025,2025-06-05,2705,2025-05-12,"330 ",20,,1,5,3,2705,0,0,0,,0,001,"SAN ANTONIO DR","HEIRLOOM PL",161.00,W,N,A,-,N,,,,,,,,,,N,2,0,1,2,A,-,21,22106,,N,G,B,E,A,H,-,C,D,0,Y,,,,Y,,A,01,1,0,0,0,1,0,0,0,0,"- ","- ",,,MONTEREY,"KING CITY",-121.13084411621094,36.220146179199219
84715667,2025,2025-06-06,2706,2025-06-03,1039,939,,2,5,4,2706,0,0,0,,0,003,"FREMONT ST","CASANOVA AVE",286.00,E,N,A,-,N,,,,,,,,,,N,2,0,1,2,A,-,09,21804,A,N,B,G,A,A,H,-,A,D,0,,Y,,,Y,,L,04,1,0,0,0,0,0,1,0,0,"- ","- ",36.597579956054688,-121.85317993164062,MONTEREY,MONTEREY,-121.85231781005859,36.597949981689453
84717301,2025,2025-06-09,2708,2025-04-24,2359,241,,4,5,6,2708,0,0,0,,0,003,"NATIVIDAD RD","EAST BORONDA RD",2112.00,N,N,A,-,N,,,,,,,,,,Y,2,0,2,2,A,-,01,23152,A,N,A,C,A,A,H,-,D,D,0,,,,,Y,Y,A,01,1,1,0,0,0,0,0,0,0,"- ","- ",,,MONTEREY,SALINAS,-121.6236572265625,36.715549468994141
84738548,2025,2025-06-27,2706,2025-06-11,2246,273,,3,5,4,2706,0,0,0,,0,001,"JEFFERSON ST","PEBBLE ST",129.00,E,N,A,-,N,,,,,,,,,,N,2,0,1,2,D,-,00,,,F,G,B,E,A,H,-,D,D,0,Y,,,,Y,Y,-,"- ",1,0,0,0,1,0,0,0,0,"- ","- ",36.600269317626953,-121.9046630859375,MONTEREY,MONTEREY,-121.90412902832031,36.600162506103516
84752592,2025,2025-07-18,2712,2025-06-24,1357,1237,,2,5,3,2712,0,0,0,,0,01A,"DEL MONTE BLVD","3306 DEL MONTE BLVD",22.00,S,N,A,-,N,,,,,,,,,,Y,2,0,3,3,A,-,21,22106,,N,D,C,A,A,H,-,A,D,0,,,,,Y,Y,A,01,3,0,0,0,0,0,0,0,0,"- ","- ",,,MONTEREY,MARINA,-121.85903930664062,36.605869293212891
8476170,2017,2017-10-27,2708,2017-08-28,1052,19702,SPD,1,5,6,2708,0,0,0,,0,001,"MAIN ST","BORONDA RD",350.00,S,N,A,-,N,,,,,,,,,,Y,2,0,2,2,A,-,12,21453,A,N,D,C,A,A,H,-,A,A,0,,,,,Y,,-,,1,0,1,0,0,0,0,0,0,"- ","- ",,,MONTEREY,SALINAS,-121.65612864000001,36.720678040000003
8476372,2017,2017-10-25,2708,2017-09-01,1529,66372,,5,5,6,2708,0,0,0,,0,,"SAN MIGUEL","PAJARO ST",125.00,W,N,A,-,N,,,,,,,,,,Y,2,0,1,2,A,-,11,21954,A,N,G,B,E,A,H,-,A,A,0,Y,,,,Y,,N,60,1,0,0,0,1,0,0,0,0,"- ","- ",,,MONTEREY,SALINAS,-121.65639645,36.659143399999998
8485500,2017,2017-12-05,2708,2017-10-20,0115,56525,SALIN,5,5,6,2708,0,0,0,,0,010,"KERN ST","ROOSEVELT ST",122.00,S,N,C,-,N,,,,,,,,,,Y,2,0,1,2,A,-,01,23152,A,F,C,E,A,B,H,-,C,D,0,,,,,Y,Y,-,,1,0,0,0,0,0,0,0,0,"- ","- ",,,MONTEREY,SALINAS,-121.64039079,36.675488430000001
8486923,2017,2017-12-01,2712,2017-10-29,1715,1088,2712,7,5,3,2712,0,0,0,,0,001,"MONTE BL","BEACH RD",0.00,,Y,B,-,N,,,,,,,,,,Y,2,0,1,1,A,-,03,22350,,N,A,I,A,A,H,-,A,D,0,,,Y,,Y,Y,C,02,1,0,0,0,0,0,0,0,1,"- ","- ",,,MONTEREY,MARINA,-121.79756641,36.693530420000002
8492341,2017,2017-11-29,2706,2017-10-27,1139,114,MPD,5,5,4,2706,0,0,0,,0,002,"FIGUEROA ST","DEL MONTE AV",8.00,E,N,A,-,N,,,,,,,,,,N,2,0,1,2,A,-,12,21453,A,N,D,G,A,A,H,-,A,A,0,,Y,,,Y,,L,04,1,0,0,0,0,0,1,0,0,"- ","- ",,,MONTEREY,MONTEREY,-121.89003593,36.600281729999999
8492824,2017,2017-12-26,2706,2017-10-27,0311,627,MPD,5,5,4,2706,0,0,0,,0,002,"DEL MONTE AV","WASHINGTON ST",16.00,E,N,A,-,N,,,,,,,,,,Y,2,0,1,1,A,-,01,23152,A,N,A,I,A,A,H,-,C,A,0,,,,,Y,Y,D,22,1,0,0,0,0,0,0,0,0,"- ","- ",,,MONTEREY,MONTEREY,-121.89229186,36.600639370000003
8492881,2017,2017-12-04,2708,2017-10-15,0124,07903,EAST,7,5,6,2708,0,0,0,,0,011,"EAST BORONDA RD","SANBORN RD",0.00,N,N,A,-,N,,,,,,,,,,Y,2,0,2,1,A,-,03,22350,,N,E,I,A,A,H,-,C,D,0,,,,,Y,,-,,2,0,0,0,0,0,0,0,0,"- ","- ",,,MONTEREY,SALINAS,-121.59578992,36.695020110000002
8492921,2017,2017-12-04,2708,2017-10-08,1958,74125,,7,5,6,2708,0,0,0,,0,012,"DEL MONTE AV","WILLIAMS RD",0.00,,Y,A,-,N,,,,,,,,,,Y,2,0,3,3,A,-,08,22107,,F,D,C,A,A,H,-,C,A,0,,,,,Y,,-,,2,0,1,0,0,0,0,0,0,"- ","- ",,,MONTEREY,SALINAS,-121.60429995,36.68120004
8492936,2017,2017-12-06,2708,2017-10-28,2152,54372,,6,5,6,2708,0,0,0,,0,011,"NORTH SANBORN RD","GARNER AV",520.00,N,N,A,-,N,,,,,,,,,,Y,2,0,1,3,A,-,08,22107,,F,G,B,E,A,H,-,C,D,0,Y,,,,Y,Y,-,,1,0,0,0,1,0,0,0,0,"- ","- ",,,MONTEREY,SALINAS,-121.61368358,36.687025400000003
8492948,2017,2018-10-24,2708,2017-10-24,1938,50883,SALIN,2,5,6,2708,0,0,0,,0,001,"NORTH MAIN ST","W LAMAR ST",6.00,N,N,A,-,N,,,,,,,,,,N,1,1,1,3,A,-,10,21950,A,F,G,B,B,A,H,-,C,A,0,Y,,,,Y,,-,,1,0,0,1,1,0,0,0,0,"- ","- ",,,MONTEREY,SALINAS,-121.65640953,36.723666479999999
8510597,2017,2017-12-19,2708,2017-11-29,1146,49532,SALIN,3,5,6,2708,0,0,0,,0,001,"BORONDA RD","SAN JUAN GRADE RD",0.00,,Y,A,-,N,,,,,,,,,,Y,2,0,2,2,A,-,08,22100,B,N,D,C,A,A,H,-,A,A,0,,,,,Y,,A,01,1,0,1,0,0,0,0,0,0,"- ","- ",,,MONTEREY,SALINAS,-121.65117988999999,36.719790109999998
8510747,2017,2017-12-19,2708,2017-09-13,1647,13133,,3,5,6,2708,0,0,0,,0,008,"EAST MARKET ST","PEACH DR",0.00,,Y,A,-,N,,,,,,,,,,N,2,0,1,2,A,-,09,21802,A,N,G,G,A,A,H,-,A,D,0,,Y,,,Y,,L,04,1,0,0,0,0,0,1,0,0,"- ","- ",,,MONTEREY,SALINAS,-121.64756987,36.678700110000001
8531578,2017,2018-01-22,2706,2017-12-15,1730,716,2706,5,5,4,2706,0,0,0,,0,001,"LIGHTHOUSE AV","DAVID AV",0.00,,Y,A,-,N,,,,,,,,,,N,2,0,1,2,A,-,10,21950,A,N,G,B,B,A,H,-,C,A,0,Y,,,,Y,Y,D,22,1,0,0,0,1,0,0,0,0,"- ","- ",,,MONTEREY,MONTEREY,-121.90446993,36.616790039999998
8540556,2017,2018-01-29,2708,2017-12-07,1647,53268,,4,5,6,2708,0,0,0,,0,003,"EAST BORONDA RD",MCKINNON,270.00,E,N,A,-,N,,,,,,,,,,Y,2,0,1,2,A,-,03,22350,,F,-,C,A,A,H,-,C,A,0,,,,,Y,,-,,1,0,0,0,0,0,0,0,0,"- ","- ",,,MONTEREY,SALINAS,-121.64275686000001,36.71692358
8554078,2018,2018-08-01,2708,2018-01-14,2021,589,,7,5,6,2708,0,0,0,,0,008,"RT 183","PALMETTO ST",0.00,,Y,A,-,Y,MON,5,183,-,-,0.920,I,5,S,N,2,0,1,2,A,-,11,21954,A,N,G,B,D,A,H,-,C,D,0,Y,,,,Y,Y,N,60,1,0,0,0,1,0,0,0,0,"- ","- ",,,MONTEREY,SALINAS,-121.65897369384766,36.678672790527344
8559055,2018,2018-02-23,2708,2018-01-08,1738,05048,,1,5,6,2708,0,0,0,,0,006,"MAIN ST","CASENTINI ST",250.00,N,N,C,-,N,,,,,,,,,,Y,2,0,4,3,A,-,03,22350,,N,C,C,A,B,H,-,C,D,0,,,,,Y,,A,01,3,0,1,0,0,0,0,0,0,"- ","- ",,,MONTEREY,SALINAS,-121.65277099609375,36.684970855712891
8559079,2018,2018-02-23,2708,2018-01-07,0553,59989,SALIN,7,5,6,2708,0,0,0,,0,007,"ALISAL ST","COLLEGE DR",193.00,E,N,E,-,N,,,,,,,,,,Y,2,0,1,1,A,-,03,22350,,N,A,I,A,A,H,-,C,D,0,,,,,Y,,A,01,1,0,0,0,0,0,0,0,0,"- ","- ",,,MONTEREY,SALINAS,-121.6700439453125,36.671543121337891
8582533,2018,2018-03-26,2708,2018-02-15,1624,04125,,4,5,6,2708,0,0,0,,0,011,"LAS CASITAS","CONSTITUTION BL",3.00,E,N,A,-,N,,,,,,,,,,N,2,0,1,2,A,-,12,22450,A,N,D,G,A,A,H,-,A,D,0,,Y,,,Y,,-,,1,0,0,0,0,0,1,0,0,"- ","- ",,,MONTEREY,SALINAS,-121.61258697509766,36.698772430419922
8582534,2018,2018-03-23,2708,2018-02-02,1824,31967,SALIN,5,5,6,2708,0,0,0,,0,012,"WILLIAMS RD",GRANDHAVEN,0.00,,Y,A,-,N,,,,,,,,,,Y,2,0,3,2,A,-,01,23152,A,F,D,C,A,A,H,-,D,D,0,,,,,Y,Y,-,,1,0,2,0,0,0,0,0,0,"- ","- ",,,MONTEREY,SALINAS,-121.61196899414062,36.676830291748047
8582897,2018,2018-03-28,2710,2018-01-19,1221,37346,,5,5,4,2710,0,0,0,,0,02B,"LA SALLE","VALLEJO ST",88.00,W,N,-,-,N,,,,,,,,,,Y,2,0,1,2,A,-,09,21804,A,N,D,B,A,A,H,-,A,D,0,,,Y,,Y,,A,01,1,0,0,0,0,0,0,0,1,"- ","- ",,,MONTEREY,SEASIDE,-121.83207702636719,36.61669921875
8587946,2018,2018-05-07,2708,2018-03-18,1337,75635,SALIN,7,5,6,2708,0,0,0,,0,,"N 1ST ST","WEST CURTIS ST",50.00,N,N,A,-,N,,,,,,,,,,N,2,0,1,2,A,-,09,21801,A,N,D,G,A,A,H,-,C,D,0,,Y,,,Y,,D,22,1,0,0,0,0,0,1,0,0,"- ","- ",,,MONTEREY,SALINAS,-121.65491485595703,36.701614379882812
8589497,2018,2018-04-05,2706,2018-03-26,0815,635,MPD,1,5,4,2706,0,0,0,,0,001,LIGHTHOUSE,PACIFIC,141.00,S,N,A,-,N,,,,,,,,,,Y,2,0,1,3,A,-,08,22107,,N,B,C,A,A,H,-,A,D,0,,,Y,,Y,,C,02,1,0,0,0,0,0,0,0,1,"- ","- ",,,MONTEREY,MONTEREY,-121.92230987548828,36.623245239257812
8604021,2018,2018-07-20,2710,2018-03-25,1948,40400,SEASI,7,5,4,2710,0,0,0,,0,2T3,"CANYON DEL REY","SONOMA AV",0.00,,Y,A,-,Y,MON,5,218,-,L,0.300,H,-,W,Y,2,0,1,2,A,-,"- ",,,N,A,B,D,A,H,-,C,A,0,Y,,,,Y,,-,"- ",1,0,0,0,1,0,0,0,0,"- ","- ",,,MONTEREY,SEASIDE,-121.85546112060547,36.606937408447266
8609558,2018,2018-04-27,2708,2018-03-18,1830,19003,,7,5,6,2708,0,0,0,,0,010,"EAST MARKET ST","N HEBBRON",190.00,W,N,A,-,N,,,,,,,,,,Y,2,0,4,5,A,-,01,23152,A,N,B,E,F,A,H,-,B,A,0,Y,,,,Y,Y,-,,2,2,0,0,1,0,0,0,0,"- ","- ",,,MONTEREY,SALINAS,-121.63236236572266,36.676616668701172
8610800,2018,2018-05-08,2708,2018-02-19,1603,25182,,1,5,6,2708,0,0,0,,0,002,"NORTH MAIN ST","CHAPARRAL ST",110.00,S,N,A,-,N,,,,,,,,,,N,2,0,1,1,C,-,18,,,N,F,A,A,A,H,-,A,D,0,,,Y,,Y,,-,"- ",1,0,0,0,0,0,0,0,1,"- ","- ",,,MONTEREY,SALINAS,-121.65287017822266,36.703731536865234
8613517,2017,2018-05-22,2705,2017-09-03,0500,K23127,2705,7,5,3,2705,0,0,0,,0,,"S 1ST ST","DIVISION ST",0.00,,Y,B,-,N,,,,,,,,,,Y,2,0,1,1,A,-,03,22350,,N,A,I,A,A,H,-,C,D,0,,,,,Y,,-,,1,0,0,0,0,0,0,0,0,"- ","- ",,,MONTEREY,"KING CITY",-121.12012996999999,36.210560049999998
8617311,2018,2018-05-24,2708,2018-04-13,1411,54370,,5,5,6,2708,0,0,0,,0,002,"MAYFAIR DR","S SAN BORN RD",450.00,E,N,A,-,N,,,,,,,,,,N,2,0,1,2,A,-,10,21952,,N,G,B,D,A,H,-,A,D,0,Y,,,,Y,,-,,1,0,0,0,1,0,0,0,0,"- ","- ",,,MONTEREY,SALINAS,-121.62644958496094,36.668102264404297
8617512,2018,2018-05-23,2708,2018-04-17,2308,75362,SALIN,2,5,6,2708,0,0,0,,0,001,"NATIVIDAD RD","ROGGE RD",2085.00,S,N,A,-,N,,,,,,,,,,Y,2,0,1,1,A,-,08,22107,,N,H,A,A,A,H,-,D,D,0,,,,,Y,,-,,1,0,0,0,0,0,0,0,0,"- ","- ",,,MONTEREY,SALINAS,-121.62059020996094,36.723808288574219
8619149,2018,2018-05-23,2712,2018-04-16,2018,1057,2712,1,5,3,2712,0,0,0,,0,001,"IMJIN PW","IMJIN RD",237.00,W,N,A,-,N,,,,,,,,,,Y,2,0,4,5,A,-,03,22350,,N,H,C,F,B,H,-,B,A,0,Y,,,,Y,,D,22,2,2,0,0,2,0,0,0,0,"- ","- ",,,MONTEREY,MARINA,-121.79208374023438,36.662025451660156
8623989,2018,2018-07-26,2708,2018-03-31,0810,19120,SALIN,6,5,6,2708,0,0,0,,0,007,"RT 68","WEST ACACIA ST",10.00,N,N,A,-,Y,MON,5,68,-,-,20.610,I,5,E,N,2,0,1,2,A,-,10,21950,A,F,G,B,B,A,H,-,A,A,0,Y,,,,Y,,-,99,1,0,0,0,1,0,0,0,0,"- ","- ",,,MONTEREY,SALINAS,-121.65711212158203,36.664546966552734
8636128,2018,2018-06-21,2706,2018-06-02,0750,851,,6,5,4,2706,0,0,0,,0,003,"LIGHTHOUSE SB TUNNEL AV","PACIFIC ST",500.00,S,N,A,-,N,,,,,,,,,,Y,2,0,1,2,A,-,07,21658,A,N,B,C,A,A,H,-,A,D,0,,,,,Y,,A,01,1,0,0,0,0,0,0,0,0,"- ","- ",,,MONTEREY,MONTEREY,,
8639063,2018,2018-07-13,2707,2018-05-23,0401,2234,2707,3,5,3,2707,0,0,0,,0,001,"FOREST AV","FOREST HILL BL",168.00,S,N,B,C,Y,,,,,,,,,,Y,2,0,2,1,C,-,18,,,N,A,I,A,B,H,-,C,D,0,,,,,Y,,-,"- ",1,1,0,0,0,0,0,0,0,"- ","- ",,,MONTEREY,"PACIFIC GROVE",-121.92204284667969,36.606681823730469
8643706,2018,2018-06-28,2708,2018-05-15,1738,58583,2708,2,5,6,2708,0,0,0,,0,004,"EAST ALVIN DR","LASSEN AV",5.00,N,N,A,-,N,,,,,,,,,,Y,2,0,1,2,A,-,09,21802,A,F,D,C,A,A,H,-,A,D,0,,,,,Y,,A,08,1,0,0,0,0,0,0,0,0,"- ","- ",,,MONTEREY,SALINAS,-121.63866424560547,36.70550537109375
8643738,2018,2018-06-28,2708,2018-05-10,1548,30347,2708,4,5,6,2708,0,0,0,,0,005,"RAINIER DR",MODOC,14.00,E,N,A,-,N,,,,,,,,,,Y,2,0,1,2,A,-,08,22107,A,N,A,C,A,A,H,-,A,D,0,,,,,Y,,-,"- ",1,0,0,0,0,0,0,0,0,"- ","- ",,,MONTEREY,SALINAS,-121.63746643066406,36.701686859130859
8643741,2018,2018-06-29,2708,2018-05-01,2008,56525,SPD,2,5,6,2708,0,0,0,,0,010,"EAST LAUREL DR","ST EDWARDS AV",156.00,E,N,A,-,N,,,,,,,,,,Y,2,0,1,1,A,-,08,22107,,N,D,I,A,A,H,-,C,D,0,,,,,Y,,-,,1,0,0,0,0,0,0,0,0,"- ","- ",,,MONTEREY,SALINAS,-121.62287139892578,36.685943603515625
8646536,2018,2018-07-05,2710,2018-04-02,1059,33362,,1,5,4,2710,0,0,0,,0,,"DEL MONTE BL","CLEMENTINA AV",100.00,N,N,B,-,N,,,,,,,,,,Y,2,0,1,2,A,-,11,21954,A,N,G,B,D,A,H,-,A,D,0,Y,,,,Y,,N,60,1,0,0,0,1,0,0,0,0,"- ","- ",,,MONTEREY,SEASIDE,-121.84872436523438,36.611431121826172
8648061,2018,2018-08-24,2708,2018-06-14,1925,31968,,4,5,6,2708,0,0,0,,0,010,"N HEBBRON AV","JEFFERSON ST",113.00,S,N,A,-,N,,,,,,,,,,Y,1,1,0,2,A,-,11,21954,A,N,G,B,E,A,H,-,A,D,0,Y,,,,Y,,N,60,0,0,0,1,0,0,0,0,0,"- ","- ",,,MONTEREY,SALINAS,-121.63193511962891,36.675243377685547
8648280,2018,2020-05-22,2708,2018-09-14,0226,30348,SALIN,5,5,6,2708,0,0,0,,0,012,"ROY DIAZ ST","DE LA TORRE ST",208.00,N,N,A,-,N,,,,,,,,,,N,1,1,0,2,A,-,11,21954,A,F,G,B,D,A,H,-,C,D,0,Y,,,,Y,,N,60,0,0,0,1,0,0,0,0,0,"- ","- ",,,MONTEREY,SALINAS,-121.62178802490234,36.661849975585938
8651776,2018,2018-10-08,2706,2018-08-31,0004,992,MPD,5,5,4,2706,0,0,0,,0,002,"DEL MONTE AV",WASHINGTON,85.00,W,N,A,-,N,,,,,,,,,,Y,2,0,1,1,A,-,01,23152,A,N,-,A,A,A,H,-,C,D,0,,,Y,,Y,Y,C,02,1,0,0,0,0,0,0,0,1,"- ","- ",,,MONTEREY,MONTEREY,-121.89262390136719,36.600696563720703
8664707,2018,2018-07-27,2710,2018-05-02,0838,40391,MARIN,3,5,4,2710,0,0,0,,0,001,"LORENZO CT","KIMBALL AV",304.00,S,N,A,-,N,,,,,,,,,,Y,2,0,2,2,A,-,08,22107,,N,B,E,A,A,H,-,A,D,0,,,,,Y,,A,01,1,1,0,0,0,0,0,0,0,"- ","- ",,,MONTEREY,SEASIDE,-121.84744262695312,36.598903656005859
8668460,2018,2019-01-31,2706,2018-07-11,1432,181,2706,3,5,4,2706,0,0,0,,0,002,"SOLEDAD DR","MAR VISTA DR",114.00,S,N,A,-,N,,,,,,,,,,Y,1,1,1,1,A,-,08,22107,,N,A,I,A,A,H,-,A,D,0,,,,,Y,,A,01,0,1,0,0,0,0,0,0,0,"- ","- ",,,MONTEREY,MONTEREY,-121.90953063964844,36.588722229003906
8670982,2018,2018-08-20,2710,2018-06-18,2149,40404,16,1,5,4,2710,0,0,0,,0,01A,"DEL MONTE BL","CLEMENTINA AV",1399.00,N,N,A,-,N,,,,,,,,,,Y,2,0,1,2,A,-,01,23152,A,N,C,E,A,A,H,-,C,D,0,,,,,Y,Y,A,01,1,0,0,0,0,0,0,0,0,"- ","- ",,,MONTEREY,SEASIDE,-121.84529876708984,36.613658905029297