CASE_ID,ACCIDENT_YEAR,PROC_DATE,JURIS,COLLISION_DATE,COLLISION_TIME,OFFICER_ID,REPORTING_DISTRICT,DAY_OF_WEEK,CHP_SHIFT,POPULATION,CNTY_CITY_LOC,SPECIAL_COND,BEAT_TYPE,CHP_BEAT_TYPE,CITY_DIVISION_LAPD,CHP_BEAT_CLASS,BEAT_NUMBER,PRIMARY_RD,SECONDARY_RD,DISTANCE,DIRECTION,INTERSECTION,WEATHER_1,WEATHER_2,STATE_HWY_IND,CALTRANS_COUNTY,CALTRANS_DISTRICT,STATE_ROUTE,ROUTE_SUFFIX,POSTMILE_PREFIX,POSTMILE,LOCATION_TYPE,RAMP_INTERSECTION,SIDE_OF_HWY,TOW_AWAY,COLLISION_SEVERITY,NUMBER_KILLED,NUMBER_INJURED,PARTY_COUNT,PRIMARY_COLL_FACTOR,PCF_CODE_OF_VIOL,PCF_VIOL_CATEGORY,PCF_VIOLATION,PCF_VIOL_SUBSECTION,HIT_AND_RUN,TYPE_OF_COLLISION,MVIW,PED_ACTION,ROAD_SURFACE,ROAD_COND_1,ROAD_COND_2,LIGHTING,CONTROL_DEVICE,CHP_ROAD_TYPE,PEDESTRIAN_ACCIDENT,BICYCLE_ACCIDENT,MOTORCYCLE_ACCIDENT,TRUCK_ACCIDENT,NOT_PRIVATE_PROPERTY,ALCOHOL_INVOLVED,STWD_VEHTYPE_AT_FAULT,CHP_VEHTYPE_AT_FAULT,COUNT_SEVERE_INJ,COUNT_VISIBLE_INJ,COUNT_COMPLAINT_PAIN,COUNT_PED_KILLED,COUNT_PED_INJURED,COUNT_BICYCLIST_KILLED,COUNT_BICYCLIST_INJURED,COUNT_MC_KILLED,COUNT_MC_INJURED,PRIMARY_RAMP,SECONDARY_RAMP,LATITUDE,LONGITUDE,COUNTY,CITY,POINT_X,POINT_Y
8676908,2018,2018-08-27,2710,2018-06-23,0118,40406,MARIN,6,5,4,2710,0,0,0,,0,,"CANYON DEL REY BL","FRANCIS AV",0.00,,Y,A,-,Y,MON,5,218,-,L,0.710,I,5,E,Y,2,0,1,2,A,-,11,21954,A,N,G,B,D,A,H,-,C,D,0,Y,,,,Y,Y,N,60,1,0,0,0,1,0,0,0,0,"- ","- ",,,MONTEREY,SEASIDE,-121.85289001464844,36.601356506347656
8681212,2018,2018-10-04,2708,2018-07-29,0630,54871,,7,5,6,2708,0,0,0,,0,010,"EAST MARKET ST","N HEBBRON AV",0.00,,Y,A,-,N,,,,,,,,,,Y,2,0,1,5,A,-,01,23153,A,F,B,C,A,A,H,-,A,A,0,,,,,Y,Y,-,,1,0,0,0,0,0,0,0,0,"- ","- ",,,MONTEREY,SALINAS,-121.63172149658203,36.676551818847656
8686072,2018,2018-10-08,2712,2018-08-09,1243,1184,2712,4,5,3,2712,0,0,0,,0,001,"ABRAMS DR","BROSTROM AV",0.00,,Y,A,-,N,,,,,,,,,,N,2,0,1,1,A,-,03,22350,,N,H,A,A,A,H,-,A,A,0,,,,,Y,,M,96,1,0,0,0,0,0,0,0,0,"- ","- ",,,MONTEREY,MARINA,-121.78489685058594,36.666011810302734
8687668,2018,2018-10-05,2708,2018-07-01,1839,80368,SALIN,7,5,6,2708,0,0,0,,0,077,"BADGER WY","MUSTANG CT",0.00,,Y,A,-,N,,,,,,,,,,Y,2,0,2,2,A,-,09,21802,A,N,D,C,A,A,H,-,A,A,0,,,,,Y,,A,01,2,0,0,0,0,0,0,0,0,"- ","- ",,,MONTEREY,SALINAS,-121.59413909912109,36.688461303710938
8687744,2018,2018-10-05,2708,2018-07-28,1402,56105,SALIN,6,5,6,2708,0,0,0,,0,005,"EAST LAUREL DR","TAPADERO DR",0.00,,Y,A,-,N,,,,,,,,,,Y,2,0,3,2,A,-,09,21802,A,N,-,-,A,A,H,-,A,-,0,,,,,Y,Y,-,,1,2,0,0,0,0,0,0,0,"- ","- ",,,MONTEREY,SALINAS,-121.64978790283203,36.698879241943359
8688163,2018,2018-09-10,2706,2018-08-12,2152,177,2706,7,5,4,2706,0,0,0,,0,002,"PACIFIC ST","ALAMEDA ST",286.00,S,N,A,-,N,,,,,,,,,,N,2,0,1,1,A,-,03,22350,,N,H,A,A,A,H,-,D,D,0,,,Y,,Y,,C,02,1,0,0,0,0,0,0,0,1,"- ","- ",,,MONTEREY,MONTEREY,-121.90087890625,36.588050842285156
8688501,2018,2018-09-12,2706,2018-08-29,1654,021,2706,3,5,4,2706,0,0,0,,0,003,"DEL MONTE AV","CASA VERDE WY",0.00,,Y,B,-,N,,,,,,,,,,N,2,0,1,2,A,-,07,21658,A,N,B,C,A,A,H,-,A,A,0,,,Y,,Y,,C,02,1,0,0,0,0,0,0,0,1,"- ","- ",,,MONTEREY,MONTEREY,-121.86660003662109,36.602081298828125
8692853,2018,2018-10-08,2704,2018-08-19,1730,7641,2400,7,5,3,2704,0,0,0,,0,001,"13TH ST","PGE POLE 110473252",46.00,S,N,A,-,N,,,,,,,,,,Y,2,0,1,2,A,-,03,22350,,N,C,C,A,A,H,-,A,D,0,,,,,Y,,A,01,1,0,0,0,0,0,0,0,0,"- ","- ",,,MONTEREY,GREENFIELD,,
8700869,2018,2018-12-28,2708,2018-08-17,0504,75362,,5,5,6,2708,0,0,0,,0,008,"WEST MARKET ST","STONE ST",177.00,W,N,A,-,Y,MON,5,183,-,-,0.890,H,-,N,N,2,0,1,2,A,-,11,21954,A,N,G,B,D,A,H,-,C,D,0,Y,,,,Y,Y,N,60,1,0,0,0,1,0,0,0,0,"- ","- ",,,MONTEREY,SALINAS,-121.65917205810547,36.678745269775391
8708022,2018,2018-12-28,2708,2018-07-22,1947,30347,,7,5,6,2708,0,0,0,,0,008,"MERCED ST","E MARKET",0.00,,Y,A,-,Y,MON,5,101,-,-,87.440,R,4,S,N,2,0,1,2,A,-,09,21801,A,N,G,G,A,A,H,-,A,A,0,,Y,,,Y,,L,04,1,0,0,0,0,0,1,0,0,"- ","- ",,,MONTEREY,SALINAS,-121.64190673828125,36.679599761962891
8712837,2018,2018-10-24,2708,2018-09-18,0349,00589,NORTH,2,5,6,2708,0,0,0,,0,005,"NORTH MAIN ST","IRIS DR",0.00,,Y,A,-,N,,,,,,,,,,Y,2,0,1,2,A,-,11,21954,A,N,G,B,B,A,H,-,C,A,0,Y,,,,Y,,N,60,1,0,0,0,1,0,0,0,0,"- ","- ",,,MONTEREY,SALINAS,-121.65223693847656,36.693168640136719
8712895,2018,2018-10-23,2708,2018-09-12,0912,56525,SALIN,3,5,6,2708,0,0,0,,0,008,"GRIFFIN ST","E ALISAL ST",24.00,N,N,A,-,N,,,,,,,,,,N,2,0,1,2,A,-,11,21954,A,N,G,B,D,A,H,-,A,A,0,Y,,,,Y,,N,60,1,0,0,0,1,0,0,0,0,"- ","- ",,,MONTEREY,SALINAS,-121.64128875732422,36.674343109130859
8712931,2018,2018-10-23,2708,2018-09-01,2222,98751,SALIN,6,5,6,2708,0,0,0,,0,005,"LINWOOD DR","RAINIER DR",0.00,,Y,A,-,N,,,,,,,,,,Y,2,0,1,2,A,-,09,21802,A,F,D,C,A,A,H,-,C,A,0,,,,,Y,,A,01,1,0,0,0,0,0,0,0,0,"- ","- ",,,MONTEREY,SALINAS,-121.64221954345703,36.70281982421875
8712932,2018,2018-10-29,2708,2018-09-25,2026,85123,,2,5,6,2708,0,0,0,,0,012,"WILLIAMS RD","QUILLA ST",110.00,N,N,A,-,N,,,,,,,,,,Y,2,0,2,4,A,-,01,23152,A,N,B,E,A,A,H,-,C,D,0,,,,,Y,Y,-,,1,1,0,0,0,0,0,0,0,"- ","- ",,,MONTEREY,SALINAS,-121.61776733398438,36.673526763916016
8713995,2018,2018-10-19,2707,2018-09-08,1704,2257,2707,6,5,3,2707,0,0,0,,0,002,"FOREST AV","LIGHTHOUSE AV",85.00,S,N,A,-,N,,,,,,,,,,N,2,0,1,2,A,-,07,21658,A,F,G,B,E,A,H,-,A,D,0,Y,,,,Y,,A,07,1,0,0,0,1,0,0,0,0,"- ","- ",,,MONTEREY,"PACIFIC GROVE",-121.91792297363281,36.620868682861328
8715666,2018,2018-11-16,2706,2018-10-15,1914,021,MPD,1,5,4,2706,0,0,0,,0,002,"SOLEDAD DR","PACIFIC ST",0.00,,Y,A,-,N,,,,,,,,,,N,2,0,1,2,A,-,09,21801,A,N,D,C,A,A,H,-,C,A,0,,,Y,,Y,,A,01,1,0,0,0,0,0,0,0,1,"- ","- ",,,MONTEREY,MONTEREY,-121.90287017822266,36.584251403808594
8732744,2018,2018-11-16,2706,2018-10-21,1814,851,,7,5,4,2706,0,0,0,,0,001,"LIGHTHOUSE AV","HOFFMAN AV",159.00,S,N,A,-,N,,,,,,,,,,Y,2,0,1,2,A,-,03,22350,,N,D,C,A,A,H,-,A,A,0,,,Y,,Y,,C,02,1,0,0,0,0,0,0,0,1,"- ","- ",,,MONTEREY,MONTEREY,-121.90140533447266,36.613201141357422
8737962,2018,2018-12-13,2708,2018-10-07,1411,07904,,7,5,6,2708,0,0,0,,0,001,"EAST BORONDA RD","SAN JUAN GRADE RD",0.00,,Y,A,-,N,,,,,,,,,,Y,2,0,4,3,A,-,12,21453,A,F,D,C,A,A,H,-,A,A,0,,,,,Y,,A,01,2,2,0,0,0,0,0,0,0,"- ","- ",,,MONTEREY,SALINAS,-121.65117645263672,36.719791412353516
8738744,2018,2019-01-10,2711,2018-05-12,0148,07568,SPD,6,5,3,2711,0,0,0,,0,002,"METZ RD","TIBURON PL",75.00,S,N,A,-,Y,MON,5,146,-,-,2.000,H,-,E,Y,2,0,1,4,A,-,08,22107,,N,A,E,A,A,H,-,C,D,0,,,,,Y,Y,A,01,1,0,0,0,0,0,0,0,0,"- ","- ",,,MONTEREY,SOLEDAD,-121.31020355224609,36.425685882568359
8744168,2018,2019-01-28,2708,2018-10-21,1930,8775,,7,5,6,2708,0,0,0,,0,006,"RT 183","E MENKE ST",32.00,N,N,A,-,Y,MON,5,183,-,-,0.350,H,-,N,Y,2,0,1,2,A,-,11,21954,A,N,-,B,D,A,H,-,C,D,0,Y,,,,Y,,N,60,1,0,0,0,1,0,0,0,0,"- ","- ",,,MONTEREY,SALINAS,-121.65374755859375,36.682056427001953
8744202,2018,2018-12-18,2708,2018-09-28,1820,07731,SALIN,5,5,6,2708,0,0,0,,0,002,"WEST LAUREL DR","RT 101",0.00,W,N,A,-,Y,MON,5,101,-,R,89.440,R,4,N,N,2,0,1,2,A,-,05,21650,1,N,D,G,A,A,H,-,A,A,0,,Y,,,Y,,L,04,1,0,0,0,0,0,1,0,0,"- ",NF,,,MONTEREY,SALINAS,-121.66547393798828,36.700187683105469
8746037,2018,2018-11-28,2711,2018-07-15,1608,03902,2711,7,5,3,2711,0,0,0,,0,001,"NORTH ST","WEST ST",0.00,S,N,A,-,N,,,,,,,,,,N,2,0,1,2,A,-,11,21954,A,N,G,B,E,A,H,-,A,D,0,Y,,,,Y,,N,60,1,0,0,0,1,0,0,0,0,"- ","- ",,,MONTEREY,SOLEDAD,-121.32923126220703,36.431941986083984
8746484,2018,2018-12-17,2710,2018-10-19,0756,40409,12,5,5,4,2710,0,0,0,,0,FTO,"ORD GROVE AV","WARING ST",0.00,,Y,A,-,N,,,,,,,,,,N,2,0,1,2,A,-,10,21950,A,N,G,B,B,A,H,-,A,D,0,Y,,,,Y,,A,01,1,0,0,0,1,0,0,0,0,"- ","- ",,,MONTEREY,SEASIDE,-121.83463287353516,36.619178771972656
8755201,2018,2019-01-10,2708,2018-11-16,1946,16258,SALIN,5,5,6,2708,0,0,0,,0,001,"MADRID DR","NORTH MAIN ST",390.00,W,N,A,-,N,,,,,,,,,,N,2,0,1,2,A,-,09,21804,A,N,B,C,A,A,-,-,C,D,0,,,,,Y,,-,,1,0,0,0,0,0,0,0,0,"- ","- ",,,MONTEREY,SALINAS,-121.656005859375,36.713108062744141
8755241,2018,2019-01-09,2708,2018-11-19,1525,18163,SALIN,1,5,6,2708,0,0,0,,0,008,"E MARKET","PEACH DR",44.00,W,N,A,-,N,,,,,,,,,,Y,2,0,6,4,A,-,01,23153,A,F,A,C,A,A,H,-,A,A,0,,,,,Y,Y,-,,3,3,0,0,0,0,0,0,0,"- ","- ",,,MONTEREY,SALINAS,-121.64772033691406,36.678680419921875
8755284,2018,2019-01-10,2708,2018-11-10,2230,18945,,6,5,6,2708,0,0,0,,0,003,"LOS COCHES AV","ALTURAS CIR",18.00,E,N,A,-,N,,,,,,,,,,N,2,0,1,2,A,-,01,23152,A,N,B,E,A,A,H,-,C,D,0,,,,,Y,Y,-,,1,0,0,0,0,0,0,0,0,"- ","- ",,,MONTEREY,SALINAS,-121.62872314453125,36.707790374755859
8755586,2018,2018-12-20,2708,2018-10-25,1508,31968,,4,5,6,2708,0,0,0,,0,002,"EAST ALVIN DR","NORTH MAIN ST",150.00,E,N,A,-,N,,,,,,,,,,N,2,0,1,2,A,-,11,21954,A,N,D,B,C,A,H,-,A,D,0,Y,,,,Y,,N,60,1,0,0,0,1,0,0,0,0,"- ","- ",,,MONTEREY,SALINAS,-121.65296173095703,36.707942962646484
8785424,2018,2019-01-29,2708,2018-11-28,1721,98751,SALIN,3,5,6,2708,0,0,0,,0,005,"EAST LAUREL DR","GRANADA AV",0.00,,Y,C,-,N,,,,,,,,,,N,2,0,1,2,A,-,10,21950,A,N,G,B,B,B,H,-,C,D,0,Y,,,,Y,,A,01,1,0,0,0,1,0,0,0,0,"- ","- ",,,MONTEREY,SALINAS,-121.64035034179688,36.696788787841797
8801296,2019,2019-02-26,2708,2019-01-20,0936,19943,,7,5,6,2708,0,0,0,,0,001,"NORTH MAIN ST","MASSA ST",10.00,N,N,C,-,N,,,,,,,,,,Y,2,0,1,2,A,-,09,21804,A,N,-,C,A,B,H,-,A,D,0,,,,,Y,,-,,1,0,0,0,0,0,0,0,0,"- ","- ",,,MONTEREY,SALINAS,-121.65634918212891,36.725788116455078
8801996,2019,2019-03-05,2708,2019-01-06,2010,25182,WPC,7,5,6,2708,0,0,0,,0,002,"NORTH MAIN ST","HARDEN PKWY",0.00,,Y,A,-,N,,,,,,,,,,Y,2,0,2,2,A,-,12,21453,A,N,-,C,A,B,H,-,C,A,0,,,,,Y,,-,,1,1,0,0,0,0,0,0,0,"- ","- ",,,MONTEREY,SALINAS,-121.65453338623047,36.713291168212891
8821883,2019,2019-03-26,2708,2019-02-08,0505,07903,,5,5,6,2708,0,0,0,,0,012,"EAST LAUREL DR","N SAN BORN RD",575.00,E,N,A,-,N,,,,,,,,,,Y,2,0,1,2,A,-,21,22106,,N,C,C,A,B,H,-,C,D,0,,,,,Y,,-,,1,0,0,0,0,0,0,0,0,"- ","- ",,,MONTEREY,SALINAS,-121.61977386474609,36.681632995605469
8843722,2019,2019-05-09,2710,2019-03-12,1856,36059,,2,5,4,2710,0,0,0,,0,,"GENERAL JIM MOORE BL","LIGHT POLE #23",272.00,S,N,A,-,N,,,,,,,,,,Y,2,0,1,1,A,-,03,22350,,N,F,J,A,A,H,-,A,D,0,,,,,Y,,-,,1,0,0,0,0,0,0,0,0,"- ","- ",,,MONTEREY,SEASIDE,,
8854009,2019,2019-05-23,2706,2019-04-18,1256,538,2706,4,5,4,2706,0,0,0,,0,001,"WAVE ST","PRESCOTT AV",175.00,N,N,A,-,N,,,,,,,,,,N,2,0,2,2,A,-,08,22107,,N,B,E,A,A,H,-,A,D,0,,,Y,Y,Y,Y,C,06,1,1,0,0,0,0,0,0,2,"- ","- ",,,MONTEREY,MONTEREY,-121.90138244628906,36.615989685058594
8860231,2019,2019-06-03,2712,2019-05-01,1152,1017,,3,5,3,2712,0,0,0,,0,001,"IMJIN PW","3RD ST",94.00,W,N,A,-,N,,,,,,,,,,Y,2,0,1,2,A,-,03,22350,,N,C,C,A,A,H,-,A,A,0,,,,Y,Y,,A,01,1,0,0,0,0,0,0,0,0,"- ","- ",,,MONTEREY,MARINA,-121.80486297607422,36.666542053222656
8879075,2019,2019-07-08,2708,2019-05-29,2004,09103,2708,3,5,6,2708,0,0,0,,0,008,"WEST MARKET ST","SHERWOOD DR",0.00,,Y,A,-,N,,,,,,,,,,Y,2,0,2,2,A,-,12,21453,A,N,A,-,A,A,H,-,B,A,0,,,Y,,Y,,-,"- ",1,1,0,0,0,0,0,0,1,"- ","- ",,,MONTEREY,SALINAS,-121.65001678466797,36.678348541259766
8882860,2019,2019-07-10,2712,2019-05-31,1732,1033,2712,5,5,3,2712,0,0,0,,0,001,"DEL MONTE BL","PALM AV",0.00,N,N,B,-,N,,,,,,,,,,Y,2,0,2,3,B,-,22,,,N,G,B,F,A,H,-,A,D,0,Y,,,,Y,,A,01,1,1,0,0,2,0,0,0,0,"- ","- ",,,MONTEREY,MARINA,-121.80368041992188,36.683448791503906
8899465,2019,2019-07-26,2708,2019-06-19,2312,30425,,3,5,6,2708,0,0,0,,0,003,"NATIVIDAD RD","EAST LAUREL DR",4.00,S,N,B,-,N,,,,,,,,,,N,2,0,1,2,D,-,00,,,N,G,B,B,B,H,-,C,A,0,Y,,,,Y,Y,-,"- ",1,0,0,0,1,0,0,0,0,"- ","- ",,,MONTEREY,SALINAS,-121.63829803466797,36.696319580078125
8899473,2019,2019-07-26,2708,2019-06-23,1933,04125,,7,5,6,2708,0,0,0,,0,012,"E ALISAL ST","EAST MARKET ST",0.00,,Y,A,-,N,,,,,,,,,,Y,2,0,2,2,A,-,09,21802,A,N,D,C,A,A,H,-,A,D,0,,,,,Y,,A,01,1,1,0,0,0,0,0,0,0,"- ","- ",,,MONTEREY,SALINAS,-121.61354827880859,36.672618865966797
8899942,2019,2019-07-31,2708,2019-06-14,1814,28315,SALIN,5,5,6,2708,0,0,0,,0,003,"NATIVIDAD RD","LOS COCHES AV",0.00,,Y,A,-,N,,,,,,,,,,Y,2,0,5,2,A,-,12,21453,A,N,D,C,A,A,H,-,A,A,0,,,,,Y,,A,01,1,4,0,0,0,0,0,0,0,"- ","- ",,,MONTEREY,SALINAS,-121.6275634765625,36.70703125
8904275,2019,2019-07-31,2706,2019-07-13,1004,707,2706,6,5,4,2706,0,0,0,,0,001,"FOAM ST","REESIDE AV",0.00,,Y,B,-,N,,,,,,,,,,Y,2,0,2,2,A,-,01,23153,A,N,D,C,A,A,H,-,A,A,0,,,,,Y,Y,A,01,1,0,1,0,0,0,0,0,0,"- ","- ",,,MONTEREY,MONTEREY,-121.89752197265625,36.610099792480469
8910939,2020,2022-06-11,2708,2020-02-20,2219,71633,SALIN,4,5,6,2708,0,0,0,,0,001,"SAN JUAN GRADE RD","VAN BUREN AV",556.00,N,N,A,-,N,,,,,,,,,,Y,1,1,0,2,A,-,11,21954,A,N,G,B,D,A,H,-,C,D,0,Y,,,,Y,,N,60,0,0,0,1,0,0,0,0,0,"- ","- ",,,MONTEREY,SALINAS,-121.64553833007812,36.725128173828125
8911773,2020,2020-11-06,2708,2020-08-23,2008,58583,2708,7,5,6,2708,0,0,0,,0,011,"WILLIAMS RD","MONTE BELLA BL",558.00,S,N,A,-,N,,,,,,,,,,Y,1,1,0,2,A,-,10,21950,A,N,G,B,C,A,H,-,C,D,0,Y,,,,Y,,A,07,0,0,0,1,0,0,0,0,0,"- ","- ",,,MONTEREY,SALINAS,-121.60202026367188,36.682521820068359
8923887,2019,2019-08-30,2708,2019-07-08,2017,09103,,1,5,6,2708,0,0,0,,0,008,"EAST SAN LUIS ST","SOLEDAD ST",151.00,E,N,A,-,N,,,,,,,,,,N,2,0,1,1,A,-,08,22107,,N,A,J,A,A,H,-,B,D,0,,,Y,,Y,,C,02,1,0,0,0,0,0,0,0,1,"- ","- ",,,MONTEREY,SALINAS,-121.65054321289062,36.672531127929688
8926173,2019,2019-08-23,2708,2019-07-04,2120,25182,,4,5,6,2708,0,0,0,,0,011,"WILLIAMS RD","OLD STAGE RD",1880.00,N,N,A,-,N,,,,,,,,,,Y,2,0,1,2,A,-,01,23152,A,F,B,-,A,A,H,-,D,D,0,,,,,Y,Y,-,,1,0,0,0,0,0,0,0,0,"- ","- ",,,MONTEREY,SALINAS,-121.57421112060547,36.698440551757812
8946116,2019,2019-10-15,2712,2019-09-22,0043,1962,2712,7,5,3,2712,0,0,0,,0,001,"DEL MONTE BL","BEACH RD",0.00,,Y,A,-,N,,,,,,,,,,Y,2,0,1,2,A,-,01,23152,A,N,D,C,A,A,H,-,C,D,0,,,,,Y,Y,D,22,1,0,0,0,0,0,0,0,0,"- ","- ",,,MONTEREY,MARINA,-121.79747009277344,36.693641662597656
8960849,2019,2019-11-21,2710,2019-09-10,1559,36059,MARIN,2,5,4,2710,0,0,0,,0,,"MONTEREY RD","FREMONT BL",0.00,,Y,A,-,N,,,,,,,,,,Y,2,0,1,4,A,-,09,21453,C,N,D,C,A,A,H,-,A,A,0,,,,,Y,,-,"- ",1,0,0,0,0,0,0,0,0,"- ","- ",,,MONTEREY,SEASIDE,-121.84123229980469,36.623748779296875
8962461,2019,2019-11-07,2708,2019-09-15,0349,35826,,7,5,6,2708,0,0,0,,0,002,"EAST BORONDA RD","DARTMOUTH WY",0.00,,Y,A,-,N,,,,,,,,,,Y,2,0,1,1,A,-,01,23152,A,N,E,I,A,A,H,-,C,A,0,,,,,Y,Y,A,07,1,0,0,0,0,0,0,0,0,"- ","- ",,,MONTEREY,SALINAS,-121.64875793457031,36.717929840087891
8962477,2019,2019-10-23,2708,2019-09-08,1248,16258,SALIN,7,5,6,2708,0,0,0,,0,004,"CONSTITUTION BL","FREEDOM PKWY",133.00,N,N,A,-,N,,,,,,,,,,Y,2,0,2,2,A,-,03,22350,,N,E,I,A,A,H,-,A,A,0,,,,,Y,,-,,1,1,0,0,0,0,0,0,0,"- ","- ",,,MONTEREY,SALINAS,-121.60950469970703,36.701034545898438
8974224,2019,2020-09-24,2708,2019-09-03,1448,34273,SALIN,2,5,6,2708,0,0,0,,0,009,"RT 68","CHESTNUT ST",0.00,,Y,A,-,Y,MON,5,68,-,-,20.850,I,5,W,N,2,0,1,2,A,-,05,21650,1,N,D,G,A,A,H,-,A,A,0,,Y,,,Y,,L,04,1,0,0,0,0,0,1,0,0,"- ","- ",,,MONTEREY,SALINAS,-121.65591430664062,36.667922973632812
8977156,2019,2019-12-03,2708,2019-10-21,1931,56525,SALIN,1,5,6,2708,0,0,0,,0,010,"NORTH SANBORN RD","EAST MARKET ST",189.00,N,N,A,-,N,,,,,,,,,,Y,2,0,1,2,A,-,09,21804,A,N,D,C,A,A,H,-,C,D,0,,,,,Y,,-,,1,0,0,0,0,0,0,0,0,"- ","- ",,,MONTEREY,SALINAS,-121.62681579589844,36.676921844482422
8980383,2019,2019-11-25,2708,2019-09-15,0142,30424,SALIN,7,5,6,2708,0,0,0,,0,004,"HANCOCK CIR","MARSHFIELD CT",151.00,E,N,A,-,N,,,,,,,,,,N,2,0,1,1,B,-,22,,,N,E,J,A,A,G,-,D,D,0,,,,,Y,,-,,1,0,0,0,0,0,0,0,0,"- ","- ",,,MONTEREY,SALINAS,-121.61769104003906,36.702724456787109
8980386,2019,2019-12-05,2708,2019-10-05,2043,15945,,6,5,6,2708,0,0,0,,0,,"EAST ROSSI ST","SHERWOOD DR",0.00,,Y,A,-,N,,,,,,,,,,Y,2,0,2,2,A,-,12,21453,A,N,D,C,A,A,H,-,C,A,0,,,,,Y,,A,01,1,1,0,0,0,0,0,0,0,"- ","- ",,,MONTEREY,SALINAS,-121.65036773681641,36.680198669433594
8980399,2019,2019-11-25,2708,2019-09-28,2200,08775,,6,5,6,2708,0,0,0,,0,001,"NORTH MAIN ST","E LAMAR",0.00,,Y,A,-,N,,,,,,,,,,N,2,0,1,2,A,-,10,21950,A,F,G,B,B,-,H,-,C,D,0,Y,,,,Y,,-,,1,0,0,0,1,0,0,0,0,"- ","- ",,,MONTEREY,SALINAS,-121.65641021728516,36.723651885986328
8985198,2019,2020-09-14,2708,2019-11-10,0835,07904,,7,5,6,2708,0,0,0,,0,009,"SOUTH MAIN ST","EAST ROMIE LN",0.00,,Y,A,-,Y,MON,5,68,-,-,20.490,I,5,E,Y,2,0,1,2,A,-,12,21453,A,N,D,C,A,A,-,-,A,A,0,,,,,Y,,-,,1,0,0,0,0,0,0,0,0,"- ","- ",,,MONTEREY,SALINAS,-121.65771484375,36.662860870361328
8987216,2019,2019-12-17,2703,2019-10-25,1045,6608,2703,5,5,2,2703,0,0,0,,0,ALL,"ALTA ST","ALTA  ST 725",30.00,N,N,A,-,N,,,,,,,,,,Y,2,0,1,2,A,-,01,23152,F,N,A,E,A,A,H,-,A,D,0,,,,,Y,,D,22,1,0,0,0,0,0,0,0,0,"- ","- ",,,MONTEREY,GONZALES,,
8987472,2019,2019-11-26,2708,2019-09-08,1949,54215,,7,5,6,2708,0,0,0,,0,005,"NORTH MAIN ST","E CURTIS ST",0.00,,Y,A,-,N,,,,,,,,,,N,2,0,2,2,A,-,04,21703,,F,C,C,A,A,H,-,C,A,0,,,,,Y,,A,01,2,0,0,0,0,0,0,0,0,"- ","- ",,,MONTEREY,SALINAS,-121.65231323242188,36.701820373535156
8993438,2019,2020-02-18,2707,2019-10-18,1936,2208,2707,5,5,3,2707,0,0,0,,0,002,"OCEAN VIEW BL","FOREST AV",31.00,W,N,A,-,N,,,,,,,,,,Y,2,0,3,2,A,-,03,22350,,N,G,E,A,A,H,-,C,D,0,,,,,Y,,A,01,1,0,2,0,0,0,0,0,0,"- ","- ",,,MONTEREY,"PACIFIC GROVE",-121.91641998291016,36.624431610107422
8994904,2019,2020-01-16,2706,2019-11-25,1342,027,MPD,1,5,4,2706,0,0,0,,0,003,"LOWER RAGSDALE DR","MANDEVILLE CT",3.00,S,N,A,-,N,,,,,,,,,,N,2,0,1,2,A,-,10,21950,A,N,G,B,D,A,H,-,A,A,0,Y,,,,Y,,D,22,1,0,0,0,1,0,0,0,0,"- ","- ",,,MONTEREY,MONTEREY,-121.81249237060547,36.574298858642578
8996009,2019,2020-01-08,2706,2019-11-23,1447,851,,6,5,4,2706,0,0,0,,0,001,"LIGHTHOUSE AV","PRESCOTT AV",0.00,,Y,A,-,N,,,,,,,,,,N,2,0,1,2,A,-,09,21801,A,N,D,G,A,A,H,-,A,A,0,,Y,,,Y,,A,01,1,0,0,0,0,0,1,0,0,"- ","- ",,,MONTEREY,MONTEREY,-121.90268707275391,36.614711761474609
8997386,2019,2020-02-08,2708,2019-10-12,1639,56525,,6,5,6,2708,0,0,0,,0,011,"NORTH SANBORN RD","ACOSTA PLZ",0.00,,Y,A,-,N,,,,,,,,,,N,2,0,1,2,A,-,10,21950,A,F,G,B,B,A,H,-,A,A,0,Y,,,,Y,,-,,1,0,0,0,1,0,0,0,0,"- ","- ",,,MONTEREY,SALINAS,-121.61984252929688,36.683551788330078
9000415,2019,2020-01-07,2708,2019-11-20,1921,54871,,3,5,6,2708,0,0,0,,0,012,"NORTH SANBORN RD","E ALISAL ST",0.00,,Y,A,-,N,,,,,,,,,,N,2,0,1,2,A,-,03,22350,,F,C,C,A,A,H,-,C,A,0,,,,,Y,,D,22,1,0,0,0,0,0,0,0,0,"- ","- ",,,MONTEREY,SALINAS,-121.62744140625,36.672908782958984
9000447,2019,2020-01-07,2708,2019-11-18,1815,25182,,1,5,6,2708,0,0,0,,0,010,"WOOD ST","SANTA MARIA ST",5.00,S,N,A,-,N,,,,,,,,,,N,2,0,1,2,A,-,10,21950,A,F,G,B,B,A,H,-,C,A,0,Y,,,,Y,Y,-,,1,0,0,0,1,0,0,0,0,"- ","- ",,,MONTEREY,SALINAS,-121.63568115234375,36.672065734863281
9000748,2019,2020-02-06,2706,2019-12-06,0120,732,2706,5,5,4,2706,0,0,0,,0,001,"FRANKLIN ST","HIGH ST",0.00,,Y,B,-,N,,,,,,,,,,N,2,0,1,2,A,-,12,22450,A,F,G,B,B,A,H,-,D,D,0,Y,,,,Y,,A,01,1,0,0,0,1,0,0,0,0,"- ","- ",,,MONTEREY,MONTEREY,-121.90450286865234,36.602260589599609
9000916,2019,2019-12-30,2708,2019-11-30,0141,30424,,6,5,6,2708,0,0,0,,0,008,"W ALISAL ST","CAPITOL ST",14.00,E,N,A,-,N,,,,,,,,,,Y,2,0,2,2,A,-,01,23153,B,N,E,B,F,A,H,-,C,D,0,Y,,,,Y,Y,-,"- ",1,1,0,0,1,0,0,0,0,"- ","- ",,,MONTEREY,SALINAS,-121.6600341796875,36.673114776611328