CASE_ID,ACCIDENT_YEAR,PROC_DATE,JURIS,COLLISION_DATE,COLLISION_TIME,OFFICER_ID,REPORTING_DISTRICT,DAY_OF_WEEK,CHP_SHIFT,POPULATION,CNTY_CITY_LOC,SPECIAL_COND,BEAT_TYPE,CHP_BEAT_TYPE,CITY_DIVISION_LAPD,CHP_BEAT_CLASS,BEAT_NUMBER,PRIMARY_RD,SECONDARY_RD,DISTANCE,DIRECTION,INTERSECTION,WEATHER_1,WEATHER_2,STATE_HWY_IND,CALTRANS_COUNTY,CALTRANS_DISTRICT,STATE_ROUTE,ROUTE_SUFFIX,POSTMILE_PREFIX,POSTMILE,LOCATION_TYPE,RAMP_INTERSECTION,SIDE_OF_HWY,TOW_AWAY,COLLISION_SEVERITY,NUMBER_KILLED,NUMBER_INJURED,PARTY_COUNT,PRIMARY_COLL_FACTOR,PCF_CODE_OF_VIOL,PCF_VIOL_CATEGORY,PCF_VIOLATION,PCF_VIOL_SUBSECTION,HIT_AND_RUN,TYPE_OF_COLLISION,MVIW,PED_ACTION,ROAD_SURFACE,ROAD_COND_1,ROAD_COND_2,LIGHTING,CONTROL_DEVICE,CHP_ROAD_TYPE,PEDESTRIAN_ACCIDENT,BICYCLE_ACCIDENT,MOTORCYCLE_ACCIDENT,TRUCK_ACCIDENT,NOT_PRIVATE_PROPERTY,ALCOHOL_INVOLVED,STWD_VEHTYPE_AT_FAULT,CHP_VEHTYPE_AT_FAULT,COUNT_SEVERE_INJ,COUNT_VISIBLE_INJ,COUNT_COMPLAINT_PAIN,COUNT_PED_KILLED,COUNT_PED_INJURED,COUNT_BICYCLIST_KILLED,COUNT_BICYCLIST_INJURED,COUNT_MC_KILLED,COUNT_MC_INJURED,PRIMARY_RAMP,SECONDARY_RAMP,LATITUDE,LONGITUDE,COUNTY,CITY,POINT_X,POINT_Y
90013557,2015,2015-10-29,9730,2015-08-26,1549,014800,,3,2,9,2700,0,3,5,,2,004,"OLD STAGE ROAD","FOOTHILL DRIVE",4224.00,N,N,A,-,N,,,,,,,,,,Y,2,0,1,1,A,-,01,23152,A,N,F,I,A,A,H,-,A,D,0,,,,,Y,Y,D,22,1,0,0,0,0,0,0,0,0,"- ","- ",36.681519999999999,-121.5583,MONTEREY,UNINCORPORATED,-121.55695889,36.680467630000003
90023107,2015,2015-10-19,9730,2015-09-13,0515,016537,,7,3,9,2700,0,1,2,,1,030,"US-101 N/B","MAIN ST. O/C",6336.00,S,N,A,-,Y,,,101,,,,,,N,Y,2,0,2,1,A,-,01,23152,A,N,A,I,A,A,H,-,D,D,0,,,,,Y,Y,A,07,1,0,1,0,0,0,0,0,0,"- ","- ",36.547429999999999,-121.49453,MONTEREY,UNINCORPORATED,-121.49445928999999,36.54751675
90029138,2015,2015-10-19,9735,2015-10-04,0440,019330,,7,3,9,2700,0,1,2,,1,040,"US-101 N/B","HUDSON RD",3168.00,N,N,A,-,Y,,,101,,,,,,N,Y,2,0,1,2,A,-,01,23152,A,N,B,C,A,A,H,-,D,D,0,,,,,Y,Y,A,01,1,0,0,0,0,0,0,0,0,"- ","- ",36.359819999999999,-121.27418,MONTEREY,UNINCORPORATED,-121.27421301,36.359788500000001
90033150,2015,2015-10-19,9730,2015-08-24,0547,018543,,1,3,9,2700,0,2,4,,1,075,"SAN JUAN ROAD","PORTER DRIVE",0.00,,Y,A,-,N,,,,,,,,,,N,2,0,1,2,D,-,00,,,N,G,G,A,A,H,-,C,A,0,,Y,,,Y,,-,"- ",1,0,0,0,0,0,1,0,0,"- ","- ",,,MONTEREY,UNINCORPORATED,-121.7504,36.904520069999997
90043464,2015,2015-11-03,9730,2015-10-23,1515,020981,,5,2,9,2700,0,3,5,,2,002,"HIGHLAND DRIVE","FERN CANYON ROAD",100.00,W,N,A,-,N,,,,,,,,,,N,2,0,1,1,A,-,03,22350,,N,F,A,A,A,H,-,A,D,0,,,Y,,Y,,C,02,1,0,0,0,0,0,0,0,1,"- ","- ",36.50103,-121.93734000000001,MONTEREY,UNINCORPORATED,-121.93713,36.501784909999998
90045285,2015,2015-11-05,9735,2015-11-02,1940,019486,,1,2,9,2700,0,1,2,,1,040,"U/S 101 SOUTHBOUND","SALINAS RIVER BRIDGE",320.00,S,N,B,-,N,,,,,,,,,,Y,2,0,1,1,A,-,08,22107,,N,E,I,A,A,H,-,D,D,0,,,,,Y,,A,01,1,0,0,0,0,0,0,0,0,"- ","- ",36.407080000000001,-121.31865999999999,MONTEREY,UNINCORPORATED,,
90045542,2015,2015-11-05,9730,2015-09-02,1705,017803,,3,2,9,2700,0,3,5,,2,003,"RIVER ROAD","CHUALAR RIVER ROAD",6864.00,N,N,A,-,N,,,,,,,,,,Y,1,1,2,2,A,-,08,22107,,N,D,C,A,A,H,-,A,D,0,,,,,Y,,A,01,1,1,0,0,0,0,0,0,0,"- ","- ",36.567030000000003,-121.26745,MONTEREY,UNINCORPORATED,-121.56779176000001,36.567201390000001
90049937,2015,2015-12-07,9730,2015-11-07,1210,019529,,6,1,9,2700,0,1,3,,1,022,"STATE ROUTE 1","MALPASO CREEK BRIDGE",1056.00,S,N,A,-,Y,,,1,,,,,,,N,2,0,1,2,A,-,09,21804,A,N,H,G,A,A,H,-,A,D,0,,Y,,,Y,,L,04,1,0,0,0,0,0,1,0,0,"- ","- ",36.476869999999998,-121.93601,MONTEREY,UNINCORPORATED,-121.93608101,36.476857709999997
90051983,2015,2015-11-24,9730,2015-11-11,1145,019529,,3,1,9,2700,0,2,4,,1,023,"CARMEL VALLEY ROAD","RIO VISTA DR.",0.00,,Y,A,-,N,,,,,,,,,,Y,2,0,1,2,A,-,09,21801,A,N,D,C,A,A,H,-,A,D,0,,,Y,,Y,,A,01,1,0,0,0,0,0,0,0,1,"- ","- ",36.5441,-121.8997,MONTEREY,UNINCORPORATED,-121.89989992,36.544110109999998
9005505,2019,2020-02-20,2706,2019-12-14,1402,410,MPD,6,5,4,2706,0,0,0,,0,003,"DEL MONTE AV","CASA VERDE WY",174.00,E,N,A,-,N,,,,,,,,,,Y,2,0,1,2,A,-,03,22350,,N,C,C,A,A,H,-,A,A,0,,,Y,,Y,,C,02,1,0,0,0,0,0,0,0,1,"- ","- ",,,MONTEREY,MONTEREY,-121.86608123779297,36.602313995361328
90055872,2015,2015-11-19,9730,2015-11-12,0830,019529,,4,1,9,2700,0,1,3,,2,062,"STATE ROUTE 1 SOUTHBOUND","FREMONT BLVD. (SEASIDE)",2000.00,N,N,A,-,Y,,,1,,,,,,S,Y,2,0,1,1,A,-,03,22350,,N,F,A,A,A,H,-,A,D,0,,,Y,,Y,,C,02,1,0,0,0,0,0,0,0,1,"- ","- ",36.629939999999998,-121.83674999999999,MONTEREY,UNINCORPORATED,-121.83681958,36.630006549999997
90057666,2015,2015-11-23,9730,2015-09-03,0540,012332,,4,3,9,2700,0,1,2,,1,070,"US-101 N/B","SAN MIGUEL CANYON ROAD",388.00,N,N,A,-,Y,,,,,,,,,,N,1,1,0,6,A,-,11,21954,A,F,G,B,E,B,H,-,D,D,0,Y,,,Y,Y,Y,N,60,0,0,0,1,0,0,0,0,0,"- ","- ",,,MONTEREY,UNINCORPORATED,-121.66339083,36.800189340000003
90058788,2015,2015-11-24,9730,2015-09-06,0210,020903,,7,3,9,2700,0,1,3,,1,066,"STATE ROUTE - 183","ESPINOSA ROAD",6336.00,S,N,A,-,Y,,,183,,,,,,,Y,1,1,1,1,A,-,01,23152,A,N,E,I,A,A,H,-,D,D,0,,,,,Y,Y,A,01,0,0,1,0,0,0,0,0,0,"- ","- ",36.728729999999999,-121.73197999999999,MONTEREY,UNINCORPORATED,-121.73194822000001,36.728760909999998
90078385,2015,2015-12-18,9735,2015-10-28,1328,017292,,3,1,9,2700,0,1,2,,2,044,"US-101 NORTHBOUND","ALVARADO ROAD",700.00,N,N,A,-,Y,,,101,,,,,,N,Y,1,1,1,1,A,-,01,23152,A,N,F,A,A,A,H,-,A,D,0,,,,,Y,,A,01,1,0,0,0,0,0,0,0,0,"- ","- ",35.948619999999998,-120.87657,MONTEREY,UNINCORPORATED,-120.87678941,35.948481559999998
90083178,2015,2015-12-28,9730,2015-12-13,1532,019981,,7,2,4,2706,0,1,3,,1,068,SR-68,"FAIRGROUNDS RD O/C",30.00,E,N,C,-,Y,,,,,,,,,,Y,2,0,3,2,A,-,03,22350,,N,C,C,A,B,H,-,A,D,0,,,,,Y,,A,01,1,1,1,0,0,0,0,0,0,"- ","- ",,,MONTEREY,MONTEREY,,
90086354,2015,2015-12-31,9735,2015-12-21,2344,019486,,1,3,3,2705,0,1,2,,1,041,"US 101 NORTHBOUND","BROADWAY STREET U/C",736.00,S,N,B,-,Y,,,,,,,,,,Y,1,1,1,2,A,-,05,21651,B,N,A,C,A,A,H,-,C,D,0,,,,,Y,,A,01,0,1,0,0,0,0,0,0,0,"- ","- ",36.204140000000002,-121.13481,MONTEREY,"KING CITY",-121.13773999999999,36.204509999999999
90090444,2015,2016-01-07,9730,2015-09-26,2330,020233,,6,3,6,2708,0,1,2,,1,050,"US-101 SOUTHBOUND","BORONDA ROAD",3913.00,S,N,A,-,Y,,,101,,,,,,S,Y,1,1,0,2,A,-,01,23152,A,N,C,E,A,A,H,-,D,D,0,,,,Y,Y,Y,A,01,0,0,0,0,0,0,0,0,0,"- ","- ",36.712150000000001,-121.66298,MONTEREY,SALINAS,-121.66297738999999,36.712148800000001
90092055,2016,2016-01-11,9730,2016-01-01,0245,020933,,5,3,9,2700,0,3,5,,2,001,"PALO COLORADO ROAD",SR-1,6336.00,E,N,A,-,N,,,,,,,,,,Y,2,0,3,1,A,-,01,23152,A,N,E,I,A,A,H,-,D,D,0,,,,,Y,Y,A,08,1,1,1,0,0,0,0,0,0,"- ","- ",36.397970000000001,-121.88466,MONTEREY,UNINCORPORATED,-121.88466,36.397970000000001
90114911,2015,2016-02-15,9730,2015-11-10,0659,014584,,2,1,9,2700,0,3,5,,2,004,"ALISAL RD","ZABALA RD",892.00,S,N,B,-,N,,,,,,,,,,Y,1,1,2,2,A,-,08,22107,,N,A,C,A,B,H,-,B,D,0,,,,,Y,,A,01,0,1,1,0,0,0,0,0,0,"- ","- ",36.64011,-121.56898,MONTEREY,UNINCORPORATED,-121.56904933,36.640118530000002
90115193,2016,2016-02-15,9730,2016-02-10,1439,012332,,3,2,9,2700,0,2,4,,1,073,"SALINAS RD","LEWIS RD",528.00,N,N,A,-,N,,,,,,,,,,Y,2,0,7,2,A,-,05,21650,,N,A,C,A,A,H,-,A,D,0,,,,,Y,,A,01,1,4,2,0,0,0,0,0,0,"- ","- ",,,MONTEREY,UNINCORPORATED,-121.74744717,36.892436920000002
90116941,2015,2016-02-17,9730,2015-11-17,1309,019745,,2,1,9,2700,0,1,3,,1,066,"STATE ROUTE 183","COOPER ROAD",3168.00,N,N,A,-,Y,,,183,,,,,,,Y,1,1,1,2,A,-,05,21650,,N,A,C,A,A,H,-,A,D,0,,,,Y,Y,,A,01,0,0,1,0,0,0,0,0,0,"- ","- ",36.721269999999997,-121.72462,MONTEREY,UNINCORPORATED,-121.7246421,36.721248510000002
90121415,2016,2016-02-23,9730,2016-02-04,2027,019981,,4,2,9,2700,0,1,3,,1,012,SR-1,"JULIA PFEIFFER BURNS PARK",5280.00,N,N,A,-,Y,,,,,,,,,,Y,2,0,1,1,A,-,08,22107,,M,E,I,A,A,H,-,D,D,0,,,,,Y,,A,08,1,0,0,0,0,0,0,0,0,"- ","- ",,,MONTEREY,UNINCORPORATED,,
90121604,2016,2016-02-23,9730,2016-02-13,0140,020233,,6,3,9,2700,0,3,5,,2,005,"CORNWALL STREET","ENGLAND AVE",20.00,W,N,A,-,N,,,,,,,,,,N,2,0,1,2,A,-,11,21954,A,N,G,B,E,A,H,-,D,D,0,Y,,,,Y,Y,N,60,1,0,0,0,1,0,0,0,0,"- ","- ",36.734180000000002,-121.64107,MONTEREY,UNINCORPORATED,-121.64108442,36.734168169999997
90126912,2016,2016-05-05,9730,2016-02-27,1537,020981,,6,2,9,2700,0,3,5,,2,007,"VALLE PACIFICO ROAD","LANGLEY CANYON ROAD",1584.00,N,N,A,-,N,,,,,,,,,,N,2,0,1,2,A,-,08,22107,,F,E,I,A,A,H,-,A,D,0,,,Y,,Y,,-,99,1,0,0,0,0,0,0,0,0,"- ","- ",36.813029999999998,-121.66182999999999,MONTEREY,UNINCORPORATED,-121.66172947,36.812877909999997
90130028,2016,2018-01-08,9730,2016-02-27,0115,019100,,6,3,9,2700,0,1,2,,1,030,"US-101 S/B","GOULD ROAD",30.00,S,N,B,F,Y,,,101,,,,,,S,Y,2,0,1,1,A,-,01,23152,A,N,E,I,A,B,H,-,D,D,0,,,,,Y,Y,A,07,1,0,0,0,0,0,0,0,0,"- ","- ",36.627569999999999,-121.58750999999999,MONTEREY,UNINCORPORATED,-121.58749457,36.627591150000001
90130439,2016,2016-03-07,9730,2016-02-28,2120,020981,,7,2,9,2700,0,1,3,,2,062,"SR-1 NORTHBOUND","SOLEDAD DRIVE",290.00,S,N,A,-,Y,,,,,,,,,,Y,2,0,1,1,A,-,08,22107,,N,F,A,A,A,H,-,D,D,0,,,,,Y,,A,01,1,0,0,0,0,0,0,0,0,"- ","- ",36.581690000000002,-121.90034,MONTEREY,UNINCORPORATED,-121.90048345,36.581735629999997
90142048,2016,2016-03-23,9730,2016-03-15,2155,019512,,2,2,9,2700,0,2,4,,1,075,"SAN JUAN ROAD","PORTER DRIVE",0.00,,Y,A,-,N,,,,,,,,,,N,2,0,1,2,A,-,10,21950,A,N,G,B,B,A,H,-,C,A,0,Y,,,,Y,Y,A,01,1,0,0,0,1,0,0,0,0,"- ","- ",,,MONTEREY,UNINCORPORATED,-121.7504,36.904520069999997
90142319,2016,2016-03-23,9730,2016-03-15,1035,018820,,2,1,9,2700,0,3,5,,2,006,"ESPINOSA RD.","RODGERS RD.",453.00,W,N,A,-,N,,,,,,,,,,Y,2,0,1,1,A,-,01,23152,A,N,F,A,A,A,H,-,A,D,0,,,,,Y,Y,A,01,1,0,0,0,0,0,0,0,0,"- ","- ",36.744779999999999,-121.69283,MONTEREY,UNINCORPORATED,-121.69285465999999,36.744721269999999
90149457,2016,2016-04-04,9730,2016-03-23,1724,019981,,3,2,6,2708,0,3,5,,2,005,"DAVIS ROAD","AMBROSE DRIVE",0.00,,Y,A,-,N,,,,,,,,,,N,2,0,1,2,A,-,09,21801,A,N,D,G,A,A,H,-,A,D,0,,Y,,,Y,,A,07,1,0,0,0,0,0,1,0,0,"- ","- ",,,MONTEREY,SALINAS,-121.68300987000001,36.66925002
90149470,2016,2016-04-04,9730,2016-03-26,1255,017184,,6,1,9,2700,0,1,3,,1,014,SR-1,"OLD COAST RD. (S)",3696.00,S,N,A,-,Y,,,,,,,,,,Y,2,0,2,2,A,-,05,21460,A,N,D,C,A,A,H,-,A,D,0,,,Y,,Y,,C,02,1,1,0,0,0,0,0,0,2,"- ","- ",,,MONTEREY,UNINCORPORATED,-121.89998156,36.36333552
90149489,2016,2016-04-04,9730,2016-01-29,1724,019981,,5,2,9,2700,0,1,3,,1,066,SR-183,"OLD CEMETARY ROAD",2112.00,N,N,B,-,Y,,,,,,,,,,Y,1,1,3,2,A,-,09,21801,A,N,A,C,A,A,H,-,B,D,0,,,,,Y,,A,01,0,1,2,0,0,0,0,0,0,"- ","- ",,,MONTEREY,UNINCORPORATED,,
90156880,2016,2016-04-13,9730,2016-04-09,1600,020981,,6,2,9,2700,0,3,5,,2,005,"OLS STAGE ROAD",US-101,3950.00,E,N,B,-,N,,,,,,,,,,N,2,0,1,1,A,-,03,22350,,N,E,I,A,A,H,-,A,D,0,,,,,Y,,A,01,1,0,0,0,0,0,0,0,0,"- ","- ",36.536830000000002,-121.46272999999999,MONTEREY,UNINCORPORATED,-121.46272999999999,36.536830000000002
90162422,2016,2016-06-15,9735,2016-02-28,1940,019486,,7,2,9,2700,0,1,3,,1,034,"STATE ROUTE 198","PINE VALLEY RD",12144.00,W,N,A,-,Y,,,198,,,,,,,Y,1,1,3,2,A,-,01,23152,A,N,A,C,A,A,H,-,D,D,0,,,,,Y,Y,A,01,1,0,2,0,0,0,0,0,0,"- ","- ",36.154470000000003,-120.91555,MONTEREY,UNINCORPORATED,-120.91554834,36.154511499999998
90166085,2016,2016-04-26,9730,2016-04-13,1955,015160,,3,2,9,2700,0,1,3,,1,074,SR-1,"JETTY ROAD",453.00,N,N,A,-,Y,,,,,,,,,,Y,2,0,2,2,A,-,05,21460,A,N,A,C,A,A,H,-,D,D,0,,,,,Y,,A,01,1,0,1,0,0,0,0,0,0,"- ","- ",,,MONTEREY,UNINCORPORATED,-121.78597069999999,36.818152949999998
90172026,2016,2016-05-03,9730,2016-04-23,2145,019700,,6,2,9,2700,0,2,4,,1,073,"SALINAS ROAD","RAILROAD AVENUE",425.00,S,N,A,-,N,,,,,,,,,,N,2,0,1,2,A,-,11,21954,A,N,G,B,D,A,H,-,D,D,0,Y,,,,Y,,N,60,1,0,0,0,1,0,0,0,0,"- ","- ",,,MONTEREY,UNINCORPORATED,-121.74764501999999,36.894546120000001
90183160,2016,2016-10-13,9730,2016-05-08,0315,019100,,7,3,9,2700,0,1,3,,1,074,"STATE ROUTE 1","STRUVE ROAD (NORTH)",330.00,S,N,B,-,Y,,,,,,,,,,Y,2,0,1,1,A,-,01,23152,A,N,F,A,A,A,H,-,C,D,0,,,,,Y,Y,A,07,1,0,0,0,0,0,0,0,0,"- ","- ",36.494999999999997,-121.46160999999999,MONTEREY,UNINCORPORATED,-121.78104632,36.822925390000002
90185208,2016,2016-05-23,9730,2016-05-15,0629,020933,,7,1,9,2700,0,1,2,,1,050,"US-101 N/B","FAIRVIEW AVE",300.00,S,N,B,-,Y,,,,,,,,,,Y,2,0,1,1,A,-,08,22107,,N,E,I,A,A,H,-,A,D,0,,,,,Y,,A,01,1,0,0,0,0,0,0,0,0,"- ","- ",36.664729999999999,-121.62457000000001,MONTEREY,UNINCORPORATED,,
90185276,2016,2016-05-23,9730,2016-05-15,1340,020933,,7,1,9,2700,0,3,5,,2,003,"SALINAS RIVERBED","RIVER ROAD",4752.00,E,N,A,-,Y,,,,,,,,,,N,2,0,1,1,B,-,22,,,N,F,A,A,A,B,-,A,D,0,,,Y,,Y,,C,02,1,0,0,0,0,0,0,0,1,"- ","- ",36.502589999999998,-121.49342,MONTEREY,UNINCORPORATED,,
90191161,2016,2016-05-31,9735,2016-05-28,1810,020036,,6,2,9,2700,0,2,4,,1,011,"ARROYO SECO RD","CARMEL VALLEY RD",4752.00,W,N,A,-,N,,,,,,,,,,Y,2,0,3,1,A,-,01,23152,A,N,F,A,A,A,H,-,A,D,0,,,,,Y,Y,A,01,2,1,0,0,0,0,0,0,0,"- ","- ",36.252029999999998,-121.43116999999999,MONTEREY,UNINCORPORATED,-121.43103670000001,36.250887820000003
90195743,2016,2016-06-07,9735,2016-05-29,1150,017681,,7,1,9,2700,0,3,5,,2,003,"BITTERWATER ROAD","BITTERWATER RD",23760.00,E,N,A,-,N,,,,,,,,,,N,2,0,1,1,A,-,03,22350,,N,F,A,A,A,H,-,A,D,0,,Y,,,Y,,L,04,1,0,0,0,0,0,1,0,0,"- ","- ",36.278300000000002,-121.06456,MONTEREY,UNINCORPORATED,-121.07752364,36.267083730000003
90206968,2016,2016-06-22,9730,2016-06-15,1810,018810,,3,2,9,2700,0,1,3,,2,062,"SR-1 N/B","SLOAT AVENUE",528.00,N,N,B,-,Y,,,1,,,,,,N,Y,2,0,1,3,A,-,06,21755,,N,B,C,A,A,H,-,A,D,0,,,Y,,Y,,C,02,1,0,0,0,0,0,0,0,1,"- ","- ",36.594189999999998,-121.87129,MONTEREY,UNINCORPORATED,-121.87129195999999,36.594203290000003
90209000,2016,2016-06-24,9735,2016-06-18,0530,018069,,6,3,9,2700,0,3,5,,2,002,"JOLON ROAD","BRADLEY LOCKWOOD ROAD",2112.00,N,N,A,-,N,,,,,,,,,,Y,2,0,1,1,A,-,08,22107,,N,E,I,A,A,H,-,C,D,0,,,,,Y,,A,01,1,0,0,0,0,0,0,0,0,"- ","- ",35.911279999999998,-121.02021999999999,MONTEREY,UNINCORPORATED,-121.07132448,35.936696449999999
90210976,2016,2016-06-28,9730,2016-05-26,1728,012332,,4,2,9,2700,0,3,5,,2,007,"CASTROVILLE BOULEVARD","ELKHORN ROAD",1056.00,E,N,B,-,N,,,,,,,,,,Y,1,1,2,2,A,-,05,21460,A,N,D,C,A,A,H,-,A,D,0,,,,,Y,,A,01,1,0,1,0,0,0,0,0,0,"- ","- ",36.759099999999997,-121.7161,MONTEREY,UNINCORPORATED,-121.71686002,36.795074769999999
90212101,2016,2016-06-29,9730,2016-04-13,1355,018350,,3,1,9,2700,0,2,4,,1,073,"HALL ROAD","ELKHORN ROAD",1056.00,E,N,A,-,N,,,,,,,,,,Y,1,1,3,2,A,-,05,21460,A,N,A,C,A,A,H,-,A,D,0,,,,,Y,,A,07,0,3,0,0,0,0,0,0,0,"- ","- ",,,MONTEREY,UNINCORPORATED,-121.74107961999999,36.866606500000003
90219176,2016,2016-07-27,9730,2016-06-07,0555,017502,,2,3,9,2700,0,1,3,,1,022,"SR-1 (SOUTHBOUND)","SR-68 (HOLMAN HIGHWAY) O/C",1584.00,S,N,B,-,Y,,,1,,,,,,,Y,1,1,0,1,A,-,08,22107,,N,E,I,A,B,H,-,B,D,0,,,,,Y,,A,01,0,0,0,0,0,0,0,0,0,"- ","- ",36.571330000000003,-121.91302,MONTEREY,UNINCORPORATED,-121.9129437,36.571339770000002
90224645,2016,2016-07-18,9735,2016-06-27,1550,018069,,1,2,9,2700,0,3,5,,2,002,"NACIMIENTO LAKE DRIVE","JOLON ROAD",2112.00,S,N,A,-,N,,,,,,,,,,Y,1,1,0,2,A,-,05,21650,,N,A,C,A,A,H,-,A,D,0,,,Y,,Y,,C,02,0,0,0,0,0,0,0,1,0,"- ","- ",35.867449999999998,-120.83744,MONTEREY,UNINCORPORATED,-120.83720823,35.867815059999998
90226090,2016,2016-11-23,9730,2016-06-04,2316,020990,,6,3,9,2700,0,1,3,,1,074,SR-1,"JENSEN ROAD",2798.00,S,N,A,-,Y,,,1,,,,,,,Y,1,2,4,3,A,-,05,21460,A,N,A,C,A,A,H,-,D,D,0,,,,,Y,,D,22,4,0,0,0,0,0,0,0,0,"- ","- ",36.845680000000002,-121.77119999999999,MONTEREY,UNINCORPORATED,-121.77115379,36.845680969999997
90226911,2016,2016-08-09,9730,2016-06-17,0410,020233,,5,3,9,2700,0,1,3,,1,066,SR-183,"COOPER ROAD",2323.00,S,N,B,-,Y,,,,,,,,,,Y,1,2,1,3,A,-,01,23152,A,N,A,C,A,A,H,-,D,D,0,,,,,Y,Y,A,07,1,0,0,0,0,0,0,0,0,"- ","- ",36.680750000000003,-121.61032,MONTEREY,UNINCORPORATED,,
90228271,2016,2016-10-13,9735,2016-06-21,2118,019486,,2,2,9,2700,0,3,5,,2,002,"LOCKWOOD-JOLON RD","MARTINEZ RD",528.00,W,N,A,-,N,,,,,,,,,,Y,1,1,1,2,A,-,01,23152,A,F,A,C,A,A,H,-,D,D,0,,,,,Y,Y,D,22,0,1,0,0,0,0,0,0,0,"- ","- ",35.966290000000001,-121.10719,MONTEREY,UNINCORPORATED,-121.10141421,35.966225899999998
90231688,2016,2016-07-27,9730,2016-07-24,1435,020514,,7,2,9,2700,0,2,4,,1,073,"SAN MIGUEL CANYON ROAD","HAMBEY LANE",41.00,S,N,A,-,N,,,,,,,,,,Y,2,0,7,3,A,-,01,23152,A,N,B,C,A,A,H,-,A,D,0,,,,,Y,Y,A,08,1,1,5,0,0,0,0,0,0,"- ","- ",36.837989999999998,-121.68384,MONTEREY,UNINCORPORATED,-121.6838662,36.838125990000002
90231708,2016,2016-07-27,9730,2016-07-24,0155,021009,,7,3,4,2706,0,1,3,,2,062,"SR-1 S/B","PALO VERDE AVE",1584.00,S,N,A,-,Y,,,,,,,,,,Y,2,0,1,1,A,-,01,23152,A,N,E,I,A,A,H,-,D,D,0,,,Y,,Y,Y,C,02,1,0,0,0,0,0,0,0,1,"- ","- ",36.595689999999998,-121.87018999999999,MONTEREY,MONTEREY,,
90233468,2016,2016-07-29,9735,2016-04-19,0312,019486,,2,3,9,2700,0,1,2,,1,041,"U/S 101 SOUTHBOUND","HOBSON AVENUE",1056.00,S,N,A,-,Y,,,,,,,,,,Y,1,1,1,2,A,-,08,22107,,N,D,C,A,A,H,-,D,D,0,,,,,Y,,A,01,0,1,0,0,0,0,0,0,0,"- ","- ",36.273319999999998,-121.18375,MONTEREY,UNINCORPORATED,,
90235432,2016,2016-08-02,9735,2016-07-27,1450,020036,,3,2,9,2700,0,3,5,,2,003,"SR-25 N/B","BITTERWATER RD",2640.00,S,N,A,-,Y,,,,,,,,,,Y,2,0,1,1,A,-,01,23152,A,N,F,A,A,A,H,-,A,D,0,,,Y,,Y,Y,C,02,1,0,0,0,0,0,0,0,1,"- ","- ",36.376069999999999,-120.99587,MONTEREY,UNINCORPORATED,,
90242537,2016,2016-08-11,9735,2016-07-05,1625,019330,,2,2,9,2700,0,3,5,,2,004,"CATTLEMEN RD","RED HEAD CANYON RD",4752.00,S,N,A,-,N,,,,,,,,,,Y,1,1,2,1,A,-,08,22107,,N,F,A,A,A,H,-,A,D,0,,,,,Y,,A,07,0,1,1,0,0,0,0,0,0,"- ","- ",36.033810000000003,-120.90989,MONTEREY,UNINCORPORATED,-120.90961368000001,36.033227179999997
90243966,2016,2016-08-12,9735,2016-08-04,1900,019330,,4,2,9,2700,0,3,5,,2,002,"THOMPSON CANYON RD","CENTRAL AVE",528.00,S,N,A,-,N,,,,,,,,,,Y,2,0,1,1,A,-,08,22107,,N,E,I,A,A,H,-,A,D,0,,,,,Y,,D,22,1,0,0,0,0,0,0,0,0,"- ","- ",36.1357,-121.1032,MONTEREY,UNINCORPORATED,-121.17577393000001,36.232588280000002
90245400,2016,2016-08-16,9730,2016-08-13,0740,019956,,6,1,9,2700,0,1,3,,1,074,SR-1,SR-183,100.00,N,N,B,-,Y,,,1,,,,,,,Y,2,0,2,2,A,-,01,23152,A,N,A,C,A,A,H,-,A,D,0,,,,,Y,Y,D,22,1,1,0,0,0,0,0,0,0,"- ","- ",36.771059999999999,-121.76553,MONTEREY,UNINCORPORATED,-121.7655494,36.771046079999998
90246463,2016,2016-08-17,9730,2016-08-02,2319,017840,,2,3,9,2700,0,2,4,,1,023,"CARMEL VALLEY RD","COUNTRY CLUB DRIVE",528.00,E,N,A,-,N,,,,,,,,,,Y,2,0,1,1,A,-,01,23152,A,N,E,I,A,A,H,-,D,D,0,,,,,Y,Y,A,01,1,0,0,0,0,0,0,0,0,"- ","- ",,,MONTEREY,UNINCORPORATED,-121.74499714,36.492776390000003
90257286,2016,2016-08-30,9730,2016-07-21,1455,019818,,4,2,9,2700,0,1,3,,1,068,"SR-68 EASTBOUND","RESERVATION ROAD",1056.00,W,N,A,-,Y,,,68,,,,,,E,Y,1,1,1,5,A,-,03,22350,,N,C,C,A,A,D,-,A,D,0,,,,,Y,,A,01,0,0,1,0,0,0,0,0,0,"- ","- ",36.62256,-121.68424,MONTEREY,UNINCORPORATED,-121.68419965,36.622536609999997
90260534,2016,2016-09-05,9730,2016-08-20,1240,018543,,6,1,9,2700,0,1,3,,1,072,SR-156,"OAK HILLS DRIVE",1584.00,E,N,A,-,Y,,,156,,,,,,,Y,2,0,2,2,A,-,03,22350,,N,C,C,A,A,H,-,A,D,0,,,Y,,Y,,C,02,1,1,0,0,0,0,0,0,2,"- ","- ",36.784590000000001,-121.68882000000001,MONTEREY,UNINCORPORATED,-121.68880175,36.784548479999998
90269288,2016,2016-09-16,9735,2016-09-12,0609,016816,,1,1,9,2700,0,1,3,,1,034,"SR-198 W/B","FREEMAN FLAT RD.",11088.00,E,N,A,B,Y,,,198,,,,,,W,Y,2,0,3,1,A,-,03,22350,,N,E,I,A,A,H,-,D,D,0,,,,,Y,,M,58,2,0,1,0,0,0,0,0,0,"- ","- ",36.158320000000003,-120.98338,MONTEREY,UNINCORPORATED,-120.98339289,36.158397319999999