CASE_ID,ACCIDENT_YEAR,PROC_DATE,JURIS,COLLISION_DATE,COLLISION_TIME,OFFICER_ID,REPORTING_DISTRICT,DAY_OF_WEEK,CHP_SHIFT,POPULATION,CNTY_CITY_LOC,SPECIAL_COND,BEAT_TYPE,CHP_BEAT_TYPE,CITY_DIVISION_LAPD,CHP_BEAT_CLASS,BEAT_NUMBER,PRIMARY_RD,SECONDARY_RD,DISTANCE,DIRECTION,INTERSECTION,WEATHER_1,WEATHER_2,STATE_HWY_IND,CALTRANS_COUNTY,CALTRANS_DISTRICT,STATE_ROUTE,ROUTE_SUFFIX,POSTMILE_PREFIX,POSTMILE,LOCATION_TYPE,RAMP_INTERSECTION,SIDE_OF_HWY,TOW_AWAY,COLLISION_SEVERITY,NUMBER_KILLED,NUMBER_INJURED,PARTY_COUNT,PRIMARY_COLL_FACTOR,PCF_CODE_OF_VIOL,PCF_VIOL_CATEGORY,PCF_VIOLATION,PCF_VIOL_SUBSECTION,HIT_AND_RUN,TYPE_OF_COLLISION,MVIW,PED_ACTION,ROAD_SURFACE,ROAD_COND_1,ROAD_COND_2,LIGHTING,CONTROL_DEVICE,CHP_ROAD_TYPE,PEDESTRIAN_ACCIDENT,BICYCLE_ACCIDENT,MOTORCYCLE_ACCIDENT,TRUCK_ACCIDENT,NOT_PRIVATE_PROPERTY,ALCOHOL_INVOLVED,STWD_VEHTYPE_AT_FAULT,CHP_VEHTYPE_AT_FAULT,COUNT_SEVERE_INJ,COUNT_VISIBLE_INJ,COUNT_COMPLAINT_PAIN,COUNT_PED_KILLED,COUNT_PED_INJURED,COUNT_BICYCLIST_KILLED,COUNT_BICYCLIST_INJURED,COUNT_MC_KILLED,COUNT_MC_INJURED,PRIMARY_RAMP,SECONDARY_RAMP,LATITUDE,LONGITUDE,COUNTY,CITY,POINT_X,POINT_Y
90269505,2016,2016-09-16,9730,2016-09-02,1814,021407,,5,2,9,2700,0,3,5,,2,007,"CASTROVILLE BLVD","PARADISE ROAD",237.00,E,N,A,-,N,,,,,,,,,,Y,2,0,1,1,A,-,08,22107,,N,E,I,A,A,H,-,A,D,0,,,,,Y,,A,01,1,0,0,0,0,0,0,0,0,"- ","- ",36.799370000000003,-121.69813000000001,MONTEREY,UNINCORPORATED,-121.69787931,36.799585350000001
90270773,2016,2016-09-19,9730,2016-09-11,1029,021359,,7,1,9,2700,0,2,4,,2,063,"BLANCO ROAD","ALISAL STREET",0.00,,Y,A,-,N,,,,,,,,,,Y,2,0,2,2,A,-,01,23152,A,N,D,C,A,A,H,-,A,A,0,,,,,Y,Y,A,07,1,0,1,0,0,0,0,0,0,"- ","- ",,,MONTEREY,UNINCORPORATED,-121.67816000000001,36.664090109999997
90272680,2016,2016-09-21,9730,2016-09-18,1035,018350,,7,1,9,2700,0,1,2,,1,070,"US-101 N/B",SR-156,1056.00,N,N,A,-,Y,,,101,,,,,,N,Y,2,0,3,3,A,-,03,22350,,N,D,C,A,A,H,-,A,D,0,,,Y,,Y,,A,07,2,1,0,0,0,0,0,0,3,"- ","- ",36.794110000000003,-121.6666,MONTEREY,UNINCORPORATED,-121.66653907,36.79409734
9027306,2020,2020-02-24,2708,2020-01-29,1759,85123,SALIN,3,5,6,2708,0,0,0,,0,004,"CONSTITUTION BL","EAST LAUREL DR",12.00,S,N,A,-,N,,,,,,,,,,N,2,0,1,2,A,-,11,21950,B,N,G,B,B,A,H,-,C,A,0,Y,,,,Y,Y,N,60,1,0,0,0,1,0,0,0,0,"- ","- ",,,MONTEREY,SALINAS,-121.63230895996094,36.694488525390625
90276272,2016,2016-09-26,9730,2016-06-24,1834,020514,,5,2,9,2700,0,1,2,,1,030,"US-101 N/B","ESPERANZA ROAD",0.00,,Y,A,-,Y,,,101,,,,,,N,Y,1,1,3,2,A,-,01,23152,A,N,D,C,A,A,H,-,A,D,0,,,,,Y,Y,A,01,0,1,2,0,0,0,0,0,0,"- ","- ",36.589869999999998,-121.5394,MONTEREY,UNINCORPORATED,-121.5394185,36.589850970000001
90281665,2016,2016-10-03,9730,2016-09-30,1400,020514,,5,2,9,2700,0,3,5,,2,003,"ABBOTT ST","HARRIS ROAD",8448.00,S,N,A,-,N,,,,,,,,,,Y,2,0,3,3,A,-,17,21701,,F,D,C,A,A,H,-,A,D,0,,,,Y,Y,,A,01,2,1,0,0,0,0,0,0,0,"- ","- ",36.628810000000001,-121.59054999999999,MONTEREY,UNINCORPORATED,-121.59076186,36.62901866
90282100,2016,2016-10-03,9730,2016-10-01,1114,019745,,6,1,9,2700,0,3,5,,2,003,"CORRAL DE TIERRA RD","ROBLEY RD",622.00,N,N,A,-,N,,,,,,,,,,Y,2,0,1,1,A,-,03,22350,,N,E,J,A,A,H,-,A,D,0,,,,,Y,,A,01,1,0,0,0,0,0,0,0,0,"- ","- ",36.551200000000001,-121.7319,MONTEREY,UNINCORPORATED,-121.73201125,36.551305739999997
90288474,2016,2016-10-10,9730,2016-10-03,0440,021320,,1,3,9,2700,0,3,5,,2,003,"SPRECKLES BLVD","SPRECKLES LANE",57.00,S,N,A,-,N,,,,,,,,,,Y,2,0,2,1,A,-,08,22107,,N,E,I,A,A,H,-,D,D,0,,,,,Y,,A,01,2,0,0,0,0,0,0,0,0,"- ","- ",36.630330000000001,-121.66682,MONTEREY,UNINCORPORATED,-121.66696259,36.630520539999999
90291698,2016,2016-10-13,9735,2016-10-09,1015,018338,,7,1,9,2700,0,1,3,,1,034,SR-198,"PINE VALLEY RD",1584.00,W,N,A,-,Y,,,198,,,,,,,Y,2,0,1,2,A,-,06,21750,,N,B,C,A,A,H,-,A,D,0,,,,,Y,,D,22,1,0,0,0,0,0,0,0,0,"- ","- ",36.165819999999997,-120.87694,MONTEREY,UNINCORPORATED,-120.87694033,36.165901339999998
90296992,2016,2016-10-20,9730,2016-09-24,1510,020514,,6,2,9,2700,0,3,5,,2,004,"OLD STAGE ROAD","WILLIAMS RD",3696.00,S,N,A,-,N,,,,,,,,,,Y,1,1,1,2,A,-,05,21460,A,N,D,C,A,A,H,-,A,D,0,,,,,Y,Y,A,01,0,1,0,0,0,0,0,0,0,"- ","- ",36.412280000000003,-121.3442,MONTEREY,UNINCORPORATED,-121.5680918,36.689824799999997
90300163,2016,2016-10-25,9730,2016-10-13,1553,020899,,4,2,9,2700,0,2,4,,1,073,"SAN MIGUEL CANYON RD.","CASTROVILLE BLVD.",0.00,,Y,A,-,N,,,,,,,,,,N,2,0,1,3,A,-,21,22106,,N,D,C,A,A,H,-,A,A,0,,,,,Y,,A,01,1,0,0,0,0,0,0,0,0,"- ","- ",36.808459999999997,-121.67205,MONTEREY,UNINCORPORATED,-121.67190992,36.808400069999998
90306498,2016,2016-10-31,9730,2016-10-21,2002,020970,,5,2,9,2700,0,1,2,,1,030,"US-101 S/B","OLD STAGE RD",160.00,N,N,A,-,Y,,,101,,,,,,S,Y,2,0,2,2,A,-,08,22107,,N,C,C,A,A,H,-,D,D,0,,,,Y,Y,,A,01,2,0,0,0,0,0,0,0,0,"- ","- ",36.53022,-121.47378999999999,MONTEREY,UNINCORPORATED,-121.47384049999999,36.530158950000001
90308400,2016,2016-11-01,9730,2016-08-11,2237,021009,,4,3,9,2700,0,2,4,,1,073,"SALINAS ROAD","TRAFTON ROAD",1320.00,S,N,A,-,N,,,,,,,,,,Y,1,1,0,2,A,-,01,23152,A,N,C,G,A,A,H,-,D,D,0,,Y,,,Y,Y,A,01,0,0,0,0,0,1,0,0,0,"- ","- ",36.885930000000002,-121.74708,MONTEREY,UNINCORPORATED,-121.74688725999999,36.883168069999996
90308946,2016,2016-11-01,9735,2016-10-04,1640,017292,,2,2,9,2700,0,3,5,,2,003,SR-146,"RAMUS RD",2640.00,E,N,A,-,Y,,,,,,,,,,Y,1,1,0,1,A,-,01,23152,E,N,E,I,A,A,H,-,A,D,0,,,,,Y,,A,01,0,0,0,0,0,0,0,0,0,"- ","- ",36.430489999999999,-121.29917,MONTEREY,UNINCORPORATED,-121.22849727000001,36.432867870000003
90325474,2016,2016-11-21,9730,2016-11-09,0554,021320,,3,3,9,2700,0,2,4,,1,073,"SALINAS ROAD","RAILROAD AVE",440.00,E,N,E,-,N,,,,,,,,,,N,2,0,1,2,A,-,11,21954,A,F,G,B,E,A,H,-,B,D,0,Y,,,,Y,,N,60,1,0,0,0,1,0,0,0,0,"- ","- ",36.896970000000003,-121.74777,MONTEREY,UNINCORPORATED,-121.74764116,36.894505029999998
90325494,2016,2016-11-23,9730,2016-11-12,0300,021396,,6,3,9,2700,0,3,5,,2,007,"TUSTIN ROAD","FRANKIE LANE",1056.00,S,N,A,-,N,,,,,,,,,,Y,2,0,1,1,A,-,01,23152,A,N,H,H,A,A,C,-,D,D,0,,,Y,,Y,Y,C,02,1,0,0,0,0,0,0,0,1,"- ","- ",36.818820000000002,-121.64785000000001,MONTEREY,UNINCORPORATED,-121.6477483,36.818862060000001
90326674,2016,2016-11-21,9730,2016-08-06,1800,020931,,6,2,9,2700,0,2,4,,1,073,"ELKHORN ROAD","GARIN ROAD",219.00,W,N,B,-,N,,,,,,,,,,Y,1,1,1,1,A,-,01,23152,A,N,E,I,A,A,H,-,A,D,0,,,,,Y,Y,A,07,1,0,0,0,0,0,0,0,0,"- ","- ",36.87482,-121.74533,MONTEREY,UNINCORPORATED,-121.74473501,36.873977670000002
90344991,2016,2016-12-14,9730,2016-12-06,1045,021407,,2,1,9,2700,0,2,4,,2,063,"BLANCO ROAD","ARMSTRONG ROAD",825.00,E,N,A,-,N,,,,,,,,,,Y,2,0,1,2,A,-,05,21460,A,N,A,C,A,A,H,-,A,D,0,,,,Y,Y,,A,01,1,0,0,0,0,0,0,0,0,"- ","- ",36.678400000000003,-121.7056,MONTEREY,UNINCORPORATED,-121.70518436,36.678207520000001
90349358,2016,2016-12-20,9730,2016-12-17,1222,019745,,6,1,9,2700,0,1,3,,1,074,SR-1,"SPRINGFIELD RD",2112.00,N,N,A,-,Y,,,1,,,,,,,Y,2,0,4,2,A,-,08,22107,,N,D,C,A,A,H,-,A,D,0,,,,,Y,,A,01,1,2,1,0,0,0,0,0,0,"- ","- ",36.844299999999997,-121.771,MONTEREY,UNINCORPORATED,-121.77110115000001,36.844297879999999
90356388,2016,2016-12-28,9730,2016-12-09,2500,021338,,5,4,9,2700,0,1,3,,1,024,"STATE ROUTE 68 (HOLMAN HIGHWAY)","S.F.B. MORSE DRIVE",1053.00,E,N,A,-,Y,,,,,,,,,,Y,1,1,0,1,A,-,01,23152,A,N,E,I,A,B,H,-,B,D,0,,,,,Y,Y,A,01,0,0,0,0,0,0,0,0,0,"- ","- ",36.354819999999997,-121.55215,MONTEREY,UNINCORPORATED,-121.92237661,36.596604929999998
90357066,2016,2016-12-29,9730,2016-12-21,0240,020896,,3,3,9,2700,0,1,3,,2,062,"SR-1 S/B","LIGHTFIGHTER AVE",1056.00,N,N,A,-,Y,,,1,,,,,,S,Y,2,0,1,1,A,-,01,23152,A,N,F,I,A,A,H,-,C,D,0,,,,,Y,Y,A,01,1,0,0,0,0,0,0,0,0,"- ","- ",36.650060000000003,-121.81486,MONTEREY,UNINCORPORATED,-121.81496644000001,36.65005807
90357910,2016,2016-12-29,9735,2016-12-24,1305,020036,,6,1,9,2700,0,1,2,,2,042,"US-101 S/B",SR-198,13200.00,N,N,B,-,Y,,,101,,,,,,S,Y,2,0,1,1,A,-,08,22107,,N,F,A,A,A,H,-,A,D,0,,,,,Y,,A,07,1,0,0,0,0,0,0,0,0,"- ","- ",36.159669999999998,-121.05009,MONTEREY,UNINCORPORATED,-121.05007139999999,36.159686460000003
90359729,2016,2017-03-16,9730,2016-12-16,2008,019956,,5,2,9,2700,0,2,4,,1,075,"SAN JUAN RD","MURPHY RD",500.00,W,N,A,-,N,,,,,,,,,,Y,2,0,2,2,A,-,05,21460,A,N,A,C,A,A,H,-,D,D,0,,,,,Y,,A,01,1,1,0,0,0,0,0,0,0,"- ","- ",36.897019999999998,-121.67898,MONTEREY,UNINCORPORATED,-121.67771247,36.89680019
90361537,2016,2017-03-17,9730,2016-08-21,0015,020701,,7,3,9,2700,0,3,5,,2,002,"NASON ROAD","LOS PADRES DAM BRIDGE",520.00,W,N,A,-,N,,,,,,,,,,Y,2,0,4,1,A,-,21,22106,,F,F,J,A,A,H,-,D,D,0,,,,,Y,,A,07,1,2,1,0,0,0,0,0,0,"- ","- ",36.386409999999998,-121.66895,MONTEREY,UNINCORPORATED,-121.66628238,36.386927329999999
90362300,2016,2017-01-05,9735,2016-12-24,0915,017681,,6,1,9,2700,0,1,2,,2,043,"US-101 NORTHBOUND","SAN ARDO AIRPORT",3168.00,N,N,A,-,Y,,,101,,,,,,N,Y,2,0,1,3,A,-,03,22350,,N,C,C,A,A,H,-,A,D,0,,,,,Y,,A,01,1,0,0,0,0,0,0,0,0,"- ","- ",36.02075,-120.92952,MONTEREY,UNINCORPORATED,-120.92945826,36.020826470000003
90372667,2016,2017-01-31,9730,2016-11-26,0622,018820,,6,1,6,2708,0,1,2,,1,050,"US101 NORTHBOUND FROM WEST LAUREL DRIVE","WEST LAUREL DRIVE",1056.00,N,N,C,-,Y,,,,,,,,,,N,1,1,0,2,A,-,11,21954,A,N,G,B,D,B,H,-,C,D,0,Y,,,,Y,,N,60,0,0,0,1,0,0,0,0,0,"- ","- ",36.700400000000002,-121.685,MONTEREY,SALINAS,-121.66562544,36.700522229999997
90373157,2017,2017-03-31,9735,2017-01-15,1320,016816,,7,1,9,2700,0,1,2,,1,040,"US-101 N/B","ARROYO SECO RD. O/C",8976.00,S,N,A,-,Y,,,101,,,,,,N,Y,2,0,3,1,A,-,08,22107,,N,E,I,A,A,H,-,A,D,0,,,,,Y,,A,07,1,0,2,0,0,0,0,0,0,"- ","- ",36.389969999999998,-121.30712,MONTEREY,UNINCORPORATED,-121.3070159,36.390045290000003
90387198,2017,2017-02-07,9730,2017-01-31,2228,018810,,2,3,9,2700,0,1,3,,1,022,SR-1,"GARRAPATA TROUT FARM ROAD",400.00,S,N,B,-,Y,,,1,,,,,,,Y,2,0,1,1,A,-,01,23152,A,N,E,I,A,A,H,-,D,D,0,,,,,Y,Y,A,01,1,0,0,0,0,0,0,0,0,"- ","- ",36.417200000000001,-121.91386,MONTEREY,UNINCORPORATED,-121.91382000999999,36.41718384
90404384,2017,2017-07-14,9735,2017-02-11,1355,019700,,6,1,9,2700,0,3,5,,2,003,"ELM AVENUE","ESPINOSA RD",2112.00,E,N,A,-,N,,,,,,,,,,Y,1,1,2,4,A,-,01,23152,A,N,E,I,E,A,H,-,A,A,0,Y,,,,Y,Y,A,01,1,0,1,1,2,0,0,0,0,"- ","- ",36.337690000000002,-121.20522,MONTEREY,UNINCORPORATED,-121.20641431,36.337030720000001
90405823,2016,2017-03-06,9730,2016-10-18,2115,020065,,2,2,9,2700,0,3,5,,2,003,"FOLETTA ROAD","ALTA STREET",5280.00,N,N,A,-,N,,,,,,,,,,Y,1,1,0,3,A,-,11,21954,A,F,G,B,E,A,H,-,D,D,0,Y,,,,Y,,N,60,0,0,0,1,0,0,0,0,0,"- ","- ",36.533670000000001,-121.47886,MONTEREY,UNINCORPORATED,-121.46535,36.523139999999998
90406531,2017,2017-03-06,9730,2017-01-20,2240,020916,,5,3,9,2700,0,1,3,,1,068,SR-68,"TORERO DRIVE",3168.00,W,N,C,-,Y,,,68,,,,,,,Y,1,1,1,2,A,-,05,21650,,N,D,C,A,B,H,-,D,D,0,,,,,Y,,A,07,0,0,1,0,0,0,0,0,0,"- ","- ",36.586970000000001,-121.71184,MONTEREY,UNINCORPORATED,-121.71188184,36.58698674
90413943,2017,2017-03-16,9735,2017-02-18,1600,017681,,6,2,9,2700,0,1,2,,1,040,"US-101 SOUTHBOUND","THORNE ROAD",1056.00,N,N,B,-,Y,,,101,,,,,,S,Y,1,1,0,1,A,-,01,23152,A,N,E,I,A,A,H,-,A,D,0,,,,,Y,Y,A,01,0,0,0,0,0,0,0,0,0,"- ","- ",36.341569999999997,-121.25744,MONTEREY,UNINCORPORATED,-121.25730724,36.341689150000001
90415018,2017,2017-03-20,9730,2017-03-13,0900,018350,,1,1,9,2700,0,1,3,,1,068,"SR-68 W/B (SALINAS-MONTEREY HIGHWAY)","PORTOLA ROAD",348.00,W,N,A,-,Y,,,68,,,,,,W,Y,2,0,1,3,A,-,03,22350,,N,C,C,A,A,H,-,A,D,0,,,,,Y,,D,22,1,0,0,0,0,0,0,0,0,"- ","- ",36.6068,-121.69347999999999,MONTEREY,UNINCORPORATED,-121.69348536,36.606803540000001
90428150,2017,2017-04-05,9730,2017-04-02,0513,019956,,7,3,9,2700,0,1,2,,1,050,"US-101 N/B","LAUREL DR",2112.00,N,N,B,-,Y,,,101,,,,,,N,Y,2,0,1,1,A,-,01,23152,A,N,F,A,A,A,H,-,D,D,0,,,,,Y,Y,D,22,1,0,0,0,0,0,0,0,0,"- ","- ",36.703899999999997,-121.6662,MONTEREY,UNINCORPORATED,-121.66623973,36.703906179999997
90429161,2017,2017-04-06,9730,2017-03-14,2320,020576,,2,3,9,2700,0,2,4,,1,073,"SAN MIGUEL CANYON ROAD","HAMBEY LANE",52.00,S,N,B,E,N,,,,,,,,,,Y,1,1,3,2,A,-,01,23152,A,N,A,C,A,A,H,-,D,D,0,,,,,Y,Y,A,01,3,0,0,0,0,0,0,0,0,"- ","- ",36.838120000000004,-121.68384,MONTEREY,UNINCORPORATED,-121.68385177,36.838098090000003
90433959,2017,2017-04-13,9735,2017-04-04,1510,016816,,2,2,9,2700,0,3,5,,2,002,"NACIMIENTO LAKE DR.","JOLON RD.",2640.00,S,N,A,-,Y,,,,,,,,,,Y,2,0,1,2,A,-,05,21651,A,N,B,C,A,A,H,-,A,D,0,,,Y,,Y,,C,02,1,0,0,0,0,0,0,0,1,"- ","- ",35.869929999999997,-120.82746,MONTEREY,UNINCORPORATED,-120.8382939,35.866693040000001
9043682,2020,2020-02-25,2708,2020-01-06,1913,16258,SALIN,1,5,6,2708,0,0,0,,0,011,"WILLIAMS RD","ALMA AV",88.00,S,N,A,-,N,,,,,,,,,,N,2,0,1,2,A,-,11,21954,A,N,G,B,D,A,H,-,C,D,0,Y,,,,Y,Y,N,60,1,0,0,0,1,0,0,0,0,"- ","- ",,,MONTEREY,SALINAS,-121.60970306396484,36.678131103515625
9043698,2020,2020-02-25,2708,2020-01-04,0948,37663,,6,5,6,2708,0,0,0,,0,011,"CONSTITUTION BL","LAS CASITAS DR",0.00,,Y,A,-,N,,,,,,,,,,N,2,0,1,2,A,-,09,21801,A,N,D,G,A,A,H,-,A,D,0,,Y,,,Y,,L,04,1,0,0,0,0,0,1,0,0,"- ","- ",,,MONTEREY,SALINAS,-121.61258697509766,36.698780059814453
90437107,2017,2017-04-18,9730,2017-04-12,0014,020233,,3,3,9,2700,0,2,4,,1,073,"PORTER DRIVE","SALINAS ROAD",150.00,W,N,B,-,N,,,,,,,,,,Y,2,0,2,2,A,-,01,23152,A,F,D,E,A,B,H,-,C,D,0,,,,,Y,Y,A,01,1,1,0,0,0,0,0,0,0,"- ","- ",36.902749999999997,-121.74879,MONTEREY,UNINCORPORATED,-121.74877646,36.902844379999998
9043730,2020,2020-02-25,2708,2020-01-13,0931,35826,,1,5,6,2708,0,0,0,,0,008,"STONE ST","WEST MARKET ST",330.00,S,N,A,-,N,,,,,,,,,,N,2,0,2,3,A,-,10,21954,B,F,G,B,D,A,H,-,A,D,0,Y,,,,Y,,A,07,2,0,0,0,2,0,0,0,0,"- ","- ",,,MONTEREY,SALINAS,-121.65884399414062,36.677665710449219
9043734,2020,2020-02-25,2708,2020-01-14,0826,30424,,2,5,6,2708,0,0,0,,0,011,"NORTH SANBORN RD","GARNER AV",290.00,N,N,A,-,N,,,,,,,,,,Y,2,0,2,4,A,-,08,22107,,N,B,C,A,A,H,-,A,D,0,,,,,Y,,A,01,1,1,0,0,0,0,0,0,0,"- ","- ",,,MONTEREY,SALINAS,-121.61432647705078,36.686664581298828
9043756,2019,2020-02-26,2708,2019-12-13,1800,79945,,5,5,6,2708,0,0,0,,0,002,"NORTH MAIN ST","MADRID ST",580.00,N,N,A,-,N,,,,,,,,,,Y,2,0,2,3,A,-,09,21801,A,N,D,C,A,A,H,-,C,D,0,,,,,Y,,-,,2,0,0,0,0,0,0,0,0,"- ","- ",,,MONTEREY,SALINAS,-121.65499877929688,36.71484375
90443621,2017,2017-04-27,9730,2017-04-25,0655,019529,,2,1,9,2700,0,2,4,,1,073,"HALL ROAD","JOHNSON ROAD",600.00,E,N,A,-,N,,,,,,,,,,Y,2,0,5,4,A,-,08,22107,,N,B,C,A,A,H,-,A,D,0,,,,,Y,,A,01,1,1,3,0,0,0,0,0,0,"- ","- ",36.860469999999999,-121.70417,MONTEREY,UNINCORPORATED,-121.70532392,36.860644780000001
90448490,2017,2017-05-03,9730,2017-02-06,0500,020208,,1,3,9,2700,0,1,3,,1,014,SR-1,"MIDDLE ROAD",14784.00,S,N,B,-,Y,,,1,,,,,,,Y,1,1,0,1,A,-,08,22107,,N,E,I,A,B,H,-,D,D,0,,,,,Y,,A,01,0,0,0,0,0,0,0,0,0,"- ","- ",36.27281,-121.81259,MONTEREY,UNINCORPORATED,-121.81258387,36.27287372
90450461,2017,2017-05-08,9730,2017-05-01,1853,020584,,1,2,9,2700,0,3,5,,2,005,"CRAZY HORSE CANYON RD.","DUMP RD.",400.00,S,N,A,-,N,,,,,,,,,,N,2,0,1,1,A,-,03,22350,,N,E,I,A,A,H,-,A,D,0,,,Y,,Y,,C,02,1,0,0,0,0,0,0,0,1,"- ","- ",36.801360000000003,-121.61532,MONTEREY,UNINCORPORATED,-121.61534915,36.801235939999998
90454800,2017,2017-05-12,9730,2017-05-07,0550,019818,,7,3,9,2700,0,1,2,,1,050,"US 101 SOUTHBOUND","MAIN STREET",528.00,N,N,B,-,Y,,,,,,,,,,Y,2,0,1,3,A,-,08,22107,,N,E,I,A,A,H,-,B,D,0,,,,,Y,,A,07,1,0,0,0,0,0,0,0,0,"- ","- ",36.687620000000003,-121.6546,MONTEREY,UNINCORPORATED,-121.51922030999999,36.570454939999998
90460047,2017,2017-05-22,9730,2017-05-11,1637,020899,,4,2,9,2700,0,2,4,,1,075,"SAN JUAN ROAD","ALLISON STREET",0.00,,Y,A,-,N,,,,,,,,,,Y,2,0,1,2,A,-,09,21802,A,N,D,C,A,A,H,-,A,A,0,,,,,Y,,A,08,1,0,0,0,0,0,0,0,0,"- ","- ",36.904229999999998,-121.73621,MONTEREY,UNINCORPORATED,-121.73619994000001,36.904240080000001
90460246,2017,2017-05-22,9730,2017-05-03,0912,017803,,3,1,9,2700,0,1,3,,1,012,"SR-1 (CABRILLO HIGHWAY)","WILL CREEK ROAD",2640.00,S,N,A,-,Y,,,1,,,,,,,Y,2,0,1,1,A,-,01,23152,A,N,F,A,A,A,D,-,A,D,0,,,Y,,Y,Y,C,02,1,0,0,0,0,0,0,0,1,"- ","- ",35.881709999999998,-121.45215,MONTEREY,UNINCORPORATED,-121.45214785,35.881712469999997
90462019,2017,2017-05-23,9730,2017-05-21,1319,019569,,7,1,9,2700,0,1,2,,1,070,"US-101 N/B","PRUNEDALE SOUTH RD O/C",1584.00,S,N,A,-,Y,,,,,,,,,,Y,2,0,2,2,A,-,03,22350,,N,C,C,A,A,H,-,A,D,0,,,Y,,Y,,C,02,1,1,0,0,0,0,0,0,2,"- ","- ",36.768799999999999,-121.66784,MONTEREY,UNINCORPORATED,-121.66790976,36.76544612
90462440,2017,2017-05-26,9735,2017-05-14,1155,020036,,7,1,9,2700,0,3,5,,2,002,"MCCANDLESS RD","NORTH SHORE ROAD",1056.00,S,N,A,-,N,,,,,,,,,,N,2,0,1,1,A,-,16,38330,,N,F,A,A,A,G,-,A,D,0,,,,,Y,,M,44,1,0,0,0,0,0,0,0,0,"- ","- ",35.865189999999998,-120.97444,MONTEREY,UNINCORPORATED,,
90471081,2017,2017-06-05,9730,2017-06-03,1403,019956,,6,2,9,2700,0,1,3,,1,068,SR-68,"TORERO DR",0.00,,Y,A,-,Y,,,68,,,,,,,Y,2,0,1,2,A,-,09,21802,A,N,D,C,A,A,H,-,A,D,0,,,Y,,Y,,A,07,1,0,0,0,0,0,0,0,1,"- ","- ",36.593670000000003,-121.70456,MONTEREY,UNINCORPORATED,-121.70452244000001,36.593620039999998
90471263,2017,2017-06-05,9730,2017-05-22,0921,019569,,1,1,9,2700,0,2,4,,1,073,"SAN MIGUEL CANYON RD","HALL RD",0.00,,Y,A,-,N,,,,,,,,,,Y,1,1,0,2,A,-,09,21453,C,N,D,C,A,A,H,-,A,A,0,,,,Y,Y,,D,22,0,0,0,0,0,0,0,0,0,"- ","- ",36.859310000000001,-121.69522000000001,MONTEREY,UNINCORPORATED,-121.69519993999999,36.859320099999998
90471468,2017,2017-06-06,9730,2017-06-04,0144,020990,,7,3,9,2700,0,3,5,,2,005,"HARRISON ROAD","MARTINES ROAD",119.00,N,N,A,-,N,,,,,,,,,,Y,2,0,2,1,A,-,01,23152,A,N,F,A,A,A,H,-,D,D,0,,,,,Y,Y,A,01,2,0,0,0,0,0,0,0,0,"- ","- ",36.74962,-121.65751,MONTEREY,UNINCORPORATED,-121.65731445999999,36.749393419999997
90477523,2017,2017-06-14,9735,2017-05-05,1915,019700,,5,2,9,2700,0,3,5,,2,001,"LOCKWOOD SAN LUCAS ROAD","LOCKWOOD JOLON ROAD",14784.00,E,N,A,-,N,,,,,,,,,,Y,1,1,0,2,A,-,05,21650,,N,A,C,A,A,H,-,A,D,0,,,Y,,Y,Y,C,02,0,0,0,0,0,0,0,1,0,"- ","- ",36.003660000000004,-121.06744,MONTEREY,UNINCORPORATED,-121.08629000000001,35.966119999999997
90477569,2017,2017-06-14,9735,2017-06-09,1318,019965,,5,1,9,2700,0,1,2,,1,041,"US 101 S/B","CENTRAL AVE",200.00,S,N,A,-,Y,,,,,,,,,,Y,2,0,1,2,A,-,01,23152,A,N,C,C,A,A,H,-,A,D,0,,,,,Y,Y,A,01,1,0,0,0,0,0,0,0,0,"- ","- ",36.233690000000003,-121.17462,MONTEREY,UNINCORPORATED,-121.17445530000001,36.233252399999998
90492769,2017,2017-07-03,9730,2017-06-26,1834,019818,,1,2,9,2700,0,3,5,,2,004,"LINCOLN ST","MAIN ST",0.00,,Y,A,-,N,,,,,,,,,,N,2,0,1,1,A,-,08,22107,,N,F,A,A,A,B,-,A,A,0,,,Y,,Y,,C,06,1,0,0,0,0,0,0,0,1,"- ","- ",36.570920000000001,-121.51573,MONTEREY,UNINCORPORATED,-121.51569993,36.57091003
90493825,2017,2017-07-05,9735,2017-06-30,1533,019700,,5,2,9,2700,0,1,3,,2,031,SR-25,"LONOAK ROAD",1056.00,N,N,A,-,Y,,,,,,,,,,Y,2,0,1,1,A,-,08,22107,,N,F,A,A,A,H,-,A,D,0,,,Y,,Y,,C,02,1,0,0,0,0,0,0,0,1,"- ","- ",36.164230000000003,-120.56261000000001,MONTEREY,UNINCORPORATED,,
90494662,2017,2017-07-06,9730,2017-06-28,1950,019956,,3,2,9,2700,0,1,3,,1,014,SR-1,"CAPTAIN COOPER ELEM. SCHOOL RD",528.00,S,N,A,-,Y,,,1,,,,,,,Y,2,0,1,1,A,-,08,22107,,N,E,I,A,A,H,-,B,D,0,,,,,Y,,A,01,1,0,0,0,0,0,0,0,0,"- ","- ",36.273699999999998,-121.8182,MONTEREY,UNINCORPORATED,-121.81814519,36.273750839999998