CASE_ID,ACCIDENT_YEAR,PROC_DATE,JURIS,COLLISION_DATE,COLLISION_TIME,OFFICER_ID,REPORTING_DISTRICT,DAY_OF_WEEK,CHP_SHIFT,POPULATION,CNTY_CITY_LOC,SPECIAL_COND,BEAT_TYPE,CHP_BEAT_TYPE,CITY_DIVISION_LAPD,CHP_BEAT_CLASS,BEAT_NUMBER,PRIMARY_RD,SECONDARY_RD,DISTANCE,DIRECTION,INTERSECTION,WEATHER_1,WEATHER_2,STATE_HWY_IND,CALTRANS_COUNTY,CALTRANS_DISTRICT,STATE_ROUTE,ROUTE_SUFFIX,POSTMILE_PREFIX,POSTMILE,LOCATION_TYPE,RAMP_INTERSECTION,SIDE_OF_HWY,TOW_AWAY,COLLISION_SEVERITY,NUMBER_KILLED,NUMBER_INJURED,PARTY_COUNT,PRIMARY_COLL_FACTOR,PCF_CODE_OF_VIOL,PCF_VIOL_CATEGORY,PCF_VIOLATION,PCF_VIOL_SUBSECTION,HIT_AND_RUN,TYPE_OF_COLLISION,MVIW,PED_ACTION,ROAD_SURFACE,ROAD_COND_1,ROAD_COND_2,LIGHTING,CONTROL_DEVICE,CHP_ROAD_TYPE,PEDESTRIAN_ACCIDENT,BICYCLE_ACCIDENT,MOTORCYCLE_ACCIDENT,TRUCK_ACCIDENT,NOT_PRIVATE_PROPERTY,ALCOHOL_INVOLVED,STWD_VEHTYPE_AT_FAULT,CHP_VEHTYPE_AT_FAULT,COUNT_SEVERE_INJ,COUNT_VISIBLE_INJ,COUNT_COMPLAINT_PAIN,COUNT_PED_KILLED,COUNT_PED_INJURED,COUNT_BICYCLIST_KILLED,COUNT_BICYCLIST_INJURED,COUNT_MC_KILLED,COUNT_MC_INJURED,PRIMARY_RAMP,SECONDARY_RAMP,LATITUDE,LONGITUDE,COUNTY,CITY,POINT_X,POINT_Y
90497719,2017,2017-07-11,9730,2017-07-01,0110,021338,,6,3,9,2700,0,3,5,,2,007,"SALINAS ROAD","TRAFTON ROAD",820.00,N,N,A,-,N,,,,,,,,,,Y,2,0,3,2,A,-,09,21801,A,N,D,C,A,A,H,-,C,D,0,,,,,Y,Y,D,22,1,0,2,0,0,0,0,0,0,"- ","- ",36.889870000000002,-121.74669,MONTEREY,UNINCORPORATED,-121.7472229,36.889040899999998
90501849,2017,2017-08-01,9730,2017-05-31,1524,019981,,3,2,9,2700,0,1,3,,1,014,"STATE ROUTE 1","CAPTAIN COOPER ROAD",198.00,S,N,A,-,Y,,,1,,,,,,,Y,1,1,5,1,A,-,08,22107,,N,E,I,A,A,H,-,A,D,0,,,,,Y,,A,08,0,1,4,0,0,0,0,0,0,"- ","- ",36.274799999999999,-121.81898,MONTEREY,UNINCORPORATED,-121.81899098,36.274789319999996
90505975,2017,2017-07-24,9730,2017-07-16,1737,020245,,7,2,9,2700,0,1,3,,1,074,"STATE ROUTE 1","JENSEN ROAD",300.00,S,N,A,-,Y,,,1,,,,,,,Y,2,0,1,2,A,-,11,21954,A,N,B,C,E,A,H,-,A,D,0,Y,,,,Y,,N,60,1,0,0,0,1,0,0,0,0,"- ","- ",36.85304,-121.77113,MONTEREY,UNINCORPORATED,-121.77112205,36.853039959999997
90505989,2017,2017-07-24,9730,2017-07-16,0802,019745,,7,1,9,2700,0,3,5,,2,004,"OLD STAGE RD","CHUALAR RD",528.00,S,N,A,-,N,,,,,,,,,,Y,2,0,1,1,A,-,01,23152,A,N,E,I,A,A,H,-,A,D,0,,,,,Y,Y,A,01,1,0,0,0,0,0,0,0,0,"- ","- ",36.579900000000002,-121.49679999999999,MONTEREY,UNINCORPORATED,-121.49733675,36.580430980000003
90512140,2017,2017-07-31,9730,2017-07-16,2154,020899,,7,2,9,2700,0,2,4,,1,073,"SALINAS ROAD","JONATHAN STREET",63.00,N,N,A,-,N,,,,,,,,,,Y,2,0,1,2,A,-,11,21954,A,F,G,B,D,A,H,-,D,D,0,Y,,,,Y,Y,N,60,1,0,0,0,1,0,0,0,0,"- ","- ",36.901049999999998,-121.74817,MONTEREY,UNINCORPORATED,-121.74818174000001,36.900992819999999
90515166,2017,2017-08-02,9735,2017-07-31,1708,019486,,1,2,9,2700,0,2,4,,2,010,"ARROYO SECO RD","THORNE RD",396.00,W,N,A,-,N,,,,,,,,,,Y,2,0,6,2,A,-,05,21460,C,N,B,C,A,A,H,-,A,D,0,,,,Y,Y,,A,08,2,1,3,0,0,0,0,0,0,"- ","- ",36.313420000000001,-121.3113,MONTEREY,UNINCORPORATED,-121.31147221000001,36.315838120000002
90517729,2017,2018-07-17,9730,2017-05-13,1258,020391,,6,1,9,2700,0,3,5,,2,006,"ESPINOSA ROAD","RODGERS ROAD",1475.00,E,N,A,G,N,,,,,,,,,,Y,1,3,0,3,A,-,01,23152,F,N,D,C,A,A,H,-,A,D,0,,,,Y,Y,,A,01,0,0,0,0,0,0,0,0,0,"- ","- ",36.742939999999997,-121.68662,MONTEREY,UNINCORPORATED,-121.68663891999999,36.742982589999997
90520349,2017,2017-08-10,9730,2017-08-03,2334,020990,,4,3,9,2700,0,1,3,,1,068,"EASTBOUND SR-68","JOSSELYN CANYON ROAD",1584.00,W,N,A,-,Y,,,68,,,,,,,Y,2,0,1,1,A,-,08,22107,,N,E,I,A,A,H,-,D,D,0,,,,,Y,Y,A,07,1,0,0,0,0,0,0,0,0,"- ","- ",36.586640000000003,-121.8643,MONTEREY,UNINCORPORATED,-121.86425662000001,36.586702580000001
9052721,2019,2020-06-30,2708,2019-12-31,1317,07904,,2,5,6,2708,0,0,0,,0,009,"SOUTH MAIN ST","PLAZA CIR",0.00,,Y,A,-,Y,MON,5,68,-,-,20.110,I,5,E,Y,2,0,2,2,A,-,09,21802,A,N,D,C,A,A,H,-,A,-,0,,,,,Y,,A,01,2,0,0,0,0,0,0,0,0,"- ","- ",,,MONTEREY,SALINAS,-121.65959167480469,36.657512664794922
90527514,2017,2017-09-11,9735,2017-05-21,1026,017257,,7,1,9,2700,0,1,2,,2,045,"US 101 NORTHBOUND","BRADELY ROAD UNDERCROSSING",2770.00,S,N,A,-,Y,,,,,,,,,,Y,1,2,3,3,A,-,08,22107,,N,A,C,A,A,H,-,A,A,0,,,,,Y,,D,22,1,1,1,0,0,0,0,0,0,"- ","- ",35.860370000000003,-120.8079,MONTEREY,UNINCORPORATED,,
90528035,2017,2017-08-22,9730,2017-08-14,0616,018298,,1,1,9,2700,0,1,2,,1,030,"US-101 S/B TO FRONT ST.","FRONT ST. TO US-101 S/B",0.00,,Y,B,-,Y,,,101,,,,R,,S,Y,2,0,2,2,A,-,01,23152,A,N,A,C,A,A,H,-,A,D,0,,,,,Y,,A,01,1,1,0,0,0,0,0,0,0,"- ","- ",36.435499999999998,-121.34312,MONTEREY,UNINCORPORATED,-121.34312,36.435499999999998
90533856,2017,2017-08-25,9730,2017-08-20,1125,018298,,7,1,9,2700,0,3,5,,2,004,"OLD STAGE RD.","SPENCE RD.",31.00,S,N,A,-,N,,,,,,,,,,Y,2,0,2,2,A,-,12,22450,A,N,A,C,A,A,H,-,A,A,0,,,,,Y,,A,01,1,0,1,0,0,0,0,0,0,"- ","- ",36.629989999999999,-121.53973999999999,MONTEREY,UNINCORPORATED,-121.53979296,36.629846299999997
90535666,2017,2017-08-28,9730,2017-07-25,1024,017785,,2,1,9,2700,0,1,3,,1,068,SR-68,"CORRAL DE TIERRA ROAD",1056.00,W,N,A,-,Y,,,68,,,,,,,Y,1,1,1,3,A,-,08,22107,,N,D,C,A,A,H,-,A,D,0,,,,,Y,,A,01,0,1,0,0,0,0,0,0,0,"- ","- ",36.577509999999997,-121.73049,MONTEREY,UNINCORPORATED,-121.73051196999999,36.577544209999999
90537091,2017,2017-08-30,9735,2017-08-26,0955,019965,,6,1,9,2700,0,3,5,,2,003,"CATTLEMEN RD",SR-198,6864.00,N,N,A,-,N,,,,,,,,,,N,2,0,2,3,A,-,03,22350,,N,C,G,A,A,H,-,A,D,0,,Y,,,Y,,L,04,1,1,0,0,0,0,2,0,0,"- ","- ",36.128019999999999,-121.02557,MONTEREY,UNINCORPORATED,-121.03341709,36.137245839999999
90541766,2017,2017-09-06,9730,2017-08-31,1714,020621,,4,2,9,2700,0,3,5,,2,007,"LAKEVIEW DRIVE","VERDE DRIVE",0.00,,Y,A,-,N,,,,,,,,,,N,2,0,1,2,A,-,09,21800,A,N,D,G,A,A,H,-,A,D,0,,Y,,,Y,,L,04,1,0,0,0,0,0,1,0,0,"- ","- ",36.813960000000002,-121.70556000000001,MONTEREY,UNINCORPORATED,-121.70563989,36.813970060000003
90542473,2017,2017-09-07,9735,2017-09-03,0420,020710,,7,3,9,2700,0,3,5,,2,003,"METZ RD.","BLUE JAY LANE",215.00,S,N,A,-,N,,,,,,,,,,Y,2,0,1,1,A,-,08,22107,,N,E,I,A,A,H,-,D,D,0,,,,,Y,,D,22,1,0,0,0,0,0,0,0,0,"- ","- ",36.399180000000001,-121.25248000000001,MONTEREY,UNINCORPORATED,-121.25912117,36.404013380000002
90542691,2017,2017-09-07,9730,2017-09-01,1505,019956,,5,2,4,2706,0,1,3,,2,062,"SR-1 N/B","CASA VERDE WAY",500.00,N,N,A,-,Y,,,1,,,,,,N,Y,2,0,4,3,A,-,03,22350,,N,C,C,A,A,H,-,A,D,0,,,,,Y,,A,08,1,0,3,0,0,0,0,0,0,"- ","- ",36.600090000000002,-121.86342,MONTEREY,MONTEREY,-121.86339115,36.600064979999999
90546161,2017,2017-09-12,9735,2017-09-10,0240,020057,,7,3,9,2700,0,3,5,,2,002,"INTERLAKE RD.","JOLON RD.",10560.00,S,N,A,-,N,,,,,,,,,,Y,2,0,1,1,A,-,01,23152,A,N,F,A,A,A,H,-,D,D,0,,,,,Y,Y,D,22,1,0,0,0,0,0,0,0,0,"- ","- ",35.91301,-121.08712,MONTEREY,UNINCORPORATED,-121.08763136,35.908950410000003
90546747,2017,2017-09-13,9730,2017-08-28,0554,012332,,1,3,9,2700,0,2,4,,1,075,"SAN JUAN ROAD","MURPHY RD",2640.00,W,N,E,-,N,,,,,,,,,,Y,1,1,1,2,A,-,05,21650,,N,A,C,A,A,H,-,D,D,0,,,,,Y,,A,01,0,1,0,0,0,0,0,0,0,"- ","- ",36.898429999999998,-121.68588,MONTEREY,UNINCORPORATED,-121.68482779999999,36.898179669999998
90546749,2017,2017-09-13,9730,2017-08-01,1000,017785,,2,1,9,2700,0,1,2,,1,030,"US-101 SOUTHBOUND","SPENCE ROAD",0.00,,Y,A,-,Y,,,101,,,,,,S,Y,1,2,2,2,A,-,09,21801,A,F,D,C,A,A,H,-,A,D,0,,,,,Y,,A,01,0,1,1,0,0,0,0,0,0,"- ","- ",36.612740000000002,-121.56744,MONTEREY,UNINCORPORATED,-121.56735402,36.612857579999996
90546956,2017,2018-05-21,9730,2017-09-05,2500,019239,,2,4,9,2700,0,3,5,,2,003,"CALERA CANYON RD","CORAL DE TIERRRA RD",1584.00,S,N,A,-,N,,,,,,,,,,N,1,1,0,1,D,-,00,,,N,F,A,A,A,H,-,A,D,0,,Y,,,Y,,-,"- ",0,0,0,0,0,1,0,0,0,"- ","- ",36.543950000000002,-121.73524,MONTEREY,UNINCORPORATED,-121.73442177,36.545642559999997
90548376,2017,2017-09-15,9730,2017-07-29,1000,019529,,6,1,9,2700,0,1,2,,1,070,"UNITED STATES - 101 (SOUTHBOUND)","DUNBARTON ROAD",1564.00,S,N,B,-,Y,,,,,,,,,,Y,1,1,0,3,A,-,07,21658,A,F,B,C,A,A,H,-,A,D,0,,,Y,Y,Y,,C,02,0,0,0,0,0,0,0,1,0,"- ","- ",36.841349999999998,-121.63292,MONTEREY,UNINCORPORATED,-121.63273932,36.84123211
90548382,2017,2018-05-24,9730,2017-09-03,1313,019569,,7,1,9,2700,0,2,4,,1,073,"SAN MIGUEL CANYON ROAD","HAMBEY LANE",2112.00,W,N,A,-,N,,,,,,,,,,Y,1,1,5,3,A,-,01,23152,A,N,B,C,A,A,H,-,A,D,0,,,,,Y,Y,A,01,0,3,2,0,0,0,0,0,0,"- ","- ",36.843170000000001,-121.68924,MONTEREY,UNINCORPORATED,-121.68869604,36.842539930000001
90550865,2017,2017-09-19,9730,2017-09-08,2150,020065,,5,2,9,2700,0,3,5,,2,003,"CACHAGUA ROAD","ASOLEADO DRIVE",2640.00,E,N,A,-,N,,,,,,,,,,Y,2,0,1,1,A,-,01,23152,A,N,E,I,A,A,H,-,D,D,0,,,Y,,Y,Y,C,02,1,0,0,0,0,0,0,0,1,"- ","- ",36.393940000000001,-121.64067,MONTEREY,UNINCORPORATED,-121.64156319,36.394883190000002
90550924,2017,2017-09-19,9735,2017-09-13,1705,018338,,3,2,9,2700,0,3,5,,2,002,"JOLON RD","NEW PLEYTO RD",3168.00,N,N,A,-,N,,,,,,,,,,Y,2,0,1,1,A,-,08,22107,,N,F,A,A,A,H,-,A,D,0,,,,,Y,,D,22,1,0,0,0,0,0,0,0,0,"- ","- ",35.906190000000002,-120.99457,MONTEREY,UNINCORPORATED,-120.99444241,35.906220560000001
90552574,2017,2017-09-20,9730,2017-07-15,1438,020208,,6,2,9,2700,0,1,3,,1,068,"SR-68 SALINAS","LAURELES GRADE",573.00,W,N,B,-,Y,,,68,,,,,,,Y,1,1,2,1,A,-,08,22107,,N,E,I,A,A,H,-,A,D,0,,,,,Y,,A,07,0,2,0,0,0,0,0,0,0,"- ","- ",36.570039999999999,-121.75751,MONTEREY,UNINCORPORATED,-121.7575205,36.569970599999998
90552584,2017,2017-09-22,9730,2017-07-19,2130,020677,,3,2,9,2700,0,1,3,,1,014,"STATE ROUTE-1","COAST ROAD",3050.00,N,N,A,-,Y,,,1,,,,,,,Y,1,1,0,1,A,-,08,22107,,N,F,A,A,A,H,-,D,D,0,,,,,Y,,D,22,0,0,0,0,0,0,0,0,0,"- ","- ",36.288730000000001,-121.85175,MONTEREY,UNINCORPORATED,-121.85174871,36.288794879999998
90555614,2017,2018-03-14,9730,2017-07-15,1804,021707,,6,2,9,2700,0,1,2,,1,030,"UNITED STATES-101 NORTHBOUND","SPENCE ROAD",240.00,N,N,A,-,Y,,,,,,,,,,Y,1,1,5,2,A,-,08,22107,,N,A,C,A,A,H,-,A,D,0,,,,,Y,,A,01,0,3,2,0,0,0,0,0,0,"- ","- ",36.613379999999999,-121.56774,MONTEREY,UNINCORPORATED,-121.56754597,36.613262800000001
90558010,2017,2017-09-28,9730,2017-09-23,2249,020990,,6,3,9,2700,0,2,4,,1,073,"SALINAS ROAD","LEWIS ROAD",60.00,N,N,A,-,N,,,,,,,,,,Y,2,0,1,2,A,-,01,23152,A,N,C,C,A,A,H,-,D,D,0,,,Y,,Y,Y,C,02,1,0,0,0,0,0,0,0,1,"- ","- ",36.891750000000002,-121.74732,MONTEREY,UNINCORPORATED,-121.7473359,36.89115434
90561888,2017,2017-10-04,9730,2017-08-27,2245,020896,,7,3,9,2700,0,3,5,,2,002,"JOSSELYN CANYON ROAD","TWIN OAKS DRIVE",528.00,S,N,B,-,N,,,,,,,,,,Y,1,1,0,1,A,-,03,22350,,N,E,I,A,A,H,-,D,D,0,,,Y,,Y,,C,02,0,0,0,0,0,0,0,1,0,"- ","- ",36.58437,-121.86668,MONTEREY,UNINCORPORATED,-121.86261566,36.581668379999996
90570917,2017,2017-10-16,9735,2017-10-14,1528,019330,,6,2,9,2700,0,3,5,,2,001,"ARROYO SECO RD","CEDAR AVE",3168.00,S,N,A,-,Y,,,,,,,,,,Y,2,0,1,1,A,-,01,23152,A,N,E,I,A,A,H,-,A,D,0,,,,,Y,Y,A,01,1,0,0,0,0,0,0,0,0,"- ","- ",36.188650000000003,-121.18458,MONTEREY,UNINCORPORATED,-121.31400298,36.296194059999998
90573619,2017,2017-10-18,9730,2017-10-11,1339,017184,,3,1,9,2700,0,1,3,,1,022,SR-1,"OCEAN AVE.",218.00,N,N,A,-,Y,,,1,,,,,,,Y,2,0,2,3,A,-,01,23152,F,N,C,C,A,A,H,-,A,A,0,,,,,Y,,A,01,1,0,1,0,0,0,0,0,0,"- ","- ",36.556609999999999,-121.91135,MONTEREY,UNINCORPORATED,-121.91125504,36.556622699999998
90582981,2017,2017-10-30,9730,2017-10-21,1940,021320,,6,2,9,2700,0,3,5,,2,003,"RIVER ROAD","CHUALAR RIVER ROAD",4752.00,N,N,A,-,N,,,,,,,,,,Y,2,0,1,1,A,-,01,23152,A,N,E,I,A,A,H,-,D,D,0,,,,,Y,Y,A,01,1,0,0,0,0,0,0,0,0,"- ","- ",36.562980000000003,-121.56276,MONTEREY,UNINCORPORATED,-121.56285474000001,36.563023379999997
90588498,2017,2017-11-06,9730,2017-10-28,2132,020970,,6,2,9,2700,0,3,5,,2,004,"OLD STAGE RD","ESPERANZA RD",792.00,N,N,B,-,N,,,,,,,,,,Y,2,0,1,1,A,-,01,23152,A,N,E,A,A,A,H,-,D,D,0,,,,,Y,Y,A,01,1,0,0,0,0,0,0,0,0,"- ","- ",36.606470000000002,-121.51487,MONTEREY,UNINCORPORATED,-121.51492396,36.606468220000004
90591823,2017,2017-11-09,9735,2017-11-04,1219,019700,,6,1,9,2700,0,1,3,,1,034,SR-198,198MON8,3168.00,W,N,B,-,Y,,,,,,,,,,Y,2,0,2,2,A,-,03,22350,,N,B,C,A,B,H,-,A,D,0,,,,Y,Y,,F,25,1,1,0,0,0,0,0,0,0,"- ","- ",36.916170000000001,-120.5454,MONTEREY,UNINCORPORATED,,
90591851,2017,2017-11-09,9735,2017-11-02,1518,017681,,4,2,9,2700,0,1,3,,2,030,"SR-146 W/B","STONEWALL CANYON ROAD",2112.00,E,N,A,-,Y,,,146,,,,,,W,Y,2,0,1,1,A,-,08,22107,,N,E,I,A,A,H,-,A,D,0,,,,,Y,,A,08,1,0,0,0,0,0,0,0,0,"- ","- ",36.423220000000001,-121.28801,MONTEREY,UNINCORPORATED,-121.28801018999999,36.423188609999997
90596249,2017,2017-11-16,9735,2017-11-10,1440,017681,,5,2,9,2700,0,1,2,,1,041,"US-101 NORTHBOUND","TEAGUE AVENUE",2112.00,S,N,A,-,Y,,,,,,,,,,Y,2,0,1,1,A,-,08,22107,,N,F,A,A,A,H,-,A,D,0,,,,,Y,,D,22,1,0,0,0,0,0,0,0,0,"- ","- ",36.2517,-121.17852000000001,MONTEREY,UNINCORPORATED,-121.17783885999999,36.25580068
90599431,2017,2017-11-21,9735,2017-10-23,0610,017257,,1,1,9,2700,0,1,2,,2,045,"US 101 SOUTHBOUND","CAMP ROBERTS EQUIPMENT U/C",130.00,N,N,A,-,Y,,,,,,,,,,Y,1,1,3,3,A,-,03,22350,,N,C,C,A,A,H,-,C,D,0,,,,Y,Y,,D,22,2,1,0,0,0,0,0,0,0,"- ","- ",35.845370000000003,-120.76197000000001,MONTEREY,UNINCORPORATED,,
90600271,2017,2017-11-22,9730,2017-11-13,1408,018543,,1,2,9,2700,0,1,3,,1,014,SR-1,"BIXBY BRIDGE",1584.00,N,N,A,-,Y,,,1,,,,,,,Y,2,0,1,1,A,-,08,22107,,N,F,A,A,A,H,-,A,D,0,,,Y,,Y,,C,02,1,0,0,0,0,0,0,0,1,"- ","- ",36.374360000000003,-121.90488000000001,MONTEREY,UNINCORPORATED,-121.90486373,36.374352649999999
90600509,2017,2018-05-03,9730,2017-11-21,1140,019981,,2,1,9,2700,0,1,3,,1,012,SR-1,"JULIA PHEIFFER BURNS PARK",4752.00,N,N,A,-,Y,,,1,,,,,,,N,1,1,0,1,C,-,18,,,N,H,A,A,A,H,-,A,D,0,,,,,Y,,-,"- ",0,0,0,0,0,0,0,0,0,"- ","- ",36.168550000000003,-121.68101,MONTEREY,UNINCORPORATED,-121.68100463,36.168566800000001
90605309,2017,2017-11-29,9730,2017-11-24,1650,020896,,5,2,9,2700,0,3,5,,2,006,"RESERVATION RD","PORTOLA DR",5808.00,W,N,A,-,N,,,,,,,,,,Y,2,0,2,3,A,-,09,21801,A,N,D,C,A,A,H,-,B,D,0,,,Y,,Y,,A,01,2,0,0,0,0,0,0,0,2,"- ","- ",36.633650000000003,-121.69839,MONTEREY,UNINCORPORATED,-121.6988814,36.634124110000002
90609919,2017,2017-12-05,9730,2017-11-25,2028,021856,,6,2,9,2700,0,3,5,,2,006,"CALLE DEL ADOBE","ADDINGTON LN",528.00,E,N,A,-,N,,,,,,,,,,N,2,0,1,2,A,-,05,21202,A,N,H,G,A,A,H,-,D,D,0,,Y,,,Y,,L,04,1,0,0,0,0,0,1,0,0,"- ","- ",36.698880000000003,-121.67400000000001,MONTEREY,UNINCORPORATED,-121.67403465,36.6989375
90620620,2017,2018-01-09,9730,2017-12-11,2140,021396,,1,2,9,2700,0,3,5,,2,005,"HARRISON ROAD","COUNTRY MEADOWS ROAD",2640.00,S,N,A,-,N,,,,,,,,,,Y,2,0,1,1,A,-,01,23152,A,N,E,I,A,A,H,-,C,D,0,,,,,Y,Y,A,07,1,0,0,0,0,0,0,0,0,"- ","- ",36.761020000000002,-121.65837000000001,MONTEREY,UNINCORPORATED,-121.65541869,36.754665510000002
90621876,2017,2017-12-20,9730,2017-12-13,0400,019127,,3,3,9,2700,0,3,5,,2,007,"PRUNEDALE NORTH ROAD","FIRSH ROAD",250.00,S,N,A,-,N,,,,,,,,,,Y,2,0,1,1,A,-,08,22107,,N,E,I,A,A,H,-,D,D,0,,,,,Y,,A,01,1,0,0,0,0,0,0,0,0,"- ","- ",36.792830000000002,-121.66802,MONTEREY,UNINCORPORATED,-121.66855436,36.792359089999998
90621943,2017,2017-12-20,9730,2017-12-11,1745,021120,,1,2,9,2700,0,1,3,,1,072,SR-156,"CATHEDRAL OAK RD.",0.00,,Y,A,-,Y,,,156,,,,,,,Y,2,0,2,2,A,-,09,21802,A,N,D,C,A,A,H,-,A,D,0,,,,,Y,,A,01,1,1,0,0,0,0,0,0,0,"- ","- ",36.776629999999997,-121.71513,MONTEREY,UNINCORPORATED,-121.71512762,36.776622009999997
9062461,2020,2020-06-23,2708,2020-02-15,0023,07903,EAST,6,5,6,2708,0,0,0,,0,011,"WILLIAMS RD","EAST BORONDA RD",0.00,,Y,A,-,N,,,,,,,,,,Y,2,0,2,2,A,-,01,23152,A,N,A,C,A,A,H,-,C,-,0,,,,,Y,Y,D,22,1,0,1,0,0,0,0,0,0,"- ","- ",,,MONTEREY,SALINAS,-121.59072113037109,36.688999176025391
90624942,2017,2017-12-22,9730,2017-12-16,0835,018886,,6,1,9,2700,0,2,4,,1,073,"SAN MIGUEL CANYON ROAD","APRICOT LANE",0.00,,Y,A,-,N,,,,,,,,,,N,2,0,1,2,A,-,09,21801,A,N,H,G,A,A,H,-,A,D,0,,Y,,,Y,,D,22,1,0,0,0,0,0,1,0,0,"- ","- ",36.854080000000003,-121.69183,MONTEREY,UNINCORPORATED,-121.69191988,36.854070020000002
90626186,2017,2017-12-26,9735,2017-12-16,2010,020710,,6,2,9,2700,0,1,3,,1,034,SR-198,"PINE VALLEY RD",11088.00,E,N,A,-,N,,,198,,,,,,,Y,2,0,2,2,A,-,05,21460,A,N,A,C,A,A,H,-,D,D,0,,,,Y,Y,,G,25,2,0,0,0,0,0,0,0,0,"- ","- ",36.18383,-120.84626,MONTEREY,UNINCORPORATED,-120.84629786000001,36.183860879999997
90628723,2017,2017-12-28,9730,2017-12-25,1618,019239,,1,2,9,2700,0,2,4,,1,023,"CARMEL VALLEY RD","RANA CREEK",370.00,W,N,A,-,N,,,,,,,,,,Y,2,0,1,1,A,-,08,22107,,N,F,A,A,A,H,-,A,D,0,,,Y,,Y,,C,02,1,0,0,0,0,0,0,0,1,"- ","- ",36.441180000000003,-121.64055,MONTEREY,UNINCORPORATED,-121.631113,36.436883000000002
90630904,2017,2018-01-02,9730,2017-12-23,1340,021856,,6,1,6,2708,0,1,2,,1,050,"US-101 NORTHBOUND","SHERWOOD DRIVE",150.00,N,N,A,-,Y,,,101,,,,,,N,Y,2,0,1,3,A,-,03,22350,,N,C,C,A,A,H,-,A,D,0,,,,,Y,,D,22,1,0,0,0,0,0,0,0,0,"- ","- ",36.68524,-121.64886,MONTEREY,SALINAS,-121.64889596,36.685171850000003
90636474,2018,2018-01-09,9730,2018-01-04,2106,020933,,4,2,9,2700,0,1,3,,1,024,"SR-68 (HOLMAN HIGHWAY)","SKYLINE FOREST DR",1056.00,E,N,A,-,Y,,,68,,,,,,,Y,2,0,3,2,A,-,01,23152,A,N,A,C,A,A,H,-,D,D,0,,,,,Y,Y,D,22,1,2,0,0,0,0,0,0,0,"- ","- ",36.582538604736328,-121.91828155517578,MONTEREY,UNINCORPORATED,-121.91822052001953,36.582588195800781
90647430,2017,2018-01-25,9730,2017-12-02,0002,021359,,6,3,9,2700,0,3,5,,2,006,"RESERVATION ROAD","DAVIS ROAD",106.00,W,N,B,-,N,,,,,,,,,,Y,1,1,1,1,A,-,01,23152,F,N,E,I,A,B,H,-,D,D,0,,,,,Y,,A,01,1,0,0,0,0,0,0,0,0,"- ","- ",36.642189999999999,-121.71015,MONTEREY,UNINCORPORATED,-121.70687660999999,36.641651379999999
90647446,2017,2018-01-25,9730,2017-12-20,0630,015160,,3,1,9,2700,0,2,4,,1,073,"SALINAS ROAD","RAILROAD AVENUE",30.00,N,N,C,-,N,,,,,,,,,,N,1,1,0,2,A,-,03,22350,,F,G,B,D,B,H,-,D,D,0,Y,,,,Y,,-,99,0,0,0,1,0,0,0,0,0,"- ","- ",36.896180000000001,-121.74767,MONTEREY,UNINCORPORATED,-121.74776633,36.89579226
9065122,2020,2020-06-24,2708,2020-02-25,1409,58583,2708,2,5,6,2708,0,0,0,,0,001,"NORTH MAIN ST","SAN JUAN GRADE RD",98.00,S,N,A,-,N,,,,,,,,,,Y,2,0,2,2,A,-,03,22350,,N,C,C,A,A,H,-,A,D,0,,,Y,,Y,,C,02,2,0,0,0,0,0,0,0,2,"- ","- ",,,MONTEREY,SALINAS,-121.65518951416016,36.716693878173828
90654710,2018,2018-02-05,9730,2018-01-28,0045,020677,,7,3,6,2708,0,1,2,,1,050,"US-101 S/B","SANBORN RD.",228.00,N,N,A,-,Y,,,101,,,,,,S,Y,2,0,4,3,A,-,01,23152,A,N,A,C,A,A,H,-,D,D,0,,,,,Y,Y,A,01,2,1,1,0,0,0,0,0,0,"- ","- ",36.666519165039062,-121.62722778320312,MONTEREY,SALINAS,-121.62745666503906,36.666160583496094
90654718,2018,2018-03-28,9730,2018-01-28,2020,021320,,7,2,9,2700,0,1,2,,1,070,"US-101 S/B","CRAZY HORSE CANYON ROAD",425.00,S,N,A,-,Y,,,101,,,,,,S,Y,2,0,1,2,A,-,01,23152,A,N,E,I,A,A,H,-,C,D,0,,,,,Y,Y,A,01,1,0,0,0,0,0,0,0,0,"- ","- ",36.817821502685547,-121.63423156738281,MONTEREY,UNINCORPORATED,-121.63420104980469,36.817756652832031
90663988,2018,2018-02-19,9730,2018-02-11,1848,020391,,7,2,9,2700,0,3,5,,2,007,"PARADISE RD","WALKER VALLEY RD",455.00,S,N,A,-,N,,,,,,,,,,Y,2,0,2,2,A,-,01,23152,A,N,A,C,A,A,H,-,D,D,0,,,,,Y,Y,A,01,2,0,0,0,0,0,0,0,0,"- ","- ",36.803050994873047,-121.70348358154297,MONTEREY,UNINCORPORATED,-121.70355224609375,36.803203582763672
90668790,2018,2018-02-26,9730,2018-02-16,1648,021407,,5,2,9,2700,0,1,3,,1,066,SR-183,"COOPER ROAD",1320.00,N,N,A,-,Y,,,183,,,,,,,Y,2,0,1,2,A,-,01,23152,F,N,A,E,A,A,H,-,A,D,0,,,,Y,Y,,D,22,1,0,0,0,0,0,0,0,0,"- ","- ",36.716899871826172,-121.72049713134766,MONTEREY,UNINCORPORATED,-121.72059631347656,36.716804504394531