CASE_ID,ACCIDENT_YEAR,PROC_DATE,JURIS,COLLISION_DATE,COLLISION_TIME,OFFICER_ID,REPORTING_DISTRICT,DAY_OF_WEEK,CHP_SHIFT,POPULATION,CNTY_CITY_LOC,SPECIAL_COND,BEAT_TYPE,CHP_BEAT_TYPE,CITY_DIVISION_LAPD,CHP_BEAT_CLASS,BEAT_NUMBER,PRIMARY_RD,SECONDARY_RD,DISTANCE,DIRECTION,INTERSECTION,WEATHER_1,WEATHER_2,STATE_HWY_IND,CALTRANS_COUNTY,CALTRANS_DISTRICT,STATE_ROUTE,ROUTE_SUFFIX,POSTMILE_PREFIX,POSTMILE,LOCATION_TYPE,RAMP_INTERSECTION,SIDE_OF_HWY,TOW_AWAY,COLLISION_SEVERITY,NUMBER_KILLED,NUMBER_INJURED,PARTY_COUNT,PRIMARY_COLL_FACTOR,PCF_CODE_OF_VIOL,PCF_VIOL_CATEGORY,PCF_VIOLATION,PCF_VIOL_SUBSECTION,HIT_AND_RUN,TYPE_OF_COLLISION,MVIW,PED_ACTION,ROAD_SURFACE,ROAD_COND_1,ROAD_COND_2,LIGHTING,CONTROL_DEVICE,CHP_ROAD_TYPE,PEDESTRIAN_ACCIDENT,BICYCLE_ACCIDENT,MOTORCYCLE_ACCIDENT,TRUCK_ACCIDENT,NOT_PRIVATE_PROPERTY,ALCOHOL_INVOLVED,STWD_VEHTYPE_AT_FAULT,CHP_VEHTYPE_AT_FAULT,COUNT_SEVERE_INJ,COUNT_VISIBLE_INJ,COUNT_COMPLAINT_PAIN,COUNT_PED_KILLED,COUNT_PED_INJURED,COUNT_BICYCLIST_KILLED,COUNT_BICYCLIST_INJURED,COUNT_MC_KILLED,COUNT_MC_INJURED,PRIMARY_RAMP,SECONDARY_RAMP,LATITUDE,LONGITUDE,COUNTY,CITY,POINT_X,POINT_Y
90669625,2018,2018-02-26,9730,2018-02-18,2020,020677,,7,2,9,2700,0,1,3,,1,074,"SR-1 S/B","JETTY ROAD",1056.00,S,N,A,-,Y,,,1,,,,,,S,Y,2,0,6,2,A,-,09,21801,A,N,A,C,A,A,H,-,C,D,0,,,,,Y,,A,01,2,0,4,0,0,0,0,0,0,"- ","- ",36.813640594482422,-121.78565216064453,MONTEREY,UNINCORPORATED,-121.78565216064453,36.813640594482422
90669759,2018,2018-02-26,9730,2018-02-18,1814,020899,,7,2,9,2700,0,1,3,,1,074,"SR-1 SOUTHBOUND","POTRERO ROAD",0.16,S,N,B,-,Y,,,1,,,,,,S,Y,2,0,1,2,A,-,03,22350,,N,C,C,A,A,H,-,D,D,0,,,Y,,Y,,C,02,1,0,0,0,0,0,0,0,1,"- ","- ",36.788551330566406,-121.78269958496094,MONTEREY,UNINCORPORATED,-121.78263092041016,36.788578033447266
9067068,2020,2020-03-23,2706,2020-02-29,1035,851,,6,5,4,2706,0,0,0,,0,003,"DEL MONTE AV","HANNON AV",149.00,E,N,A,-,N,,,,,,,,,,Y,2,0,1,2,A,-,03,22350,,N,D,C,A,A,H,-,A,D,0,,,Y,,Y,,C,02,1,0,0,0,0,0,0,0,1,"- ","- ",,,MONTEREY,MONTEREY,-121.86196136474609,36.60418701171875
90671939,2018,2018-02-28,9730,2018-02-15,1100,018350,,4,1,9,2700,0,1,2,,1,070,"US-101 N/B TO SAN MIGUEL CANYON ROAD","SAN MIGUEL CANYON ROAD",0.00,,N,A,-,Y,,,101,,,,R,,N,Y,2,0,1,1,A,-,03,22350,,N,E,A,A,A,H,-,A,D,0,,,Y,,Y,,C,02,1,0,0,0,0,0,0,0,1,"- ","- ",36.798000335693359,-121.66374969482422,MONTEREY,UNINCORPORATED,-121.66374969482422,36.798000335693359
90671987,2018,2018-02-28,9730,2018-02-21,1450,019529,,3,2,9,2700,0,1,3,,1,024,"STATE ROUTE 68 (HOLMAN HIGHWAY)","AGUAJITO RD.",0.00,,Y,A,-,Y,,,,,,,,,,Y,2,0,3,2,A,-,09,21801,A,N,A,C,A,A,H,-,A,D,0,,,,,Y,,A,01,1,0,2,0,0,0,0,0,0,"- ","- ",36.572929382324219,-121.91130828857422,MONTEREY,UNINCORPORATED,,
90673612,2018,2018-03-02,9730,2018-02-25,1140,020424,,7,1,9,2700,0,3,5,,2,007,"PRUNEDALE NORTH ROAD","HARDIE ROAD",528.00,N,N,A,-,N,,,,,,,,,,Y,2,0,1,1,A,-,08,22107,,N,E,I,A,A,H,-,A,D,0,,,,,Y,,A,01,1,0,0,0,0,0,0,0,0,"- ","- ",36.799171447753906,-121.66560363769531,MONTEREY,UNINCORPORATED,-121.66572570800781,36.799396514892578
90673626,2018,2018-03-02,9730,2018-02-25,1446,020424,,7,2,9,2700,0,3,5,,2,007,"PARADISE ROAD","SAN MIGUEL CANYON ROAD",4752.00,E,N,A,-,N,,,,,,,,,,Y,2,0,1,2,A,-,05,21460,A,N,A,C,A,A,H,-,A,D,0,,,Y,,Y,,D,22,1,0,0,0,0,0,0,0,1,"- ","- ",36.817981719970703,-121.68927001953125,MONTEREY,UNINCORPORATED,-121.67581176757812,36.825180053710938
90678091,2018,2018-06-12,9730,2018-02-09,1830,021776,,5,2,9,2700,0,2,4,,1,075,"SAN JUAN ROAD","ALLISON LANE",4752.00,E,N,A,-,N,,,,,,,,,,Y,1,1,2,2,A,-,05,21650,,N,A,C,A,A,H,-,D,D,0,,,,,Y,,A,01,0,0,2,0,0,0,0,0,0,"- ","- ",36.904071807861328,-121.71897888183594,MONTEREY,UNINCORPORATED,-121.71994781494141,36.904071807861328
90699410,2018,2018-04-05,9730,2018-03-29,1133,019569,,4,1,9,2700,0,2,4,,1,023,"CARMEL VALLEY ROAD","UPPER SCARLETT ROAD",8.00,W,N,A,-,N,,,,,,,,,,N,2,0,2,2,A,-,05,21460,A,N,B,G,A,A,H,-,A,D,0,,Y,Y,,Y,,L,04,1,1,0,0,0,0,1,0,1,"- ","- ",36.524219512939453,-121.79396820068359,MONTEREY,UNINCORPORATED,-121.79396820068359,36.524169921875
90699441,2018,2018-04-05,9730,2018-03-29,1633,017184,,4,2,9,2700,0,1,3,,1,014,SR-1,"BIXBY BRIDGE",2640.00,S,N,A,-,Y,,,1,,,,,,,Y,2,0,1,1,A,-,08,22107,,N,E,A,A,A,H,-,A,A,0,,,,,Y,,A,01,1,0,0,0,0,0,0,0,0,"- ","- ",36.363628387451172,-121.89975738525391,MONTEREY,UNINCORPORATED,-121.89979553222656,36.363651275634766
90699622,2018,2018-04-05,9730,2018-03-28,2022,018810,,3,2,9,2700,0,1,3,,1,066,SR-183,"COOPER ROAD",6336.00,N,N,A,-,Y,,,183,,,,,,,Y,2,0,5,2,A,-,01,23152,A,N,A,C,A,A,H,-,D,D,0,,,,,Y,Y,A,01,4,0,1,0,0,0,0,0,0,"- ","- ",36.728111267089844,-121.73133850097656,MONTEREY,UNINCORPORATED,-121.73133087158203,36.728122711181641
90699715,2018,2018-04-05,9730,2018-04-03,2119,019981,,2,2,9,2700,0,2,4,,2,063,"BLANCO ROAD","COOPER ROAD",0.00,,Y,A,-,N,,,,,,,,,,Y,2,0,1,2,A,-,09,21802,B,N,D,C,A,A,H,-,C,A,0,,,,Y,Y,,A,01,1,0,0,0,0,0,0,0,0,"- ","- ",36.678699493408203,-121.73500823974609,MONTEREY,UNINCORPORATED,-121.73502349853516,36.678699493408203
90699734,2018,2018-04-05,9730,2018-03-30,1545,017184,,5,2,9,2700,0,1,3,,1,014,SR-1,"ANDREW MOLERA S.P.",4752.00,S,N,A,-,Y,,,1,,,,,,,Y,2,0,1,1,A,-,08,22107,,N,E,I,A,A,H,-,A,A,0,,,,Y,Y,,F,26,1,0,0,0,0,0,0,0,0,"- ","- ",36.279811859130859,-121.83029937744141,MONTEREY,UNINCORPORATED,-121.83025360107422,36.279876708984375
9070071,2020,2020-07-23,2707,2020-04-21,0320,2224,2707,2,5,3,2707,0,0,0,,0,002,"LIGHTHOUSE AV","CARMEL AV",55.00,W,N,A,-,N,,,,,,,,,,Y,2,0,1,1,A,-,08,22107,,F,E,I,A,A,H,-,C,D,0,,,,,Y,Y,A,01,1,0,0,0,0,0,0,0,0,"- ","- ",,,MONTEREY,"PACIFIC GROVE",-121.91445922851562,36.619575500488281
90701334,2018,2018-04-09,9730,2018-04-04,1700,017502,,3,2,9,2700,0,3,5,,2,003,"RIVER ROAD","CHUALAR RIVER ROAD",1584.00,N,N,A,-,N,,,,,,,,,,Y,2,0,1,1,A,-,08,22107,,N,F,A,A,A,H,-,A,D,0,,,,,Y,,A,01,1,0,0,0,0,0,0,0,0,"- ","- ",36.560710906982422,-121.55423736572266,MONTEREY,UNINCORPORATED,-121.55320739746094,36.559757232666016
90704938,2018,2018-04-13,9730,2018-04-03,1420,018350,,2,2,9,2700,0,1,2,,1,070,"US-101 S/B","RALPH LANE",600.00,N,N,A,-,Y,,,101,,,,,,S,Y,2,0,3,1,C,-,18,,,N,E,I,A,A,H,-,A,D,0,,,,,Y,,-,"- ",2,1,0,0,0,0,0,0,0,"- ","- ",36.758159637451172,-121.66584777832031,MONTEREY,UNINCORPORATED,-121.665771484375,36.758182525634766
90709055,2018,2018-04-19,9730,2018-04-14,2159,020990,,6,2,9,2700,0,1,2,,1,050,"US-101 NORTHBOUND","JOHN STREET",1700.00,S,N,A,-,Y,,,,,,,,,,Y,2,0,1,1,A,-,01,23152,A,N,E,I,A,A,H,-,C,D,0,,,,,Y,Y,D,22,1,0,0,0,0,0,0,0,0,"- ","- ",36.668609619140625,-121.63379669189453,MONTEREY,UNINCORPORATED,-121.63391876220703,36.668586730957031
9071654,2019,2020-05-16,2708,2019-12-31,1816,13133,,2,5,6,2708,0,0,0,,0,006,"POWELL ST","GOUGH WY",100.00,S,N,A,-,N,,,,,,,,,,N,2,0,1,2,A,-,21,22106,,N,A,C,A,A,H,-,C,A,0,,,,,Y,,-,,1,0,0,0,0,0,0,0,0,"- ","- ",,,MONTEREY,SALINAS,-121.66679382324219,36.686801910400391
90717489,2018,2018-05-01,9730,2018-04-26,0025,020677,,4,3,9,2700,0,3,5,,2,005,"SAN JUAN GRADE RD.","368 SAN JUAN GRADE RD.",20.00,N,N,A,-,N,,,,,,,,,,Y,2,0,1,1,A,-,01,23152,A,N,E,I,A,A,H,-,C,D,0,,,Y,,Y,Y,C,02,1,0,0,0,0,0,0,0,1,"- ","- ",36.736728668212891,-121.63533020019531,MONTEREY,UNINCORPORATED,,
90717707,2018,2018-05-01,9730,2018-04-25,1245,017580,,3,1,9,2700,0,3,5,,2,007,"MAHER ROAD","LITTLE HILL LANE",306.00,S,N,A,-,N,,,,,,,,,,Y,2,0,6,2,A,-,05,21460,A,N,A,C,A,A,H,-,D,D,0,,,,,Y,,D,22,1,2,3,0,0,0,0,0,0,"- ","- ",36.852909088134766,-121.68070983886719,MONTEREY,UNINCORPORATED,-121.68074035644531,36.852943420410156
90720060,2018,2018-05-04,9730,2018-04-29,1638,020931,,7,2,9,2700,0,1,3,,1,066,SR-183,"COOPER ROAD",528.00,N,N,B,-,Y,,,183,,,,,,,Y,2,0,6,2,A,-,01,23152,A,F,A,C,A,A,H,-,A,D,0,,,,,Y,Y,D,22,1,5,0,0,0,0,0,0,0,"- ","- ",36.716098785400391,-121.71987915039062,MONTEREY,UNINCORPORATED,-121.71990203857422,36.716079711914062
90721990,2018,2018-05-16,9735,2018-03-13,0215,020841,,2,3,9,2700,0,1,2,,2,044,"US-101 N/B","PARIS VALLEY ROAD",1848.00,S,N,C,-,Y,,,101,,,,,,N,Y,1,1,0,1,A,-,08,22107,,N,F,A,A,B,H,-,D,D,0,,,,,Y,,A,01,0,0,0,0,0,0,0,0,0,"- ","- ",36.008449554443359,-120.91874694824219,MONTEREY,UNINCORPORATED,-120.91860198974609,36.008560180664062
90723720,2018,2018-05-10,9730,2018-05-05,0730,020424,,6,1,9,2700,0,1,3,,1,066,SR-183,"MCFADDEN ROAD",528.00,N,N,B,-,Y,,,183,,,,,,,Y,2,0,3,2,A,-,03,22350,,N,C,C,A,A,H,-,A,D,0,,,,Y,Y,,A,01,1,2,0,0,0,0,0,0,0,"- ","- ",36.697528839111328,-121.70134735107422,MONTEREY,UNINCORPORATED,-121.70139312744141,36.697483062744141
90724513,2018,2018-05-11,9730,2018-05-05,1124,020391,,6,1,9,2700,0,1,3,,1,074,SR-1,"STRUVE RD",2112.00,N,N,A,-,Y,,,,,,,,,,N,2,0,1,1,A,-,03,22350,,N,F,A,A,A,H,-,A,D,0,,,Y,,Y,,C,02,1,0,0,0,0,0,0,0,1,"- ","- ",36.827190399169922,-121.74421691894531,MONTEREY,UNINCORPORATED,-121.77444458007812,36.826919555664062
90725391,2018,2018-05-14,9730,2018-05-05,0205,020701,,6,3,9,2700,0,1,2,,1,030,"US-101 SOUTHBOUND","SILLIMAN ROAD",530.00,N,N,A,-,Y,,,101,,,,,,S,Y,2,0,2,2,A,-,03,22350,,N,C,C,A,A,H,-,D,D,0,,,,Y,Y,,A,01,1,0,1,0,0,0,0,0,0,"- ","- ",36.450481414794922,-121.36522674560547,MONTEREY,UNINCORPORATED,-121.36521148681641,36.450504302978516
90727410,2018,2018-05-16,9730,2018-05-04,1000,016537,,5,1,9,2700,0,1,2,,1,050,"US-101 N/B","HARTNELL RD.",0.00,,Y,A,-,Y,,,101,,,,,,N,Y,2,0,1,2,A,-,09,21801,A,N,D,C,A,A,H,-,A,D,0,,,,,Y,,M,46,1,0,0,0,0,0,0,0,0,"- ","- ",36.622779846191406,-121.58052062988281,MONTEREY,UNINCORPORATED,-121.58055877685547,36.622726440429688
9072811,2020,2020-06-24,2706,2020-03-10,1838,027,2706,2,5,4,2706,0,0,0,,0,003,"NORTH FREMONT ST","RAMONA AV",12.00,W,N,B,-,N,,,,,,,,,,Y,2,0,1,1,A,-,08,22107,,N,E,I,A,B,H,-,A,A,0,,,,,Y,,A,01,1,0,0,0,0,0,0,0,0,"- ","- ",,,MONTEREY,MONTEREY,-121.85630035400391,36.597202301025391
90730036,2018,2018-05-21,9730,2018-05-05,2203,021396,,6,3,9,2700,0,1,2,,1,050,"LAUREL DRIVE OFF FROM N/B US-101","W LAUREL DRIVE",6.00,S,N,A,-,Y,,,,,,,,,,N,2,0,1,2,A,-,12,21453,A,F,G,B,B,A,H,-,E,A,0,Y,,,,Y,,-,99,1,0,0,0,1,0,0,0,0,"- ","- ",36.6798095703125,-121.66313171386719,MONTEREY,UNINCORPORATED,,
90738010,2018,2018-05-31,9730,2018-05-21,1610,022047,,1,2,9,2700,0,1,3,,1,012,SR-1,"GAMBOA POINT",200.00,S,N,B,-,Y,,,1,,,,,,,N,2,0,1,1,A,-,03,22350,,N,E,I,A,A,H,-,A,D,0,,,Y,,Y,,C,02,1,0,0,0,0,0,0,0,1,"- ","- ",36.049259185791016,-121.58979797363281,MONTEREY,UNINCORPORATED,-121.58975982666016,36.049282073974609
90740437,2018,2018-06-04,9730,2018-05-24,0550,022039,,4,3,6,2708,0,1,3,,1,068,SR-68,"FOSTER ROAD",0.00,,Y,B,-,Y,,,,,,,,,,Y,2,0,1,2,A,-,09,21802,A,N,D,C,A,A,H,-,A,A,0,,,,,Y,,D,22,1,0,0,0,0,0,0,0,0,"- ","- ",36.636730194091797,-121.66729736328125,MONTEREY,SALINAS,,
90746016,2018,2018-06-12,9730,2018-05-31,1640,022039,,4,2,9,2700,0,3,5,,2,007,"ELKHORN ROAD","CAMPAGNA WAY",1584.00,N,N,A,-,N,,,,,,,,,,Y,2,0,1,2,A,-,09,21801,A,N,D,C,A,A,H,-,A,D,0,,,Y,,Y,,D,22,1,0,0,0,0,0,0,0,1,"- ","- ",36.839618682861328,-121.73461151123047,MONTEREY,UNINCORPORATED,-121.73438262939453,36.839408874511719
90746081,2018,2018-06-12,9730,2018-06-02,1434,020899,,6,2,9,2700,0,1,2,,1,070,"NORTHBOUND US-101","SALA ROAD",476.00,N,N,A,-,Y,,,101,,,,,,,Y,2,0,2,1,C,-,18,,,N,H,J,A,A,H,-,A,D,0,,,Y,,Y,,-,"- ",1,1,0,0,0,0,0,0,2,"- ","- ",36.745040893554688,-121.66074371337891,MONTEREY,UNINCORPORATED,-121.66091918945312,36.744972229003906
90746088,2018,2018-06-12,9730,2018-06-02,0840,016537,,6,1,9,2700,0,1,2,,1,050,"US-101 N/B","SPENCE RD.",0.00,,Y,A,-,Y,,,101,,,,,,N,Y,2,0,3,4,A,-,09,21802,A,N,D,C,A,A,H,-,A,D,0,,,,,Y,,D,22,2,0,1,0,0,0,0,0,0,"- ","- ",36.612808227539062,-121.56697845458984,MONTEREY,UNINCORPORATED,-121.56696319580078,36.612838745117188
90747603,2018,2018-06-13,9735,2018-06-08,1527,019330,,5,2,9,2700,0,1,2,,1,041,"CENTRAL AVE",US-101,2.00,E,N,A,-,Y,,,,,,,,,,Y,2,0,5,2,A,-,08,22107,,N,D,C,A,A,H,-,A,D,0,,,,,Y,,D,22,1,4,0,0,0,0,0,0,0,"- ","- ",36.141689300537109,-121.10285949707031,MONTEREY,UNINCORPORATED,-121.17449951171875,36.233798980712891
90750017,2018,2018-06-18,9730,2018-06-10,0159,021856,,7,3,9,2700,0,3,5,,2,005,"DAMIAN WAY","ASSISI WAY",1056.00,E,N,A,-,N,,,,,,,,,,Y,2,0,1,1,A,-,01,23152,A,N,E,I,A,A,H,-,C,D,0,,,,,Y,Y,A,01,1,0,0,0,0,0,0,0,0,"- ","- ",36.761768341064453,-121.66143798828125,MONTEREY,UNINCORPORATED,-121.66136932373047,36.761665344238281
90750805,2018,2018-06-19,9730,2018-06-11,1100,017785,,1,1,9,2700,0,3,5,,2,003,"ALISAL ROAD","HARTNELL ROAD",6336.00,N,N,A,-,N,,,,,,,,,,Y,2,0,2,2,A,-,01,23152,A,N,D,C,A,A,H,-,A,D,0,,,,Y,Y,Y,A,01,1,1,0,0,0,0,0,0,0,"- ","- ",36.659660339355469,-121.58952331542969,MONTEREY,UNINCORPORATED,-121.58935546875,36.659526824951172
90755232,2018,2018-06-25,9730,2018-05-14,1038,022092,,1,1,9,2700,0,2,4,,1,023,"CARMEL VALLEY ROAD","TASSAJARA ROAD",7920.00,W,N,A,-,N,,,,,,,,,,Y,1,1,0,1,A,-,08,22107,,N,E,I,A,A,H,-,A,D,0,,,,,Y,,D,22,0,0,0,0,0,0,0,0,0,"- ","- ",36.415428161621094,-121.59911346435547,MONTEREY,UNINCORPORATED,-121.59701538085938,36.415145874023438
90760051,2018,2018-06-29,9730,2018-06-21,1110,017580,,4,1,9,2700,0,2,4,,1,075,"SAN MIGUEL CANYON ROAD","ECHO VALLEY ROAD",0.00,,Y,A,-,N,,,,,,,,,,Y,2,0,1,2,A,-,09,21802,A,N,D,C,A,A,H,-,A,A,0,,,,,Y,,A,01,1,0,0,0,0,0,0,0,0,"- ","- ",36.821830749511719,-121.67362213134766,MONTEREY,UNINCORPORATED,-121.67346954345703,36.821659088134766
90760483,2018,2018-07-02,9730,2018-06-12,1130,017785,,2,1,9,2700,0,3,5,,2,002,"CACHAGUA ROAD","TASSAJARA ROAD",2112.00,W,N,A,-,N,,,,,,,,,,Y,1,1,0,2,A,-,05,21650,,N,B,C,A,A,H,-,A,D,0,,,Y,Y,Y,,C,02,0,0,0,0,0,0,0,1,0,"- ","- ",36.391731262207031,-121.60073852539062,MONTEREY,UNINCORPORATED,-121.60012054443359,36.391380310058594
90762245,2018,2018-07-03,9735,2018-07-01,1830,020057,,7,2,9,2700,0,2,4,,1,011,"ARROYO SECO RD.","JORGENSON FLATS RD.",12672.00,W,N,A,-,N,,,,,,,,,,Y,2,0,2,2,A,-,05,21460,A,F,E,I,A,A,H,-,A,D,0,,,,,Y,,-,99,2,0,0,0,0,0,0,0,0,"- ","- ",36.233200073242188,-121.468017578125,MONTEREY,UNINCORPORATED,-121.46773529052734,36.232952117919922
90763435,2018,2018-07-05,9730,2018-05-02,2121,021396,,3,2,9,2700,0,2,4,,1,023,"CARMEL VALLEY ROAD","CARMEL KNOLLS DRIVE",276.00,E,N,B,-,N,,,,,,,,,,Y,1,1,0,1,A,-,01,23152,A,N,E,I,A,A,H,-,C,D,0,,,,,Y,Y,A,07,0,0,0,0,0,0,0,0,0,"- ","- ",36.543819427490234,-121.90364074707031,MONTEREY,UNINCORPORATED,-121.90394592285156,36.543880462646484
90763678,2018,2018-07-05,9730,2018-05-27,2046,019239,,7,2,9,2700,0,3,5,,2,003,"SAN BENANCIO ROAD","HARPER CANYON ROAD",130.00,N,N,A,-,N,,,,,,,,,,Y,1,1,0,1,A,-,01,23152,A,N,E,I,A,A,H,-,D,D,0,,,,,Y,Y,D,22,0,0,0,0,0,0,0,0,0,"- ","- ",36.569568634033203,-121.70822143554688,MONTEREY,UNINCORPORATED,-121.70832824707031,36.569831848144531
90766867,2018,2018-07-11,9730,2018-05-21,1620,020933,,1,2,9,2700,0,3,5,,2,007,"LEWIS ROAD","VEGA ROAD",2112.00,E,N,A,-,N,,,,,,,,,,Y,1,1,0,1,A,-,01,23152,A,N,E,I,A,A,H,-,A,D,0,,,Y,,Y,Y,C,02,0,0,0,0,0,0,0,1,0,"- ","- ",36.8302001953125,-121.71968078613281,MONTEREY,UNINCORPORATED,-121.71988677978516,36.883052825927734
90768626,2018,2018-07-13,9735,2018-07-09,1355,019486,,1,1,9,2700,0,1,2,,1,041,"U/S 101 N/B","TEAGUE AVE",3168.00,S,N,A,-,Y,,,,,,,,,,Y,2,0,1,1,A,-,08,22107,,N,F,A,A,A,H,-,A,D,0,,,,,Y,,A,07,1,0,0,0,0,0,0,0,0,"- ","- ",36.253368377685547,-121.17700958251953,MONTEREY,UNINCORPORATED,,
90771083,2018,2018-07-17,9730,2018-07-11,0858,014800,,3,1,9,2700,0,3,5,,2,004,"HARTNELL ROAD","ALISAL ROAD",4224.00,W,N,A,-,N,,,,,,,,,,Y,2,0,1,1,A,-,08,22107,,N,F,A,A,A,H,-,A,D,0,,,,,Y,,A,07,1,0,0,0,0,0,0,0,0,"- ","- ",36.634899139404297,-121.58010101318359,MONTEREY,UNINCORPORATED,-121.58023071289062,36.634323120117188
90771342,2018,2018-07-18,9730,2018-07-08,0050,020701,,7,3,9,2700,0,3,5,,2,004,"OLD STAGE ROAD","POTTER ROAD",2600.00,S,N,A,-,N,,,,,,,,,,Y,2,0,4,2,A,-,09,21804,A,N,C,C,A,A,H,-,D,D,0,,,,,Y,,A,01,1,3,0,0,0,0,0,0,0,"- ","- ",36.618648529052734,-121.52426147460938,MONTEREY,UNINCORPORATED,-121.52420043945312,36.618545532226562
90774491,2018,2018-07-23,9730,2018-07-16,1142,021407,,1,1,9,2700,0,1,3,,1,068,SR-68,"BOOTS ROAD",2640.00,W,N,A,-,Y,,,68,,,,,,,Y,2,0,2,2,A,-,05,21460,A,N,A,C,A,A,H,-,A,D,0,,,,,Y,,A,01,2,0,0,0,0,0,0,0,0,"- ","- ",36.570098876953125,-121.78980255126953,MONTEREY,UNINCORPORATED,-121.78980255126953,36.570125579833984
90776127,2018,2018-11-01,9730,2018-07-13,2330,022039,,5,3,9,2700,0,1,2,,1,050,"US-101 N/B","ECKHARDT ROAD",0.00,,Y,A,-,Y,,,101,,,,,,N,N,2,0,5,2,A,-,13,21718,,N,D,C,A,A,H,-,D,D,0,,,,Y,Y,,G,25,2,2,1,0,0,0,0,0,0,"- ","- ",36.617118835449219,-121.57283020019531,MONTEREY,UNINCORPORATED,-121.57283020019531,36.617118835449219
90776913,2018,2018-07-26,9730,2018-07-18,2150,022092,,3,2,9,2700,0,3,5,,2,004,"CAMPHORA GLORIA ROAD",US-101,10032.00,E,N,A,-,N,,,,,,,,,,Y,2,0,2,1,A,-,01,23152,A,N,E,A,A,A,H,-,D,D,0,,,,,Y,Y,D,22,1,0,1,0,0,0,0,0,0,"- ","- ",36.473419189453125,-121.34956359863281,MONTEREY,UNINCORPORATED,-121.36280059814453,36.449058532714844
90784629,2018,2018-08-06,9730,2018-07-25,0000,022039,,3,3,9,2700,0,3,5,,2,007,"MILLER ROAD","SILL ROAD",1056.00,N,N,A,-,N,,,,,,,,,,N,2,0,3,2,A,-,03,22350,,N,B,C,A,A,H,-,D,D,0,,,Y,,Y,,C,02,1,2,0,0,0,0,0,0,3,"- ","- ",36.869091033935547,-121.73088073730469,MONTEREY,UNINCORPORATED,-121.73085784912109,36.869300842285156
90785950,2018,2018-08-07,9730,2018-07-30,1210,021888,,1,1,9,2700,0,3,5,,2,004,"ALISAL ROAD","2378 ALISAL ROAD",31.50,S,N,A,-,N,,,,,,,,,,N,2,0,1,2,A,-,08,22107,,N,D,G,A,A,H,-,A,D,0,,Y,,,Y,,L,04,1,0,0,0,0,0,1,0,0,"- ","- ",36.631378173828125,-121.54414367675781,MONTEREY,UNINCORPORATED,-121.54591369628906,36.631938934326172
90786655,2018,2018-08-08,9730,2018-07-31,1425,019818,,2,2,9,2700,0,1,3,,1,022,"HWY 1 SOUTHBOUND","GARRAPATA CRK BRG",2640.00,N,N,B,-,Y,,,,,,,,,,N,2,0,1,1,C,-,18,,,N,H,A,A,A,H,-,A,D,0,,,Y,,Y,,-,"- ",1,0,0,0,0,0,0,0,1,"- ","- ",36.421398162841797,-121.91242218017578,MONTEREY,UNINCORPORATED,,
90791450,2018,2018-08-15,9730,2018-08-05,1720,021120,,7,2,9,2700,0,3,5,,2,007,"DOLAN RD.","VIA TANQUES RD.",370.00,W,N,A,-,N,,,,,,,,,,Y,2,0,1,1,A,-,03,22350,,N,E,A,A,A,H,-,A,D,0,,,Y,,Y,,C,02,1,0,0,0,0,0,0,0,1,"- ","- ",36.798038482666016,-121.75821685791016,MONTEREY,UNINCORPORATED,-121.7581787109375,36.7979736328125
90796414,2018,2018-08-23,9730,2018-08-17,2343,020933,,5,3,9,2700,0,1,3,,1,072,SR-156,"MCGUFFIE ROAD",400.00,E,N,A,-,Y,,,156,,,,,,,Y,2,0,1,2,A,-,01,23152,A,N,B,C,A,A,H,-,C,D,0,,,,,Y,Y,A,01,1,0,0,0,0,0,0,0,0,"- ","- ",36.788799285888672,-121.673828125,MONTEREY,UNINCORPORATED,-121.67383575439453,36.788837432861328
90799636,2018,2018-08-28,9730,2018-08-17,1745,020931,,5,2,9,2700,0,1,2,,1,030,"US-101 S/B","5TH STREET",5280.00,N,N,A,-,Y,,,101,,,,,,S,Y,2,0,1,3,A,-,03,22350,,N,C,C,A,A,H,-,A,D,0,,,,,Y,,A,01,1,0,0,0,0,0,0,0,0,"- ","- ",36.522201538085938,-121.45394134521484,MONTEREY,UNINCORPORATED,-121.45394897460938,36.522125244140625
90800694,2018,2018-08-29,9730,2018-08-19,0400,021396,,7,3,9,2700,0,2,4,,1,073,"SAN MIGUEL CANYON ROAD","HALL ROAD",1786.00,S,N,A,-,N,,,,,,,,,,Y,2,0,1,1,A,-,08,22107,,N,E,A,A,A,H,-,D,D,0,,,,,Y,,A,01,1,0,0,0,0,0,0,0,0,"- ","- ",36.854839324951172,-121.69264221191406,MONTEREY,UNINCORPORATED,-121.69517517089844,36.854904174804688