CASE_ID,ACCIDENT_YEAR,PROC_DATE,JURIS,COLLISION_DATE,COLLISION_TIME,OFFICER_ID,REPORTING_DISTRICT,DAY_OF_WEEK,CHP_SHIFT,POPULATION,CNTY_CITY_LOC,SPECIAL_COND,BEAT_TYPE,CHP_BEAT_TYPE,CITY_DIVISION_LAPD,CHP_BEAT_CLASS,BEAT_NUMBER,PRIMARY_RD,SECONDARY_RD,DISTANCE,DIRECTION,INTERSECTION,WEATHER_1,WEATHER_2,STATE_HWY_IND,CALTRANS_COUNTY,CALTRANS_DISTRICT,STATE_ROUTE,ROUTE_SUFFIX,POSTMILE_PREFIX,POSTMILE,LOCATION_TYPE,RAMP_INTERSECTION,SIDE_OF_HWY,TOW_AWAY,COLLISION_SEVERITY,NUMBER_KILLED,NUMBER_INJURED,PARTY_COUNT,PRIMARY_COLL_FACTOR,PCF_CODE_OF_VIOL,PCF_VIOL_CATEGORY,PCF_VIOLATION,PCF_VIOL_SUBSECTION,HIT_AND_RUN,TYPE_OF_COLLISION,MVIW,PED_ACTION,ROAD_SURFACE,ROAD_COND_1,ROAD_COND_2,LIGHTING,CONTROL_DEVICE,CHP_ROAD_TYPE,PEDESTRIAN_ACCIDENT,BICYCLE_ACCIDENT,MOTORCYCLE_ACCIDENT,TRUCK_ACCIDENT,NOT_PRIVATE_PROPERTY,ALCOHOL_INVOLVED,STWD_VEHTYPE_AT_FAULT,CHP_VEHTYPE_AT_FAULT,COUNT_SEVERE_INJ,COUNT_VISIBLE_INJ,COUNT_COMPLAINT_PAIN,COUNT_PED_KILLED,COUNT_PED_INJURED,COUNT_BICYCLIST_KILLED,COUNT_BICYCLIST_INJURED,COUNT_MC_KILLED,COUNT_MC_INJURED,PRIMARY_RAMP,SECONDARY_RAMP,LATITUDE,LONGITUDE,COUNTY,CITY,POINT_X,POINT_Y
90814272,2018,2018-09-17,9730,2018-09-07,0145,020233,,5,3,9,2700,0,3,5,,2,004,"OLD STAGE ROAD","IVERSON ROAD",3168.00,S,N,A,-,N,,,,,,,,,,Y,2,0,1,1,A,-,01,23152,A,N,F,I,A,A,H,-,D,D,0,,,,,Y,Y,A,01,1,0,0,0,0,0,0,0,0,"- ","- ",36.548721313476562,-121.47203826904297,MONTEREY,UNINCORPORATED,-121.47257995605469,36.549587249755859
90820395,2018,2018-09-25,9730,2018-09-15,0116,020598,,6,3,9,2700,0,1,3,,1,072,"SR-156 W/B",SR-183,1430.00,E,N,A,-,Y,,,156,,,,,,W,Y,2,0,1,1,A,-,01,23152,A,N,E,I,A,A,H,-,C,D,0,,,,,Y,Y,A,01,1,0,0,0,0,0,0,0,0,"- ","- ",36.764900207519531,-121.74919891357422,MONTEREY,UNINCORPORATED,-121.7491455078125,36.764858245849609
90821315,2018,2018-09-26,9730,2018-07-28,2500,019569,,6,4,9,2700,0,1,3,,1,012,SR-1,"WILLOW CREEK",1056.00,S,N,A,-,Y,,,1,,,,,,,Y,1,1,0,1,A,-,01,23152,A,N,F,A,A,A,H,-,D,D,0,,,,,Y,Y,A,01,0,0,0,0,0,0,0,0,0,"- ","- ",35.887569427490234,-121.46054077148438,MONTEREY,UNINCORPORATED,-121.46054840087891,35.887569427490234
90827621,2018,2018-10-03,9730,2018-09-22,1649,021794,,6,2,9,2700,0,3,5,,2,007,"ELKHORN ROAD","BAYVIEW ROAD",290.00,S,N,B,-,N,,,,,,,,,,Y,2,0,3,2,A,-,01,23152,A,N,E,I,A,A,H,-,A,D,0,,,,,Y,Y,A,01,2,0,1,0,0,0,0,0,0,"- ","- ",36.806270599365234,-121.72280883789062,MONTEREY,UNINCORPORATED,-121.72287750244141,36.806282043457031
90829094,2018,2018-10-04,9730,2018-09-28,0545,016537,,5,3,9,2700,0,3,5,,2,004,"OLD STAGE RD.","ZABALA RD.",0.00,,Y,B,-,N,,,,,,,,,,Y,2,0,2,2,A,-,12,22450,A,N,D,C,A,A,H,-,D,A,0,,,,,Y,,A,01,1,1,0,0,0,0,0,0,0,"- ","- ",36.665481567382812,-121.55001068115234,MONTEREY,UNINCORPORATED,-121.55007934570312,36.665500640869141
90829223,2018,2018-10-04,9730,2018-10-02,2000,019529,,2,2,9,2700,0,3,5,,2,003,"FOLETTA ROAD","ALTA STREET",100.00,W,N,A,-,N,,,,,,,,,,Y,2,0,1,1,A,-,08,22107,,N,A,J,A,A,H,-,D,D,0,,,,,Y,,A,01,1,0,0,0,0,0,0,0,0,"- ","- ",36.523399353027344,-121.46640014648438,MONTEREY,UNINCORPORATED,-121.46620178222656,36.523422241210938
90831392,2018,2018-10-09,9730,2018-10-07,0133,022129,,7,3,9,2700,0,1,3,,1,012,SR-1,"MILEPOST MARKER SR-1 14.00",2112.00,S,N,A,-,Y,,,1,,,,,,,Y,2,0,2,2,A,-,05,21650,,N,A,C,A,A,H,-,D,D,0,,,,,Y,,A,01,2,0,0,0,0,0,0,0,0,"- ","- ",35.931259155273438,-121.46853637695312,MONTEREY,UNINCORPORATED,-121.46858215332031,35.931247711181641
90834389,2018,2018-10-12,9730,2018-10-02,0806,020598,,2,1,9,2700,0,3,5,,2,007,"GEIL STREET","UNION STREET",177.00,N,N,A,-,N,,,,,,,,,,Y,2,0,2,2,A,-,08,22107,,N,C,E,A,A,H,-,A,D,0,,,,,Y,,A,07,1,1,0,0,0,0,0,0,0,"- ","- ",36.765701293945312,-121.75270080566406,MONTEREY,UNINCORPORATED,-121.75261688232422,36.765743255615234
90835616,2018,2018-10-15,9730,2018-10-03,1300,017184,,3,1,9,2700,0,1,3,,1,012,SR-1,"SODA SPRINGS TRAILHEAD",60.00,S,N,B,-,Y,,,1,,,,,,,Y,2,0,1,2,A,-,05,21460,A,N,A,C,A,B,H,-,A,A,0,,,Y,,Y,,A,01,1,0,0,0,0,0,0,0,1,"- ","- ",35.821418762207031,-121.37415313720703,MONTEREY,UNINCORPORATED,-121.37416076660156,35.821414947509766
90837557,2018,2018-10-16,9735,2018-10-07,0315,021120,,7,3,9,2700,0,1,2,,2,042,"US-101 NORTHBOUND TO WILDHORSE RD.","WILDHORSE RD.",160.00,S,N,A,-,Y,,,101,,,,R,,N,Y,2,0,1,2,A,-,08,22107,,N,B,C,A,A,H,-,C,A,0,,,,Y,Y,,A,01,1,0,0,0,0,0,0,0,0,"- ","- ",36.187538146972656,-121.07154846191406,MONTEREY,UNINCORPORATED,-121.07154846191406,36.187538146972656
90846213,2018,2018-10-26,9730,2018-10-18,0340,022129,,4,3,9,2700,0,3,5,,2,003,"RIVER ROAD","LAS PALMAS PARKWAY",1056.00,S,N,A,-,N,,,,,,,,,,Y,2,0,1,1,A,-,01,23152,A,N,F,A,A,A,H,-,D,D,0,,,,,Y,Y,A,07,1,0,0,0,0,0,0,0,0,"- ","- ",36.605640411376953,-121.63999176025391,MONTEREY,UNINCORPORATED,-121.64121246337891,36.606113433837891
90849022,2018,2018-10-30,9735,2018-10-21,1135,020036,,7,1,9,2700,0,1,3,,1,034,"SR-198 W/B",SR-25,3168.00,E,N,A,-,Y,,,,,,,,,,Y,2,0,1,1,A,-,03,22350,,N,F,A,A,A,H,-,A,D,0,,,,,Y,,D,22,1,0,0,0,0,0,0,0,0,"- ","- ",,,MONTEREY,UNINCORPORATED,,
90850295,2018,2018-10-31,9735,2018-10-28,2153,020841,,7,2,9,2700,0,1,3,,1,034,SR-198,"GRIFFIN ROAD",735.00,E,N,A,-,Y,,,198,,,,,,,Y,2,0,2,1,A,-,03,22350,,N,E,H,A,A,H,-,D,D,0,,,,,Y,,A,01,2,0,0,0,0,0,0,0,0,"- ","- ",36.196159362792969,-120.71219635009766,MONTEREY,UNINCORPORATED,-120.71224975585938,36.196071624755859
90850309,2018,2018-10-31,9735,2018-09-30,1933,019800,,7,2,9,2700,0,1,2,,1,041,"US-101 S/B","TEAGUE AVE",1584.00,S,N,A,-,Y,,,101,,,,,,S,Y,1,1,4,2,A,-,08,22107,,N,A,C,A,A,H,-,D,D,0,,,,,Y,,A,07,2,2,0,0,0,0,0,0,0,"- ","- ",36.256679534912109,-121.17839813232422,MONTEREY,UNINCORPORATED,-121.17835998535156,36.256690979003906
90853541,2018,2019-01-09,9730,2018-07-12,1940,019127,,4,2,9,2700,0,2,4,,1,023,"WEST CARMEL VALLEY ROAD","COUNTRY CLUB DRIVE",2640.00,E,N,B,-,N,,,,,,,,,,Y,1,1,2,2,A,-,01,23152,A,N,A,C,A,A,H,-,B,D,0,,,,,Y,Y,A,07,2,0,0,0,0,0,0,0,0,"- ","- ",36.490261077880859,-121.74446868896484,MONTEREY,UNINCORPORATED,-121.75023651123047,36.496723175048828
90857393,2018,2018-11-09,9730,2018-11-04,1912,021856,,7,2,9,2700,0,3,5,,2,007,"SAN MIGUEL CANYON ROAD","LEWIS ROAD",528.00,N,N,A,-,N,,,,,,,,,,Y,2,0,1,1,A,-,03,22350,,N,E,I,A,A,H,-,D,D,0,,,Y,,Y,,C,02,1,0,0,0,0,0,0,0,1,"- ","- ",36.878639221191406,-121.68717193603516,MONTEREY,UNINCORPORATED,-121.68679809570312,36.878818511962891
90862514,2018,2018-11-19,9730,2018-11-09,2005,022151,,5,2,9,2700,0,1,3,,1,022,SR-1,"MAL PASO RD",393.00,S,N,A,-,Y,,,1,,,,,,,Y,2,0,1,1,A,-,01,23152,A,N,F,I,A,A,H,-,D,D,0,,,,,Y,Y,A,01,1,0,0,0,0,0,0,0,0,"- ","- ",36.481731414794922,-121.93714141845703,MONTEREY,UNINCORPORATED,-121.93716430664062,36.481731414794922
90863586,2018,2018-11-20,9730,2018-11-10,2100,021794,,6,2,9,2700,0,1,2,,1,070,"S/B US-101","PRUNEDALE SOUTH ROAD",422.00,S,N,A,-,Y,,,101,,,,,,,Y,2,0,2,2,A,-,01,23152,A,N,B,C,A,A,H,-,D,D,0,,,,Y,Y,Y,A,01,2,0,0,0,0,0,0,0,0,"- ","- ",36.758098602294922,-121.66580200195312,MONTEREY,UNINCORPORATED,-121.66574859619141,36.758113861083984
90867969,2018,2019-02-18,9730,2018-11-18,1835,021888,,7,2,9,2700,0,1,3,,1,074,"SR-1 S/B","SPRINGFIELD ROAD",2640.00,N,N,A,-,Y,,,1,,,,,,S,Y,2,0,11,2,A,-,05,21460,A,N,A,C,A,A,H,-,D,D,0,,,,,Y,,A,07,5,3,3,0,0,0,0,0,0,"- ","- ",36.845409393310547,-121.77115631103516,MONTEREY,UNINCORPORATED,-121.77114868164062,36.845409393310547
90868503,2018,2018-11-27,9730,2018-11-16,1341,022151,,5,1,9,2700,0,2,4,,1,023,"CARMEL VALLEY ROAD","PASO DEL RIO",269.00,W,N,A,-,N,,,,,,,,,,Y,2,0,2,2,A,-,05,21460,A,N,A,C,A,A,H,-,A,D,0,,,,,Y,,A,01,2,0,0,0,0,0,0,0,0,"- ","- ",36.504009246826172,-121.76055908203125,MONTEREY,UNINCORPORATED,,
90871884,2018,2018-11-30,9730,2018-11-23,1118,019569,,5,1,9,2700,0,1,2,,1,070,"US-101 S/B","CRAZY HORSE CANYON RD",200.00,S,N,C,-,Y,,,101,,,,,,S,Y,2,0,1,1,A,-,03,22350,,N,F,A,A,B,H,-,A,D,0,,,,,Y,,A,01,1,0,0,0,0,0,0,0,0,"- ","- ",36.818031311035156,-121.63358306884766,MONTEREY,UNINCORPORATED,-121.63359069824219,36.818046569824219
90874432,2018,2018-12-12,9730,2018-11-17,2330,022039,,6,3,9,2700,0,2,4,,1,075,"SAN JUAN ROAD","ALLISON ST",2112.00,E,N,A,-,N,,,,,,,,,,Y,2,0,2,2,A,-,09,21804,A,F,D,C,A,A,H,-,D,D,0,,,,,Y,Y,A,01,1,1,0,0,0,0,0,0,0,"- ","- ",36.904159545898438,-121.72905731201172,MONTEREY,UNINCORPORATED,-121.72897338867188,36.904167175292969
90876041,2018,2018-12-05,9730,2018-09-26,1125,022092,,3,1,9,2700,0,3,5,,2,007,"CASTROVILLE BLVD","ORMART ROAD",1056.00,E,N,A,-,N,,,,,,,,,,Y,1,1,0,1,A,-,03,22350,,N,E,I,A,A,H,-,A,D,0,,,,,Y,,A,01,0,0,0,0,0,0,0,0,0,"- ","- ",36.795139312744141,-121.7161865234375,MONTEREY,UNINCORPORATED,-121.71685791015625,36.795074462890625
90880411,2018,2019-01-30,9730,2018-10-06,0130,022061,,6,3,9,2700,0,1,3,,2,062,"NORTHBOUND SR-1","IMJIN PARKWAY",2112.00,S,N,B,-,Y,,,1,,,,,,,Y,1,1,1,4,A,-,01,23152,A,F,F,C,A,A,H,-,D,D,0,,,Y,,Y,Y,C,02,0,0,1,0,0,0,0,1,1,"- ","- ",36.664718627929688,-121.81542205810547,MONTEREY,UNINCORPORATED,-121.81542205810547,36.664722442626953
90889487,2018,2018-12-24,9730,2018-10-17,1618,020931,,3,2,9,2700,0,1,2,,1,030,"US-101 NORTHBOUND","CHUALAR RIVER ROAD",6864.00,S,N,A,-,Y,,,101,,,,,,N,Y,1,1,0,2,A,-,09,21801,A,N,D,C,A,A,H,-,A,D,0,,,,Y,Y,,G,25,0,0,0,0,0,0,0,0,0,"- ","- ",36.554248809814453,-121.50254821777344,MONTEREY,UNINCORPORATED,-121.50251770019531,36.554290771484375
90897505,2018,2019-01-04,9730,2018-12-28,0547,019569,,5,3,9,2700,0,2,4,,1,073,"SALINAS RD","RAILROAD AVE",174.00,N,N,A,-,N,,,,,,,,,,Y,2,0,1,2,A,-,11,21954,A,N,G,B,D,A,H,-,D,D,0,Y,,,,Y,,N,60,1,0,0,0,1,0,0,0,0,"- ","- ",36.896308898925781,-121.74784851074219,MONTEREY,UNINCORPORATED,-121.74779510498047,36.896186828613281
90898483,2018,2019-01-07,9730,2018-12-27,1805,020896,,4,2,9,2700,0,3,5,,2,007,"ELKHORN RD","STRAWBERRY RD",850.00,S,N,A,-,N,,,,,,,,,,Y,2,0,1,1,A,-,01,23152,A,N,F,A,A,A,H,-,D,D,0,,,,,Y,Y,D,22,1,0,0,0,0,0,0,0,0,"- ","- ",36.826999664306641,-121.73200988769531,MONTEREY,UNINCORPORATED,-121.73182678222656,36.827144622802734
90931664,2019,2019-02-22,9730,2019-02-14,1425,022151,,4,2,9,2700,0,2,4,,1,023,"CARMEL VALLEY RD","HASTINGS RESERVATION RD",0.00,,N,C,-,N,,,,,,,,,,Y,2,0,3,2,A,-,03,22350,,N,A,C,A,B,H,-,A,D,0,,,,,Y,,A,07,1,0,2,0,0,0,0,0,0,"- ","- ",36.340080261230469,-121.51215362548828,MONTEREY,UNINCORPORATED,-121.564515,36.378771999999998
90939810,2019,2019-03-05,9730,2019-02-23,1710,022092,,6,2,9,2700,0,1,2,,1,070,"US-101 S/B TO SALA ROAD OFR","SALA ROAD",528.00,S,N,A,-,Y,,,101,,,,R,,S,Y,2,0,1,1,A,-,01,23152,A,N,F,A,A,A,H,-,A,D,0,,,Y,,Y,Y,C,02,1,0,0,0,0,0,0,0,1,"- ","- ",36.745109558105469,-121.66175842285156,MONTEREY,UNINCORPORATED,-121.66175842285156,36.745109558105469
90942012,2019,2019-03-07,9730,2019-02-28,1459,014800,,4,2,9,2700,0,3,5,,2,006,"CHRISTENSEN ROAD","ESPINOSA ROAD",190.00,N,N,A,-,N,,,,,,,,,,Y,2,0,3,2,A,-,08,22107,,N,D,C,A,A,H,-,A,D,0,,,,,Y,,A,01,1,1,1,0,0,0,0,0,0,"- ","- ",36.735698699951172,-121.658203125,MONTEREY,UNINCORPORATED,-121.65818023681641,36.735530853271484
90944800,2019,2019-03-12,9730,2019-03-02,2125,021794,,6,2,9,2700,0,2,4,,1,073,"SAN MIGUEL CANYON ROAD","POND DEROSA LN",528.00,N,N,C,-,N,,,,,,,,,,Y,2,0,2,2,A,-,09,21801,A,N,D,C,A,B,H,-,D,D,0,,,,,Y,,A,01,1,1,0,0,0,0,0,0,0,"- ","- ",36.818508148193359,-121.67298889160156,MONTEREY,UNINCORPORATED,-121.67308044433594,36.818012237548828
90953846,2019,2019-04-11,9730,2019-01-25,2335,022039,,5,3,9,2700,0,1,3,,1,074,SR-1,"JENSEN ROAD",1720.00,N,N,A,-,Y,,,1,,,,,,,Y,1,1,4,2,A,-,05,21460,A,N,A,C,A,A,H,-,D,D,0,,,,,Y,,D,22,3,1,0,0,0,0,0,0,0,"- ","- ",36.856960296630859,-121.77108001708984,MONTEREY,UNINCORPORATED,-121.77108001708984,36.856960296630859
90955077,2019,2019-03-27,9730,2019-03-15,0334,019770,,5,3,6,2708,0,1,2,,1,050,"SOUTHBOUND US-101","AIRPORT BLVD. OVER-CROSSING",5280.00,S,N,A,-,Y,,,101,,,,,,,Y,2,0,1,1,A,-,01,23152,A,N,E,I,A,A,H,-,D,D,0,,,,,Y,Y,A,01,1,0,0,0,0,0,0,0,0,"- ","- ",36.647590637207031,-121.61490631103516,MONTEREY,SALINAS,-121.61488342285156,36.647621154785156
90957639,2018,2019-03-29,9730,2018-12-05,1725,020931,,3,2,9,2700,0,1,3,,2,062,"SR-1 NORTHBOUND","8TH STREET O/C",133.00,S,N,C,-,Y,,,1,,,,,,N,Y,1,1,0,3,A,-,01,23152,F,N,C,C,A,B,H,-,B,D,0,,,,,Y,,D,22,0,0,0,0,0,0,0,0,0,"- ","- ",36.661270141601562,-121.81620025634766,MONTEREY,UNINCORPORATED,-121.81621551513672,36.661270141601562
90966246,2019,2019-04-12,9735,2019-04-07,2025,020894,,7,2,9,2700,0,1,3,,1,034,"SR-198 W/B","FREEMAN FLAT RD",8448.00,E,N,A,-,Y,,,198,,,,,,W,Y,2,0,1,1,C,-,18,,,N,E,H,A,A,H,-,D,D,0,,,Y,,Y,,-,"- ",1,0,0,0,0,0,0,0,1,"- ","- ",36.156238555908203,-120.99231719970703,MONTEREY,UNINCORPORATED,-120.9923095703125,36.156227111816406
90975160,2019,2019-04-25,9730,2019-04-16,2020,021776,,2,2,9,2700,0,3,5,,2,004,"OLD STAGE ROAD","POTTER ROAD",3696.00,S,N,A,-,N,,,,,,,,,,Y,2,0,3,3,A,-,01,23152,A,N,B,C,A,A,H,-,D,D,0,,,,,Y,Y,D,22,1,0,2,0,0,0,0,0,0,"- ","- ",36.615699768066406,-121.52200317382812,MONTEREY,UNINCORPORATED,-121.52223968505859,36.615982055664062
90977874,2019,2019-04-29,9735,2019-04-25,1748,020710,,4,2,9,2700,0,1,2,,2,044,"US-101 SOUTHBOUND","LOS LOBOS RD",2640.00,N,N,A,-,Y,,,101,,,,,,S,Y,2,0,1,2,A,-,08,22107,,N,B,C,A,A,H,-,A,D,0,,,,,Y,,A,01,1,0,0,0,0,0,0,0,0,"- ","- ",35.983070373535156,-120.90273284912109,MONTEREY,UNINCORPORATED,-120.90275573730469,35.983066558837891
90978227,2019,2019-04-29,9735,2019-04-23,0550,017257,,2,3,9,2700,0,1,2,,1,040,"US 101 SOUTHBOUND","HUDSON ROAD",528.00,S,N,A,-,Y,,,,,,,,,,Y,2,0,5,2,A,-,13,22500,A,N,C,C,A,A,H,-,B,D,0,,,,Y,Y,,A,01,4,1,0,0,0,0,0,0,0,"- ","- ",36.352680206298828,-121.26738739013672,MONTEREY,UNINCORPORATED,-121.26657867431641,36.351417541503906
90979950,2019,2019-05-06,9730,2019-04-22,1910,021776,,1,2,9,2700,0,1,2,,1,030,"SOUTHBOUND US-101","GLORIA ROAD OVER-CROSSING",2112.00,N,N,A,-,Y,,,101,,,,,,,Y,2,0,3,2,A,-,03,22350,,N,C,C,A,A,H,-,B,D,0,,,,,Y,,A,01,1,2,0,0,0,0,0,0,0,"- ","- ",36.498600006103516,-121.4302978515625,MONTEREY,UNINCORPORATED,-121.43020629882812,36.498645782470703
90984510,2019,2019-07-08,9730,2019-05-01,0730,015160,,3,1,9,2700,0,2,4,,1,073,"HALL ROAD","SILL ROAD",528.00,W,N,A,-,N,,,,,,,,,,Y,2,0,2,4,A,-,03,22350,,N,C,C,A,A,H,-,A,D,0,,,,,Y,,A,01,1,1,0,0,0,0,0,0,0,"- ","- ",36.864089965820312,-121.72512817382812,MONTEREY,UNINCORPORATED,-121.72433471679688,36.864101409912109
90984874,2019,2019-05-08,9730,2019-05-02,1340,017184,,4,1,9,2700,0,1,3,,1,012,SR-1,"VICENTE CREEK BRIDGE",2112.00,N,N,A,-,Y,,,1,,,,,,,Y,2,0,1,1,A,-,08,22107,,N,E,I,A,A,H,-,A,A,0,,,Y,,Y,,C,02,1,0,0,0,0,0,0,0,1,"- ","- ",36.048789978027344,-121.58872222900391,MONTEREY,UNINCORPORATED,-121.58885192871094,36.048580169677734
90987643,2019,2020-10-15,9730,2019-05-01,1715,020065,,3,2,9,2700,0,3,5,,2,007,"ECHO VALLEY ROAD","VIA DEL SOL",102.00,E,N,A,-,N,,,,,,,,,,Y,2,0,2,2,A,-,01,23152,A,N,A,C,A,A,H,-,A,D,0,,,,,Y,Y,A,01,1,0,1,0,0,0,0,0,0,"- ","- ",36.828678131103516,-121.65030670166016,MONTEREY,UNINCORPORATED,-121.65035247802734,36.828716278076172
90990020,2019,2019-05-16,9730,2019-05-07,1611,018810,,2,2,9,2700,0,1,3,,1,074,SR-1,"WATSONVILLE ROAD",448.00,N,N,B,-,Y,,,1,,,,,,,Y,2,0,5,5,A,-,03,22350,,F,C,C,A,A,H,-,A,D,0,,,,,Y,,-,99,1,0,4,0,0,0,0,0,0,"- ","- ",36.772468566894531,-121.76725006103516,MONTEREY,UNINCORPORATED,-121.76725769042969,36.772453308105469
90993395,2019,2019-05-21,9730,2019-05-09,1440,020065,,4,2,9,2700,0,1,2,,1,030,"US-101 N/B","POTTER ROAD",0.00,,Y,B,-,Y,,,101,,,,,,N,Y,2,0,3,2,A,-,09,21801,A,N,D,C,A,A,H,-,A,D,0,,,,,Y,,A,07,1,0,2,0,0,0,0,0,0,"- ","- ",36.60565185546875,-121.55699157714844,MONTEREY,UNINCORPORATED,-121.55703735351562,36.605587005615234
91001110,2019,2019-05-31,9730,2019-05-22,1700,017184,,3,2,4,2706,0,1,3,,1,012,SR-1,"SAN LUIS OBISPO COUNTY LINE",4224.00,N,N,A,-,Y,,,,,,,,,,Y,2,0,1,2,A,-,05,21460,A,N,B,C,A,A,H,-,A,A,0,,,Y,,Y,,C,02,1,0,0,0,0,0,0,0,1,"- ","- ",35.803791046142578,-121.34947967529297,MONTEREY,MONTEREY,,
91002606,2019,2019-06-03,9730,2019-05-24,1730,022092,,5,2,9,2700,0,1,3,,1,074,"SR-1 (CABRILLO HIGHWAY)","STRUVE ROAD",40.00,S,N,A,-,Y,,,1,,,,,,,N,2,0,1,1,C,-,18,,,N,H,A,A,A,H,-,A,D,0,,,,,Y,,-,"- ",1,0,0,0,0,0,0,0,0,"- ","- ",36.823329925537109,-121.78021240234375,MONTEREY,UNINCORPORATED,-121.78019714355469,36.823299407958984
91003254,2019,2019-06-04,9735,2019-05-13,1952,020302,,1,2,9,2700,0,1,2,,2,045,"US-101 N/B","JOLON ROAD",1640.00,S,N,A,-,Y,,,101,,,,,,N,N,2,0,2,1,A,-,01,23152,A,N,E,I,A,A,H,-,A,D,0,,,,,Y,Y,D,22,1,0,1,0,0,0,0,0,0,"- ","- ",35.871658325195312,-120.83155059814453,MONTEREY,UNINCORPORATED,-120.83164215087891,35.871482849121094
91003489,2019,2019-06-04,9730,2019-05-29,0459,019569,,3,3,9,2700,0,3,5,,2,005,"NATIVIDAD RD","OLD NATIVIDAD RD",1584.00,N,N,A,-,N,,,,,,,,,,Y,2,0,3,1,C,-,18,,,N,E,H,A,A,H,-,D,D,0,,,,,Y,,-,"- ",1,2,0,0,0,0,0,0,0,"- ","- ",36.736499786376953,-121.60430145263672,MONTEREY,UNINCORPORATED,-121.60449981689453,36.736301422119141
91004024,2019,2019-06-05,9735,2019-05-31,0525,015383,,5,3,9,2700,0,2,4,,1,021,"JOLON RD.","SAN LUCAS RD",18480.00,S,N,E,-,N,,,,,,,,,,Y,2,0,1,1,A,-,01,23152,A,N,E,I,A,A,H,-,D,D,0,,,,,Y,Y,A,07,1,0,0,0,0,0,0,0,0,"- ","- ",36.084259033203125,-121.175537109375,MONTEREY,UNINCORPORATED,-121.17555236816406,36.084072113037109
91005757,2019,2019-06-07,9730,2019-05-30,0525,016537,,4,3,6,2708,0,1,2,,1,050,"US-101 N/B","JOHN ST. O/C",1056.00,S,N,B,-,Y,,,101,,,,,,N,Y,2,0,2,4,A,-,03,22350,,N,C,C,A,A,H,-,B,D,0,,,,Y,Y,,A,01,1,0,1,0,0,0,0,0,0,"- ","- ",36.669029235839844,-121.63529968261719,MONTEREY,SALINAS,-121.63531494140625,36.668975830078125
91006249,2019,2019-06-10,9730,2019-05-31,0050,021358,,5,3,9,2700,0,1,3,,1,072,SR-156,"OAK HILLS DRIVE",34.00,E,N,B,-,Y,,,156,,,,,,,Y,2,0,2,2,A,-,09,21806,A,N,C,C,A,A,H,-,D,D,0,,,,,Y,,A,01,1,1,0,0,0,0,0,0,0,"- ","- ",36.779979705810547,-121.70332336425781,MONTEREY,UNINCORPORATED,-121.70331573486328,36.77996826171875
91006689,2019,2019-06-10,9730,2019-06-01,1814,022151,,6,2,9,2700,0,1,2,,1,030,"US-101 SOUTHBOUND","5TH STREET",1056.00,S,N,A,-,Y,,,101,,,,,,S,Y,2,0,1,1,A,-,08,22107,,N,E,I,A,A,H,-,A,D,0,,,,,Y,,A,01,1,0,0,0,0,0,0,0,0,"- ","- ",36.510730743408203,-121.43669128417969,MONTEREY,UNINCORPORATED,-121.43651580810547,36.510818481445312
91006771,2019,2019-06-10,9735,2019-05-20,1937,020710,,1,2,9,2700,0,1,3,,1,034,SR-198,"FREEMAN FLAT RD",646.00,W,N,A,-,Y,,,198,,,,,,,Y,2,0,3,1,A,-,01,23152,A,N,E,I,A,A,H,-,A,D,0,,,,,Y,Y,A,01,1,2,0,0,0,0,0,0,0,"- ","- ",36.138641357421875,-121.01126098632812,MONTEREY,UNINCORPORATED,-121.01126861572266,36.138637542724609
91007846,2019,2019-06-11,9730,2019-05-28,0530,019315,,2,3,9,2700,0,3,5,,2,003,"HARKINS ROAD","FIFTH ST",1584.00,E,N,A,-,N,,,,,,,,,,Y,2,0,1,3,A,-,21,22106,,F,G,B,F,A,H,-,D,D,0,Y,,,,Y,Y,A,07,1,0,0,0,1,0,0,0,0,"- ","- ",36.628089904785156,-121.64395904541016,MONTEREY,UNINCORPORATED,-121.64258575439453,36.630226135253906
9100801,2020,2020-08-05,2708,2020-04-29,1803,80368,SALIN,3,5,6,2708,0,0,0,,0,008,"EAST MARKET ST","SUN ST",60.00,W,N,A,-,N,,,,,,,,,,Y,2,0,1,2,A,-,11,21954,A,F,G,B,E,A,H,-,A,D,0,Y,,,,Y,,N,60,1,0,0,0,1,0,0,0,0,"- ","- ",,,MONTEREY,SALINAS,-121.64656829833984,36.678840637207031