CASE_ID,ACCIDENT_YEAR,PROC_DATE,JURIS,COLLISION_DATE,COLLISION_TIME,OFFICER_ID,REPORTING_DISTRICT,DAY_OF_WEEK,CHP_SHIFT,POPULATION,CNTY_CITY_LOC,SPECIAL_COND,BEAT_TYPE,CHP_BEAT_TYPE,CITY_DIVISION_LAPD,CHP_BEAT_CLASS,BEAT_NUMBER,PRIMARY_RD,SECONDARY_RD,DISTANCE,DIRECTION,INTERSECTION,WEATHER_1,WEATHER_2,STATE_HWY_IND,CALTRANS_COUNTY,CALTRANS_DISTRICT,STATE_ROUTE,ROUTE_SUFFIX,POSTMILE_PREFIX,POSTMILE,LOCATION_TYPE,RAMP_INTERSECTION,SIDE_OF_HWY,TOW_AWAY,COLLISION_SEVERITY,NUMBER_KILLED,NUMBER_INJURED,PARTY_COUNT,PRIMARY_COLL_FACTOR,PCF_CODE_OF_VIOL,PCF_VIOL_CATEGORY,PCF_VIOLATION,PCF_VIOL_SUBSECTION,HIT_AND_RUN,TYPE_OF_COLLISION,MVIW,PED_ACTION,ROAD_SURFACE,ROAD_COND_1,ROAD_COND_2,LIGHTING,CONTROL_DEVICE,CHP_ROAD_TYPE,PEDESTRIAN_ACCIDENT,BICYCLE_ACCIDENT,MOTORCYCLE_ACCIDENT,TRUCK_ACCIDENT,NOT_PRIVATE_PROPERTY,ALCOHOL_INVOLVED,STWD_VEHTYPE_AT_FAULT,CHP_VEHTYPE_AT_FAULT,COUNT_SEVERE_INJ,COUNT_VISIBLE_INJ,COUNT_COMPLAINT_PAIN,COUNT_PED_KILLED,COUNT_PED_INJURED,COUNT_BICYCLIST_KILLED,COUNT_BICYCLIST_INJURED,COUNT_MC_KILLED,COUNT_MC_INJURED,PRIMARY_RAMP,SECONDARY_RAMP,LATITUDE,LONGITUDE,COUNTY,CITY,POINT_X,POINT_Y
91011315,2019,2019-06-17,9735,2019-06-08,2105,021275,,6,2,9,2700,0,3,5,,2,003,"METZ RD","ELM AVE",4858.00,N,N,A,-,N,,,,,,,,,,Y,2,0,3,2,A,-,01,23153,A,N,A,C,A,A,H,-,D,D,0,,,,,Y,Y,A,08,2,0,1,0,0,0,0,0,0,"- ","- ",36.352008819580078,-121.20622253417969,MONTEREY,UNINCORPORATED,-121.20616149902344,36.351993560791016
91011468,2019,2019-06-17,9730,2019-06-09,2000,022118,,7,2,9,2700,0,3,5,,2,007,"TUCKER ROAD","STRAWBERRY ROAD",612.00,S,N,A,-,N,,,,,,,,,,N,2,0,1,2,C,-,18,,,N,D,C,A,A,H,-,A,D,0,,,,,Y,,-,"- ",1,0,0,0,0,0,0,0,0,"- ","- ",36.825721740722656,-121.70780944824219,MONTEREY,UNINCORPORATED,-121.70782470703125,36.825759887695312
91015790,2019,2019-06-24,9730,2019-03-25,2105,021776,,1,2,9,2700,0,1,2,,1,030,"US-101 SOUTHBOUND","GLORIA ROAD OVER-CROSSING",792.00,S,N,B,-,Y,,,101,,,,,,S,Y,1,1,0,2,A,-,17,21461,,N,G,B,E,A,H,-,D,D,0,Y,,,,Y,Y,N,60,0,0,0,1,0,0,0,0,0,"- ","- ",36.490589141845703,-121.42539215087891,MONTEREY,UNINCORPORATED,-121.42557525634766,36.490440368652344
91016782,2019,2019-06-25,9730,2019-06-13,1600,022061,,4,2,9,2700,0,2,4,,1,075,"SAN JUAN ROAD","CARPENTERIA ROAD",0.00,,Y,A,-,N,,,,,,,,,,Y,2,0,1,2,A,-,09,21802,A,N,D,C,A,A,H,-,A,A,0,,,Y,,Y,,A,01,1,0,0,0,0,0,0,0,1,"- ","- ",36.860160827636719,-121.65354156494141,MONTEREY,UNINCORPORATED,-121.65342712402344,36.860179901123047
91017817,2019,2019-06-26,9730,2019-06-14,2135,021856,,5,2,9,2700,0,1,2,,1,070,"NORTHBOUND UNITED STATES 101","VIERRA CANYON ROAD",123.00,S,N,A,-,Y,,,,,,,,,,Y,2,0,1,2,A,-,01,23152,A,N,C,C,A,A,H,-,C,D,0,,,Y,,Y,Y,C,02,1,0,0,0,0,0,0,0,1,"- ","- ",36.790760040283203,-121.667236328125,MONTEREY,UNINCORPORATED,,
91021538,2019,2019-07-01,9730,2019-06-19,2110,019100,,3,2,6,2708,0,1,2,,1,070,"US-101 S/B","DUNBARTON ROAD",5280.00,S,N,B,-,Y,,,,,,,,,,Y,2,0,1,1,A,-,01,23152,A,N,E,I,A,A,H,-,D,D,0,,,,,Y,Y,A,08,1,0,0,0,0,0,0,0,0,"- ","- ",36.834129333496094,-121.63031005859375,MONTEREY,SALINAS,-121.62993621826172,36.831394195556641
91026640,2019,2019-07-08,9730,2019-04-12,2326,020916,,5,3,9,2700,0,2,4,,1,075,"SAN JUAN ROAD","SAN MIGUEL CYN RD",1848.00,E,N,A,-,N,,,,,,,,,,Y,1,1,1,1,A,-,01,23152,A,N,E,I,A,A,H,-,D,D,0,,,,,Y,Y,D,22,0,1,0,0,0,0,0,0,0,"- ","- ",36.898090362548828,-121.68466186523438,MONTEREY,UNINCORPORATED,-121.68472290039062,36.898159027099609
91027739,2019,2019-07-09,9730,2019-06-30,1815,021358,,7,2,9,2700,0,2,4,,1,023,"CARMEL VALLEY ROAD","CACHAGUA ROAD",2110.00,W,N,A,-,N,,,,,,,,,,Y,2,0,1,2,A,-,03,22350,,N,F,A,A,A,H,-,A,D,0,,,Y,,Y,,C,02,1,0,0,0,0,0,0,0,1,"- ","- ",36.448448181152344,-121.68781280517578,MONTEREY,UNINCORPORATED,-121.6871337890625,36.448162078857422
91033343,2019,2019-07-18,9730,2019-07-10,0110,020233,,3,3,9,2700,0,1,2,,1,050,US-101,"JOHN STREET OVERCROSS",165.00,N,N,B,-,Y,,,101,,,,,,,Y,2,0,2,1,A,-,01,23152,A,N,E,I,A,A,H,-,C,D,0,,,,,Y,Y,A,01,1,1,0,0,0,0,0,0,0,"- ","- ",36.622711181640625,-121.58051300048828,MONTEREY,UNINCORPORATED,-121.58052062988281,36.622699737548828
91033509,2019,2019-07-18,9730,2019-07-11,2311,020896,,4,3,9,2700,0,2,4,,1,073,"SAN MIGUEL CANYON RD","HALL RD",0.00,,Y,B,-,N,,,,,,,,,,Y,2,0,1,1,A,-,03,22350,,N,E,I,A,A,H,-,D,D,0,,,,,Y,,A,01,1,0,0,0,0,0,0,0,0,"- ","- ",36.859451293945312,-121.69526672363281,MONTEREY,UNINCORPORATED,-121.69519805908203,36.859321594238281
91042557,2019,2019-07-31,9730,2019-07-21,1508,022061,,7,2,9,2700,0,3,5,,2,005,"OLD STAGE ROAD","OLD NATIVIDAD ROAD",2112.00,S,N,A,-,N,,,,,,,,,,Y,2,0,1,1,A,-,01,23152,A,N,F,A,A,A,H,-,A,D,0,,,,,Y,Y,A,01,1,0,0,0,0,0,0,0,0,"- ","- ",36.726909637451172,-121.59445953369141,MONTEREY,UNINCORPORATED,-121.59455108642578,36.726909637451172
91044905,2019,2019-08-05,9730,2019-07-15,1659,022118,,1,2,9,2700,0,1,2,,1,030,"US-101 SOUTHBOUND","GLORIA ROAD O/C",3168.00,S,N,A,-,Y,,,101,,,,,,S,Y,2,0,2,2,A,-,01,23152,A,F,A,C,A,A,H,-,A,D,0,,,,,Y,Y,A,01,1,1,0,0,0,0,0,0,0,"- ","- ",36.486419677734375,-121.4210205078125,MONTEREY,UNINCORPORATED,-121.4210205078125,36.486423492431641
91047068,2019,2019-08-07,9730,2019-07-28,2318,020931,,7,3,9,2700,0,1,3,,1,074,SR-1,"MOSS LANDING ROAD",180.00,S,N,B,-,Y,,,1,,,,,,,Y,2,0,1,1,A,-,01,23152,A,N,F,A,A,A,H,-,C,D,0,,,Y,,Y,Y,C,02,1,0,0,0,0,0,0,0,1,"- ","- ",36.799350738525391,-121.78327178955078,MONTEREY,UNINCORPORATED,-121.78319549560547,36.799354553222656
91047078,2019,2019-08-07,9730,2019-07-27,1715,022151,,6,2,9,2700,0,1,3,,1,014,SR-1,"CHINA BASIN ST",1584.00,S,N,B,-,Y,,,1,,,,,,,Y,2,0,1,1,A,-,01,23152,F,N,E,I,A,A,H,-,A,D,0,,,Y,,Y,,C,02,1,0,0,0,0,0,0,0,1,"- ","- ",36.048870086669922,-121.58930969238281,MONTEREY,UNINCORPORATED,-121.58930206298828,36.048881530761719
91048565,2019,2019-08-09,9730,2019-07-29,1230,019315,,1,1,9,2700,0,1,2,,1,070,"US-101 (S/B)","BORONDA ROAD",528.00,N,N,A,-,Y,,,101,,,,,,,Y,2,0,1,2,A,-,03,22350,,N,C,C,A,A,D,-,A,D,0,,,,Y,Y,,F,26,1,0,0,0,0,0,0,0,0,"- ","- ",36.726451873779297,-121.6588134765625,MONTEREY,UNINCORPORATED,-121.65880584716797,36.726448059082031
91051436,2019,2019-08-13,9730,2019-08-01,1640,021707,,4,2,9,2700,0,2,4,,1,073,"SALINAS ROAD S/B","TRAFTON ROAD",254.00,S,N,A,-,N,,,,,,,,,,Y,2,0,3,3,A,-,03,22350,,N,B,C,A,A,H,-,A,D,0,,,,,Y,,A,01,1,1,1,0,0,0,0,0,0,"- ","- ",36.886608123779297,-121.74717712402344,MONTEREY,UNINCORPORATED,-121.7470703125,36.886093139648438
91051515,2019,2019-08-14,9730,2019-08-02,2235,021794,,5,3,9,2700,0,1,2,,1,050,"US-101 NORTHBOUND","LAUREL DRIVE",1584.00,S,N,A,-,Y,,,,,,,,,,Y,2,0,1,2,A,-,01,23152,A,N,C,C,A,A,H,-,C,D,0,,,,,Y,Y,A,07,1,0,0,0,0,0,0,0,0,"- ","- ",36.693378448486328,-121.66152954101562,MONTEREY,UNINCORPORATED,-121.66213226318359,36.693862915039062
91052173,2019,2019-10-09,9730,2019-08-03,1954,022118,,6,2,9,2700,0,1,3,,1,068,SR-68,"SAN BENANCIO ROAD",0.00,,Y,A,-,Y,,,68,,,,,,,Y,2,0,4,2,A,-,12,21453,A,N,A,C,A,A,H,-,A,A,0,,,,,Y,,A,07,1,0,3,0,0,0,0,0,0,"- ","- ",36.579788208007812,-121.72068786621094,MONTEREY,UNINCORPORATED,-121.72069549560547,36.579795837402344
91052982,2019,2019-08-15,9735,2019-07-31,1625,019330,,3,2,9,2700,0,3,5,,2,001,"FORT ROMIE ROAD","FOOTHILL ROAD",528.00,S,N,A,-,N,,,,,,,,,,Y,2,0,2,2,A,-,03,22350,,N,C,C,A,A,H,-,A,D,0,,,,,Y,,A,07,2,0,0,0,0,0,0,0,0,"- ","- ",36.243309020996094,-121.22338104248047,MONTEREY,UNINCORPORATED,-121.39017486572266,36.411888122558594
91053046,2019,2019-08-15,9730,2019-08-06,1725,021776,,2,2,9,2700,0,3,5,,2,003,"LAURELES GRADE","RINCONADA DRIVE",635.00,S,N,A,-,N,,,,,,,,,,Y,2,0,3,3,A,-,05,21460,A,N,D,C,A,A,H,-,A,D,0,,,,,Y,,D,22,2,1,0,0,0,0,0,0,0,"- ","- ",36.536869049072266,-121.75119018554688,MONTEREY,UNINCORPORATED,-121.75131988525391,36.536884307861328
91056772,2019,2019-08-21,9730,2019-08-09,2220,020990,,5,3,9,2700,0,3,5,,2,005,"CRAZY HORSE CANYON ROAD","SAN JUAN GRADE ROAD",0.00,,Y,A,-,N,,,,,,,,,,Y,2,0,1,1,A,-,01,23152,A,N,F,A,A,A,H,-,D,A,0,,,,,Y,Y,A,01,1,0,0,0,0,0,0,0,0,"- ","- ",36.773120880126953,-121.60347747802734,MONTEREY,UNINCORPORATED,-121.60337066650391,36.773490905761719
91059844,2019,2019-08-27,9730,2019-08-04,2020,021776,,7,2,9,2700,0,3,5,,2,003,"CHUALAR RIVER ROAD","FOLETTA ROAD",2640.00,W,N,A,-,N,,,,,,,,,,Y,2,0,4,2,A,-,08,22107,,F,D,C,A,A,H,-,D,D,0,,,,,Y,,A,07,3,0,1,0,0,0,0,0,0,"- ","- ",36.56182861328125,-121.52330780029297,MONTEREY,UNINCORPORATED,-121.52365875244141,36.5616455078125
91060586,2019,2019-08-27,9730,2019-04-27,0033,021888,,6,3,9,2700,0,1,3,,1,066,"SR-183 (CASTROVILLE ROAD)","COOPER ROAD",1584.00,N,N,B,-,Y,,,183,,,,,,,N,1,1,0,2,A,-,11,21954,A,N,G,B,E,A,H,-,D,D,0,Y,,,,Y,Y,N,60,0,0,0,1,0,0,0,0,0,"- ","- ",36.717758178710938,-121.72141265869141,MONTEREY,UNINCORPORATED,-121.721435546875,36.717739105224609
91060601,2019,2019-08-27,9730,2019-04-09,1550,017502,,2,2,9,2700,0,3,5,,2,006,"RESERVATION ROAD","BLANCO ROAD",1056.00,E,N,A,-,N,,,,,,,,,,Y,1,1,1,2,A,-,03,22350,,N,C,C,A,A,H,-,A,D,0,,,,,Y,,D,22,0,0,1,0,0,0,0,0,0,"- ","- ",36.665199279785156,-121.75308990478516,MONTEREY,UNINCORPORATED,-121.75358581542969,36.665458679199219
91064180,2019,2019-08-30,9730,2019-08-21,0755,019022,,3,1,9,2700,0,1,3,,1,014,"SR-1 SOUTHBOUND (51000 BLOCK NUMBER)","PARTINGTON RIDGE ROAD",3168.00,S,N,A,-,Y,,,1,,,,,,S,Y,2,0,1,2,A,-,08,22107,,N,F,A,A,A,H,-,A,D,0,,,Y,,Y,,C,02,1,0,0,0,0,0,0,0,1,"- ","- ",36.176769256591797,-121.69815826416016,MONTEREY,UNINCORPORATED,-121.69815826416016,36.176784515380859
91067344,2019,2019-09-04,9735,2019-09-01,0705,018995,,7,1,9,2700,0,3,5,,2,005,"JOLON RD","NEW PLEYTO RD",3168.00,S,N,A,-,N,,,,,,,,,,Y,2,0,1,1,A,-,08,22107,,N,E,I,A,A,H,-,A,D,0,,,Y,,Y,,C,02,1,0,0,0,0,0,0,0,1,"- ","- ",35.902809143066406,-120.972900390625,MONTEREY,UNINCORPORATED,-120.97367858886719,35.902755737304688
91068724,2019,2019-09-05,9735,2019-08-27,1905,020894,,2,2,9,2700,0,3,5,,2,002,"MESA VERDE RD","WILD HORSE RD",871.00,N,N,A,-,N,,,,,,,,,,Y,2,0,1,2,A,-,01,23152,A,M,A,E,A,A,H,-,A,D,0,,,,Y,Y,Y,A,01,1,0,0,0,0,0,0,0,0,"- ","- ",36.188480377197266,-121.07469177246094,MONTEREY,UNINCORPORATED,-121.07505798339844,36.188663482666016
91083197,2019,2019-09-25,9730,2019-09-13,1603,019239,,5,2,9,2700,0,1,3,,1,068,"SR-68 EB","RIVER RD U.C.",340.00,W,N,A,-,Y,,,68,,,,,,E,N,2,0,2,1,A,-,01,23152,A,M,E,I,A,A,H,-,A,D,0,,,,,Y,Y,A,01,1,0,1,0,0,0,0,0,0,"- ","- ",36.6239013671875,-121.68270111083984,MONTEREY,UNINCORPORATED,-121.68280029296875,36.6240234375
91087382,2019,2019-10-01,9730,2019-09-20,1000,019569,,5,1,9,2700,0,2,4,,1,023,"CARMEL VALLEY RD","519 WEST CARMEL VALLEY RD",10.00,E,N,A,-,N,,,,,,,,,,Y,2,0,1,2,A,-,09,21804,A,N,D,C,A,A,H,-,A,D,0,,,Y,,Y,,A,08,1,0,0,0,0,0,0,0,1,"- ","- ",36.503898620605469,-121.76029968261719,MONTEREY,UNINCORPORATED,-121.75949859619141,36.503410339355469
91089023,2019,2020-10-23,9730,2019-06-15,2220,020916,,6,3,9,2700,0,3,5,,2,007,"SALINAS ROAD","ELKHORN ROAD",10.00,N,N,A,-,N,,,,,,,,,,Y,1,1,0,2,A,-,01,23152,A,F,A,B,E,A,H,-,D,D,0,Y,,,,Y,Y,A,01,0,0,0,1,0,0,0,0,0,"- ","- ",36.882839202880859,-121.74700927734375,MONTEREY,UNINCORPORATED,-121.74687957763672,36.883075714111328
91089407,2019,2019-10-03,9730,2019-09-22,1800,014565,,7,2,9,2700,0,1,3,,1,072,SR-156,"MCGUFFIE RD",0.00,,Y,A,-,Y,,,156,,,,,,,Y,2,0,3,5,A,-,09,21802,A,N,A,C,A,A,H,-,A,A,0,,,,,Y,,A,08,1,0,2,0,0,0,0,0,0,"- ","- ",36.788711547851562,-121.67484283447266,MONTEREY,UNINCORPORATED,-121.67484283447266,36.788726806640625
91089699,2019,2019-10-03,9735,2019-09-20,1615,020710,,5,2,9,2700,0,1,3,,2,030,SR-146,"STONEWALL CANYON RD",332.00,E,N,A,-,Y,,,146,,,,,,,Y,2,0,2,1,A,-,08,22107,,N,E,I,A,A,H,-,A,D,0,,,,,Y,,A,01,2,0,0,0,0,0,0,0,0,"- ","- ",36.423259735107422,-121.294921875,MONTEREY,UNINCORPORATED,-121.294921875,36.423198699951172
91094051,2019,2019-10-09,9730,2019-09-28,1935,022047,,6,2,9,2700,0,3,5,,2,007,"BLACKIE RD.","PRUNDALE SOUTH RD.",150.00,E,N,A,-,N,,,,,,,,,,Y,2,0,1,2,A,-,08,22107,,N,C,C,A,A,H,-,C,D,0,,,,Y,Y,,A,01,1,0,0,0,0,0,0,0,0,"- ","- ",36.774330139160156,-121.6715087890625,MONTEREY,UNINCORPORATED,-121.67147827148438,36.774398803710938
91095963,2019,2019-10-14,9730,2019-06-19,0935,016537,,3,1,9,2700,0,1,2,,1,030,"US-101 SOUTH BOUND","POTTER ROAD",0.00,,Y,B,-,Y,,,101,,,,,,,Y,1,1,2,2,C,-,18,,,N,D,C,A,A,H,-,A,D,0,,,,,Y,,-,"- ",1,0,1,0,0,0,0,0,0,"- ","- ",36.605739593505859,-121.55729675292969,MONTEREY,UNINCORPORATED,-121.55728149414062,36.605762481689453
9109608,2020,2020-10-28,2708,2020-05-01,1714,13173,SALIN,5,5,6,2708,0,0,0,,0,010,"MARKET ST","GRIFFIN ST",0.00,,Y,A,-,N,,,,,,,,,,N,2,0,1,2,A,-,09,21801,A,N,D,G,A,A,H,-,A,A,0,,Y,,,Y,,A,08,1,0,0,0,0,0,1,0,0,"- ","- ",,,MONTEREY,SALINAS,-121.64494323730469,36.678958892822266
91098210,2019,2019-10-16,9730,2019-10-06,0645,019328,,7,1,9,2700,0,1,2,,1,070,"CRAZY HORSE CANYON RD.","SAN JUAN GRADE RD.",80.00,E,N,A,-,N,,,,,,,,,,Y,2,0,1,1,A,-,01,23152,A,N,E,J,A,A,H,-,A,D,0,,,,,Y,Y,A,01,1,0,0,0,0,0,0,0,0,"- ","- ",36.462379455566406,-121.36121368408203,MONTEREY,UNINCORPORATED,-121.60319519042969,36.773319244384766
91101974,2019,2019-10-21,9730,2019-10-10,2011,018810,,4,2,9,2700,0,1,3,,1,074,SR-1,"SALINAS ROAD O/C",2112.00,S,N,A,-,Y,,,1,,,,,,,Y,2,0,1,2,A,-,01,23152,A,N,A,C,A,A,H,-,A,D,0,,,,,Y,Y,A,01,1,0,0,0,0,0,0,0,0,"- ","- ",36.863819122314453,-121.77105712890625,MONTEREY,UNINCORPORATED,-121.77107238769531,36.863819122314453
91112102,2019,2019-11-04,9730,2019-11-01,0810,019569,,5,1,9,2700,0,3,5,,2,006,"ESPINOSA RD","CHRISTENSEN RD",3700.00,W,N,A,-,N,,,,,,,,,,Y,2,0,2,3,A,-,05,21460,A,F,A,A,A,A,H,-,A,D,0,,,,,Y,,A,07,1,1,0,0,0,0,0,0,0,"- ","- ",36.738399505615234,-121.67019653320312,MONTEREY,UNINCORPORATED,-121.67021179199219,36.738380432128906
9111608,2020,2020-09-10,2708,2020-05-13,2025,06240,,3,5,6,2708,0,0,0,,0,010,"EAST MARKET ST","NORTH MADEIRA AV",0.00,,Y,A,-,N,,,,,,,,,,Y,2,0,1,2,A,-,09,21801,A,N,A,C,A,A,H,-,C,A,0,,,,,Y,,A,01,1,0,0,0,0,0,0,0,0,"- ","- ",,,MONTEREY,SALINAS,-121.63797760009766,36.677181243896484
91120285,2019,2019-11-14,9730,2019-11-09,0218,020990,,6,3,9,2700,0,1,3,,1,074,"SOUTHBOUND SR-1","DEL MONTE BOULEVARD",5280.00,N,N,E,-,Y,,,1,,,,,,,Y,2,0,1,1,A,-,01,23152,A,N,F,A,A,A,H,-,D,D,0,,,,,Y,Y,A,01,1,0,0,0,0,0,0,0,0,"- ","- ",36.736278533935547,-121.77880096435547,MONTEREY,UNINCORPORATED,-121.77869415283203,36.736190795898438
91122116,2019,2019-11-18,9730,2019-11-15,2031,021358,,5,2,9,2700,0,3,5,,2,006,"NASHUA ROAD","MONTE ROAD",430.00,E,N,A,-,N,,,,,,,,,,Y,2,0,1,1,A,-,01,23152,A,N,F,A,A,A,H,-,D,D,0,,,,,Y,Y,D,22,1,0,0,0,0,0,0,0,0,"- ","- ",36.740318298339844,-121.76524353027344,MONTEREY,UNINCORPORATED,-121.76521301269531,36.740348815917969
91137426,2019,2019-12-06,9730,2019-11-26,2232,020621,,2,3,9,2700,0,1,2,,1,070,"S/B US-101",SR-156,50.00,S,N,B,C,Y,,,101,,,,,,,Y,2,0,1,2,A,-,03,22350,,N,A,C,A,B,H,-,C,D,0,,,,Y,Y,,D,22,1,0,0,0,0,0,0,0,0,"- ","- ",36.789310455322266,-121.66764068603516,MONTEREY,UNINCORPORATED,-121.66770172119141,36.789321899414062
91140406,2019,2019-12-10,9735,2019-11-01,2336,020894,,5,3,9,2700,0,1,2,,1,041,"U.S. 101 SOUTHBOUND","UNDERWOOD RD",1333.00,S,N,A,-,Y,,,,,,,,,,Y,1,1,0,2,A,-,11,21954,A,N,G,B,E,A,H,-,D,D,0,Y,,,,Y,,N,60,0,0,0,1,0,0,0,0,0,"- ","- ",36.296470642089844,-121.20941925048828,MONTEREY,UNINCORPORATED,-121.21000671386719,36.296737670898438
91140512,2019,2019-12-10,9730,2019-11-30,2214,020931,,6,3,9,2700,0,1,3,,1,014,SR-1,"CLEAR RIDGE ROAD",1584.00,N,N,C,-,Y,,,1,,,,,,,Y,2,0,1,1,A,-,01,23152,A,N,E,I,A,B,H,-,D,D,0,,,,,Y,Y,D,22,1,0,0,0,0,0,0,0,0,"- ","- ",36.272579193115234,-121.81523895263672,MONTEREY,UNINCORPORATED,-121.81523895263672,36.2725830078125
91140648,2019,2019-12-11,9730,2019-11-29,1741,021794,,5,2,9,2700,0,3,5,,2,006,"SAN JUAN GRADE ROAD","AGUSTA DRIVE",90.00,S,N,C,-,N,,,,,,,,,,Y,2,0,1,2,A,-,03,22350,,N,C,C,A,B,H,-,C,D,0,,,,,Y,,A,01,1,0,0,0,0,0,0,0,0,"- ","- ",36.744609832763672,-121.62867736816406,MONTEREY,UNINCORPORATED,-121.62865447998047,36.744705200195312
9114243,2020,2020-09-03,2706,2020-06-07,1605,851,MPD,7,5,4,2706,0,0,0,,0,002,"MUNRAS AV","EL DORADO ST",0.00,,Y,A,-,N,,,,,,,,,,N,2,0,1,2,A,-,12,21453,A,N,D,C,-,A,H,-,A,A,0,Y,,,,Y,,N,60,1,0,0,0,1,0,0,0,0,"- ","- ",,,MONTEREY,MONTEREY,-121.89351654052734,36.592819213867188
91143692,2019,2019-12-16,9730,2019-12-07,2135,022151,,6,2,9,2700,0,1,3,,1,022,SR-1,"CARMEL VALLEY RD",0.00,,Y,C,-,Y,,,1,,,,,,,Y,2,0,2,1,A,-,01,23152,A,N,E,I,A,B,H,-,C,A,0,,,,,Y,Y,A,01,1,0,1,0,0,0,0,0,0,"- ","- ",36.543338775634766,-121.90841674804688,MONTEREY,UNINCORPORATED,-121.90836334228516,36.543357849121094
91143949,2019,2019-12-16,9730,2019-12-04,1709,020576,,3,2,9,2700,0,1,2,,1,050,"US-101 SOUTHBOUND","ABBOTT STREET",4224.00,N,N,B,-,Y,,,101,,,,,,S,Y,2,0,3,3,A,-,03,22350,,N,C,C,A,B,H,-,D,D,0,,,,,Y,,D,22,2,1,0,0,0,0,0,0,0,"- ","- ",36.638889312744141,-121.60305786132812,MONTEREY,UNINCORPORATED,-121.60303497314453,36.638923645019531
91146451,2019,2019-12-18,9730,2019-09-30,2500,020931,,1,4,9,2700,0,3,5,,2,006,"RESERVATION ROAD","DAVIS ROAD",657.00,W,N,A,-,N,,,,,,,,,,Y,1,1,0,1,A,-,01,23152,A,N,E,I,A,A,H,-,D,D,0,,,,,Y,Y,D,22,0,0,0,0,0,0,0,0,0,"- ","- ",36.642448425292969,-121.70796203613281,MONTEREY,UNINCORPORATED,-121.70803833007812,36.640583038330078
91150124,2019,2019-12-23,9730,2019-12-13,2305,022061,,5,3,9,2700,0,3,5,,2,005,"HARRISON ROAD","SALA ROAD",0.00,,Y,A,-,N,,,,,,,,,,Y,2,0,3,2,A,-,12,21453,A,F,A,C,A,A,H,-,C,A,0,,,,,Y,Y,D,22,1,0,2,0,0,0,0,0,0,"- ","- ",36.744228363037109,-121.65706634521484,MONTEREY,UNINCORPORATED,-121.65706634521484,36.744438171386719
91168588,2019,2020-01-21,9730,2019-12-03,2058,019529,,2,2,9,2700,0,1,3,,1,072,"STATE ROUTE 156 (EASTBOUND)","SR-1 (NORTHBOUND)",59.00,E,N,C,-,Y,,,156,,,,,,,Y,1,1,0,1,A,-,01,23152,A,N,E,I,A,B,H,-,C,D,0,,,,,Y,Y,D,22,0,0,0,0,0,0,0,0,0,"- ","- ",36.749900817871094,-121.76730346679688,MONTEREY,UNINCORPORATED,-121.76741027832031,36.750007629394531
91176342,2020,2020-01-29,9730,2020-01-17,1935,019529,,5,2,9,2700,0,1,3,,2,062,"STATE ROUTE 1 (N/B) FROM AGUAJITO ROAD","AGUAJITO ROAD",420.00,E,N,A,-,Y,,,1,,,,R,,,Y,2,0,1,2,A,-,11,21954,A,N,G,B,D,A,H,-,C,D,0,Y,,,,Y,,N,60,1,0,0,0,1,0,0,0,0,"- ","- ",36.591999053955078,-121.87930297851562,MONTEREY,UNINCORPORATED,-121.87930297851562,36.591999053955078
91177237,2019,2020-02-03,9735,2019-11-03,1930,022328,,7,2,9,2700,0,1,3,,1,034,SR-198,"PINE VALLEY ROAD",8448.00,E,N,A,-,Y,,,198,,,,,,,Y,1,1,3,2,A,-,01,23152,A,N,A,C,A,A,H,-,D,D,0,,,,,Y,Y,D,22,3,0,0,0,0,0,0,0,0,"- ","- ",36.176231384277344,-120.84883117675781,MONTEREY,UNINCORPORATED,-120.84883880615234,36.176235198974609
91178095,2019,2020-02-03,9730,2019-10-04,1830,020916,,5,2,9,2700,0,3,5,,2,006,"ESPINOSA ROAD",SR-183,2165.00,E,N,A,-,N,,,,,,,,,,Y,1,1,4,2,A,-,05,21460,A,N,A,C,A,A,H,-,B,D,0,,,,,Y,,D,22,4,0,0,0,0,0,0,0,0,"- ","- ",36.742488861083984,-121.73342895507812,MONTEREY,UNINCORPORATED,-121.73343658447266,36.742523193359375
91178097,2019,2020-02-03,9730,2019-10-26,0040,019818,,6,3,9,2700,0,3,5,,2,006,"BORONDA ROAD","BROOKS ROAD",2112.00,W,N,B,-,N,,,,,,,,,,Y,1,1,1,1,A,-,01,23152,A,N,E,I,A,B,H,-,D,D,0,,,,,Y,Y,A,07,1,0,0,0,0,0,0,0,0,"- ","- ",36.70703125,-121.6790771484375,MONTEREY,UNINCORPORATED,-121.67793273925781,36.699947357177734