CASE_ID,ACCIDENT_YEAR,PROC_DATE,JURIS,COLLISION_DATE,COLLISION_TIME,OFFICER_ID,REPORTING_DISTRICT,DAY_OF_WEEK,CHP_SHIFT,POPULATION,CNTY_CITY_LOC,SPECIAL_COND,BEAT_TYPE,CHP_BEAT_TYPE,CITY_DIVISION_LAPD,CHP_BEAT_CLASS,BEAT_NUMBER,PRIMARY_RD,SECONDARY_RD,DISTANCE,DIRECTION,INTERSECTION,WEATHER_1,WEATHER_2,STATE_HWY_IND,CALTRANS_COUNTY,CALTRANS_DISTRICT,STATE_ROUTE,ROUTE_SUFFIX,POSTMILE_PREFIX,POSTMILE,LOCATION_TYPE,RAMP_INTERSECTION,SIDE_OF_HWY,TOW_AWAY,COLLISION_SEVERITY,NUMBER_KILLED,NUMBER_INJURED,PARTY_COUNT,PRIMARY_COLL_FACTOR,PCF_CODE_OF_VIOL,PCF_VIOL_CATEGORY,PCF_VIOLATION,PCF_VIOL_SUBSECTION,HIT_AND_RUN,TYPE_OF_COLLISION,MVIW,PED_ACTION,ROAD_SURFACE,ROAD_COND_1,ROAD_COND_2,LIGHTING,CONTROL_DEVICE,CHP_ROAD_TYPE,PEDESTRIAN_ACCIDENT,BICYCLE_ACCIDENT,MOTORCYCLE_ACCIDENT,TRUCK_ACCIDENT,NOT_PRIVATE_PROPERTY,ALCOHOL_INVOLVED,STWD_VEHTYPE_AT_FAULT,CHP_VEHTYPE_AT_FAULT,COUNT_SEVERE_INJ,COUNT_VISIBLE_INJ,COUNT_COMPLAINT_PAIN,COUNT_PED_KILLED,COUNT_PED_INJURED,COUNT_BICYCLIST_KILLED,COUNT_BICYCLIST_INJURED,COUNT_MC_KILLED,COUNT_MC_INJURED,PRIMARY_RAMP,SECONDARY_RAMP,LATITUDE,LONGITUDE,COUNTY,CITY,POINT_X,POINT_Y
91180665,2020,2020-02-05,9730,2020-01-24,1140,015367,,5,1,9,2700,0,1,3,,1,074,SR-1,"DOLAN ROAD",0.00,,Y,A,-,Y,,,1,,,,,,,Y,2,0,1,2,A,-,09,21802,A,N,D,C,A,A,H,-,A,A,0,,,,,Y,,A,01,1,0,0,0,0,0,0,0,0,"- ","- ",36.804039001464844,-121.78372955322266,MONTEREY,UNINCORPORATED,-121.78379821777344,36.804042816162109
91181112,2020,2020-02-05,9730,2020-01-24,1718,020598,,5,2,9,2700,0,3,5,,2,006,"OLD NATIVIDAD ROAD","NATIVIDAD ROAD",1560.00,E,N,A,-,N,,,,,,,,,,Y,2,0,1,1,A,-,01,23152,A,N,E,I,A,A,H,-,B,D,0,,,,,Y,Y,A,01,1,0,0,0,0,0,0,0,0,"- ","- ",36.730899810791016,-121.60289764404297,MONTEREY,UNINCORPORATED,-121.60347747802734,36.730995178222656
91186319,2020,2020-02-13,9730,2020-02-05,1930,020701,,3,2,9,2700,0,1,2,,1,030,"US-101 SOUTHBOUND",SR-146,20.00,S,N,A,-,Y,,,101,,,,,,S,Y,2,0,1,1,A,-,01,23152,A,N,E,I,A,A,H,-,D,D,0,,,,,Y,Y,A,01,1,0,0,0,0,0,0,0,0,"- ","- ",36.417259216308594,-121.32266235351562,MONTEREY,UNINCORPORATED,-121.32234954833984,36.417442321777344
91187971,2019,2020-04-03,9730,2019-11-24,1645,022118,,7,2,9,2700,0,3,5,,2,006,"ESPINOSA ROAD","PINSKI LANE",1345.00,E,N,A,-,N,,,,,,,,,,Y,1,1,3,1,A,-,08,22107,,N,F,I,A,A,H,-,B,D,0,,,,,Y,,A,07,1,2,0,0,0,0,0,0,0,"- ","- ",36.747478485107422,-121.72458648681641,MONTEREY,UNINCORPORATED,-121.72458648681641,36.747478485107422
91190063,2020,2020-02-20,9730,2020-02-18,1828,019239,,2,2,9,2700,0,3,5,,2,003,"CARMEL VALLEY RD","LAURELES GRADE RD",0.00,,Y,A,-,N,,,,,,,,,,Y,2,0,1,1,A,-,01,23152,A,N,E,I,A,A,H,-,D,D,0,,,,,Y,Y,A,07,1,0,0,0,0,0,0,0,0,"- ","- ",36.500770568847656,-121.75672912597656,MONTEREY,UNINCORPORATED,-121.75656127929688,36.500919342041016
91200244,2020,2020-03-04,9730,2020-02-19,2220,022118,,3,3,9,2700,0,1,3,,1,022,SR-1,"OLIVER ROAD",155.00,N,N,A,-,Y,,,1,,,,,,,Y,2,0,2,1,A,-,01,23152,A,N,E,I,A,A,H,-,D,D,0,,,,,Y,Y,A,01,1,1,0,0,0,0,0,0,0,"- ","- ",36.537448883056641,-121.91143798828125,MONTEREY,UNINCORPORATED,-121.9114990234375,36.5374755859375
91202095,2020,2020-03-05,9730,2020-02-24,1210,015160,,1,1,9,2700,0,2,4,,1,073,"ELKHORN ROAD","HALL ROAD",500.00,N,N,A,-,N,,,,,,,,,,Y,2,0,1,1,A,-,01,23152,A,N,E,I,A,A,H,-,A,D,0,,,,,Y,Y,A,01,1,0,0,0,0,0,0,0,0,"- ","- ",36.869850158691406,-121.74432373046875,MONTEREY,UNINCORPORATED,-121.74427795410156,36.869846343994141
91204073,2020,2020-03-09,9735,2020-03-01,1557,020710,,7,2,3,2705,0,1,2,,2,042,"US-101 NORTHBOUND","CANAL STREET",1584.00,S,N,B,-,Y,,,101,,,,,,N,Y,2,0,1,1,A,-,08,22107,,N,E,I,A,B,D,H,A,D,0,,,,,Y,,A,08,1,0,0,0,0,0,0,0,0,"- ","- ",36.202640533447266,-121.12362670898438,MONTEREY,"KING CITY",-121.12362670898438,36.20263671875
91214189,2020,2020-03-23,9730,2020-01-16,1021,019818,,4,1,9,2700,0,1,3,,1,074,SR-1,"JENSEN RD",1056.00,N,N,C,G,Y,,,1,,,,,,,Y,1,1,1,1,A,-,08,22107,,N,E,I,A,B,H,-,A,D,0,,,,,Y,,A,01,1,0,0,0,0,0,0,0,0,"- ","- ",36.856731414794922,-121.77127838134766,MONTEREY,UNINCORPORATED,-121.77110290527344,36.856727600097656
91215855,2020,2020-03-25,9730,2020-03-13,2055,019770,,5,2,9,2700,0,3,5,,2,003,"ABBOTT STREET","HARRIS ROAD",2904.00,S,N,A,-,N,,,,,,,,,,Y,2,0,3,2,A,-,01,23152,A,N,C,C,A,A,H,-,D,D,0,,,,,Y,Y,A,01,1,0,2,0,0,0,0,0,0,"- ","- ",36.639190673828125,-121.60440063476562,MONTEREY,UNINCORPORATED,-121.60459899902344,36.639362335205078
91218276,2020,2020-03-30,9730,2020-01-29,1245,015160,,3,1,9,2700,0,2,4,,1,075,"SAN JUAN ROAD","SUSAN STREET",1584.00,E,N,A,-,N,,,,,,,,,,Y,1,1,0,2,A,-,08,22107,,N,E,I,A,A,H,-,A,D,0,,,,,Y,,A,01,0,0,0,0,0,0,0,0,0,"- ","- ",36.904338836669922,-121.74282073974609,MONTEREY,UNINCORPORATED,-121.74061584472656,36.904331207275391
91218630,2020,2020-03-30,9730,2020-03-21,2214,021776,,6,3,9,2700,0,3,5,,2,007,"SILL ROAD","KING HALL ROAD",524.00,E,N,B,-,N,,,,,,,,,,N,2,0,1,1,A,-,01,23152,A,N,F,A,A,A,H,-,D,D,0,,,Y,,Y,Y,C,02,1,0,0,0,0,0,0,0,1,"- ","- ",36.866771697998047,-121.72541046142578,MONTEREY,UNINCORPORATED,-121.72547149658203,36.866775512695312
9121957,2020,2020-09-10,2708,2020-06-04,0411,50995,,4,5,6,2708,0,0,0,,0,005,"NORTH MAIN ST","EAST ALVIN DR",0.00,S,N,A,-,N,,,,,,,,,,N,2,0,1,2,A,-,11,21954,A,N,G,B,D,A,H,-,C,A,0,Y,,,,Y,,N,60,1,0,0,0,1,0,0,0,0,"- ","- ",,,MONTEREY,SALINAS,-121.65347290039062,36.707901000976562
91229941,2020,2020-04-27,9735,2020-04-19,2150,020841,,7,2,9,2700,0,1,2,,1,041,"US-101 SOUTHBOUND","CENTRAL AVENUE",2587.00,S,N,A,-,Y,,,101,,,,,,S,Y,2,0,1,2,A,-,01,23152,A,N,D,C,A,A,H,-,D,D,0,,,,,Y,Y,A,07,1,0,0,0,0,0,0,0,0,"- ","- ",36.220218658447266,-121.16842651367188,MONTEREY,UNINCORPORATED,-121.16839599609375,36.220237731933594
91231018,2020,2020-04-29,9730,2020-04-19,1930,022481,,7,2,9,2700,0,1,3,,1,068,"SPRECKLES BOULEVARD","SPRECKLES LANE",185.00,N,N,A,-,N,,,,,,,,,,Y,2,0,2,1,A,-,01,23152,A,N,F,A,A,A,H,-,B,D,0,,,,,Y,Y,A,01,1,0,1,0,0,0,0,0,0,"- ","- ",36.630901336669922,-121.66699981689453,MONTEREY,UNINCORPORATED,-121.66726684570312,36.631137847900391
91234292,2020,2020-05-06,9730,2020-04-24,1415,022151,,5,2,9,2700,0,1,2,,1,050,"US-101 S/B","MARKET ST",1056.00,N,N,A,-,Y,,,,,,,,,,Y,2,0,1,1,A,-,03,22350,,N,E,I,A,A,H,-,A,D,0,,,Y,,Y,,C,02,1,0,0,0,0,0,0,0,1,"- ","- ",36.680839538574219,-121.64248657226562,MONTEREY,UNINCORPORATED,-121.64235687255859,36.680522918701172
91237150,2020,2020-05-13,9730,2020-05-02,1725,019569,,6,2,9,2700,0,1,3,,1,014,SR-1,"ROCKY CREEK BRIDGE",135.00,N,N,A,-,Y,,,1,,,,,,,Y,2,0,3,2,A,-,21,22106,,N,D,C,A,A,H,-,A,D,0,,,Y,,Y,,A,01,2,1,0,0,0,0,0,0,2,"- ","- ",36.380100250244141,-121.90170288085938,MONTEREY,UNINCORPORATED,-121.90167236328125,36.380069732666016
91237754,2020,2020-05-14,9730,2020-05-04,1200,015367,,1,1,9,2700,0,1,3,,1,074,"SR-1 SB","MOLERA ROAD",16.00,N,N,A,-,Y,,,1,,,,,,S,Y,2,0,1,1,A,-,08,22107,,N,F,A,A,A,H,-,A,D,0,,,,,Y,,A,07,1,0,0,0,0,0,0,0,0,"- ","- ",36.745830535888672,-121.77130126953125,MONTEREY,UNINCORPORATED,-121.77149200439453,36.745964050292969
91238500,2020,2020-05-15,9730,2020-05-06,1745,021358,,3,2,9,2700,0,1,2,,1,070,"US-101 N/B","VIERRA CANYON RD",0.00,,Y,A,-,N,,,101,,,,,,N,Y,2,0,1,2,A,-,03,22350,,N,D,C,A,A,H,-,A,D,0,,,Y,,Y,,C,02,1,0,0,0,0,0,0,0,1,"- ","- ",36.791759490966797,-121.66678619384766,MONTEREY,UNINCORPORATED,-121.66703033447266,36.791812896728516
91239433,2020,2020-05-19,9730,2020-05-08,1939,021358,,5,2,9,2700,0,3,5,,2,003,"RIVER ROAD","PARKER ROAD",3000.00,S,N,A,-,N,,,,,,,,,,Y,2,0,5,2,A,-,01,23152,A,N,A,C,A,A,H,-,B,D,0,,,,,Y,Y,A,01,2,3,0,0,0,0,0,0,0,"- ","- ",36.576271057128906,-121.58811187744141,MONTEREY,UNINCORPORATED,-121.59731292724609,36.583049774169922
91240783,2020,2020-05-21,9730,2020-05-12,2200,016666,,2,3,9,2700,0,1,3,,1,012,"SR-1 S/B",LUCIA,60.00,N,N,A,-,Y,,,,,,,,,,Y,2,0,1,1,A,-,03,22350,,N,F,A,A,A,H,-,C,D,0,,,Y,,Y,,C,02,1,0,0,0,0,0,0,0,1,"- ","- ",36.011299133300781,-121.33049774169922,MONTEREY,UNINCORPORATED,,
91243039,2020,2020-05-27,9730,2020-05-18,0600,019315,,1,1,9,2700,0,1,2,,1,030,"US-101 (S/B)","CHUALAR MAIN ST",528.00,S,N,B,-,Y,,,101,,,,,,,Y,2,0,1,3,A,-,03,22350,,N,C,C,A,B,D,-,B,D,0,,,,,Y,,A,07,1,0,0,0,0,0,0,0,0,"- ","- ",36.567768096923828,-121.51641082763672,MONTEREY,UNINCORPORATED,-121.51643371582031,36.567745208740234
91243706,2020,2020-05-28,9730,2020-05-21,1130,015367,,4,1,9,2700,0,1,3,,1,066,"SR-183 (MERRITT STREET)","WOOD STREET",8.00,N,N,A,-,Y,,,183,,,,,,,N,2,0,1,2,A,-,09,21804,A,N,F,A,A,A,H,-,A,D,0,,,Y,,Y,,A,01,1,0,0,0,0,0,0,0,1,"- ","- ",36.760719299316406,-121.75138854980469,MONTEREY,UNINCORPORATED,-121.75135040283203,36.760772705078125
91247634,2020,2020-06-18,9730,2020-06-01,2345,020916,,1,3,9,2700,0,1,2,,1,050,"US-101 NORTHBOUND TO LAUREL DRIVE","LAUREL DRIVE",617.00,S,N,A,-,Y,,,,,,,,,,Y,2,0,2,1,A,-,01,23152,A,N,E,I,A,A,H,-,D,D,0,,,,,Y,Y,A,01,1,1,0,0,0,0,0,0,0,"- ","- ",36.696849822998047,-121.66332244873047,MONTEREY,UNINCORPORATED,-121.66365051269531,36.696212768554688
91256056,2020,2020-06-23,9730,2020-06-12,2055,019818,,5,2,9,2700,0,3,5,,2,002,"ESQUILINE RD","BRIDGE 512 CARMEL VALLEY VILLAGE",4.00,N,N,A,-,N,,,,,,,,,,Y,2,0,2,1,A,-,01,23152,A,N,E,I,A,A,H,-,D,D,0,,,Y,,Y,Y,C,02,1,0,1,0,0,0,0,0,2,"- ","- ",36.471271514892578,-121.72422790527344,MONTEREY,UNINCORPORATED,,
9125687,2020,2020-09-11,2708,2020-06-30,2135,08775,,2,5,6,2708,0,0,0,,0,012,"BARDIN RD","AFTON RD",0.00,,Y,A,-,N,,,,,,,,,,Y,2,0,1,2,A,-,03,22350,,N,D,-,A,A,H,-,C,D,0,,,Y,,Y,,C,02,1,0,0,0,0,0,0,0,1,"- ","- ",,,MONTEREY,SALINAS,-121.60398101806641,36.676170349121094
9125746,2020,2020-09-12,2708,2020-06-08,0717,30424,,1,5,6,2708,0,0,0,,0,001,"EAST BORONDA RD","SAN JUAN GRADE RD",0.00,,Y,A,-,N,,,,,,,,,,Y,2,0,2,2,A,-,12,21453,A,N,D,C,A,A,H,-,A,A,0,,,,,Y,,A,01,1,1,0,0,0,0,0,0,0,"- ","- ",,,MONTEREY,SALINAS,-121.65117645263672,36.719791412353516
91261462,2020,2020-07-01,9730,2020-06-22,1720,019770,,1,2,9,2700,0,3,5,,2,003,"COAST ROAD",SR-1,2006.00,S,N,B,-,N,,,,,,,,,,N,2,0,1,1,A,-,03,22350,,N,F,A,A,A,A,E,A,D,0,,,Y,,Y,,C,02,1,0,0,0,0,0,0,0,1,"- ","- ",36.344940185546875,-121.86595153808594,MONTEREY,UNINCORPORATED,-121.90277862548828,36.372531890869141
91263602,2020,2020-07-06,9730,2020-06-24,1545,019770,,3,2,9,2700,0,1,3,,1,014,SR-1,"CASTRO ARROYO CANYON ROAD",4752.00,S,N,B,-,Y,,,1,,,,,,,Y,2,0,1,1,A,-,03,22350,,N,E,I,A,A,H,-,A,D,0,,,Y,,Y,,C,02,1,0,0,0,0,0,0,0,1,"- ","- ",36.210250854492188,-121.73999786376953,MONTEREY,UNINCORPORATED,-121.74002075195312,36.210186004638672
91264333,2020,2020-07-07,9730,2020-06-02,1530,019818,,2,2,9,2700,0,1,3,,1,014,SR-1,"MM (1 MON 41.00)",1584.00,N,N,A,-,Y,,,1,,,,,,,Y,1,1,0,1,A,-,01,23152,A,N,E,I,A,A,H,-,A,D,0,,,,,Y,Y,A,07,0,0,0,0,0,0,0,0,0,"- ","- ",36.205070495605469,-121.73184204101562,MONTEREY,UNINCORPORATED,-121.73185729980469,36.205112457275391
91264860,2020,2020-11-03,9730,2020-06-26,2135,020933,,5,2,9,2700,0,1,3,,1,022,SR-1,"AURORA DEL MAR",6336.00,S,N,B,-,Y,,,1,,,,,,,Y,2,0,3,2,A,-,05,21460,A,N,A,C,A,A,H,-,D,D,0,,,,,Y,,A,01,3,0,0,0,0,0,0,0,0,"- ","- ",36.465198516845703,-121.92790222167969,MONTEREY,UNINCORPORATED,-121.92791748046875,36.465190887451172
91265463,2020,2020-07-08,9730,2020-06-28,1100,020576,,7,1,9,2700,0,3,5,,2,003,"TASSAJARA ROAD","LAMBERT FLATS ROAD",528.00,S,N,A,-,N,,,,,,,,,,Y,2,0,4,1,A,-,03,22350,,N,E,I,A,A,B,H,A,D,0,,,,,Y,,A,07,3,1,0,0,0,0,0,0,0,"- ","- ",36.363899230957031,-120.58457183837891,MONTEREY,UNINCORPORATED,,
91270870,2020,2020-07-20,9730,2020-07-08,1832,020899,,3,2,9,2700,0,1,2,,1,070,"SOUTHBOUND US-101","SALA ROAD",898.00,N,N,A,-,Y,,,101,,,,,,,Y,2,0,1,2,A,-,07,21658,A,N,B,C,A,A,H,-,A,D,0,,,,,Y,,A,07,1,0,0,0,0,0,0,0,0,"- ","- ",36.746139526367188,-121.66150665283203,MONTEREY,UNINCORPORATED,-121.66149139404297,36.746147155761719
91276293,2020,2020-08-28,9730,2020-07-19,2343,020896,,7,3,9,2700,0,1,3,,1,014,"SR-1 NB","ANDREW MOLERA ST PARK",200.00,S,N,B,-,Y,,,1,,,,,,N,Y,2,0,2,3,A,-,01,23152,A,N,C,C,A,A,D,-,D,A,0,,,,,Y,Y,A,01,1,0,1,0,0,0,0,0,0,"- ","- ",36.288120269775391,-121.84377288818359,MONTEREY,UNINCORPORATED,-121.84371948242188,36.288242340087891
91278560,2020,2020-07-31,9735,2020-07-24,1422,020335,,5,2,9,2700,0,1,3,,1,034,"CATTLEMEN NO SR-198",SR-198,75.00,N,N,A,G,N,,,198,,,,,,,Y,2,0,1,1,A,-,08,22107,,N,E,I,A,A,H,-,A,A,0,,,,,Y,,A,01,1,0,0,0,0,0,0,0,0,"- ","- ",36.126510620117188,-121.01593017578125,MONTEREY,UNINCORPORATED,-121.01581573486328,36.126399993896484
91278642,2020,2020-07-31,9730,2020-07-29,1232,015367,,3,1,9,2700,0,1,3,,1,066,"SR-183 (MERRITT STREET)","RICO STREET",0.00,,Y,A,-,Y,,,183,,,,,,,N,2,0,1,2,A,-,09,21802,A,F,D,C,A,A,H,-,A,A,0,,,Y,,Y,,D,22,1,0,0,0,0,0,0,0,1,"- ","- ",36.764629364013672,-121.75652313232422,MONTEREY,UNINCORPORATED,-121.75653076171875,36.764614105224609
91278948,2020,2020-08-07,9730,2020-05-10,1830,021477,,7,2,9,2700,0,1,3,,1,074,"NB SR-1","MOLERA ROAD",1056.00,N,N,A,-,Y,,,1,,,,,,,Y,1,1,0,2,A,-,01,23152,A,N,C,C,A,A,H,-,A,D,0,,,,,Y,Y,A,01,0,0,0,0,0,0,0,0,0,"- ","- ",36.781909942626953,-121.77947998046875,MONTEREY,UNINCORPORATED,-121.77944946289062,36.781940460205078
91281885,2020,2020-08-06,9730,2020-08-04,1645,019818,,2,2,9,2700,0,3,5,,2,007,"CASTROVILLE BLVD.","PARADISE RD",173.00,N,N,B,-,N,,,,,,,,,,Y,2,0,1,1,A,-,08,22107,,N,E,I,A,A,H,-,A,D,0,,,,,Y,,D,22,1,0,0,0,0,0,0,0,0,"- ","- ",36.799491882324219,-121.69801330566406,MONTEREY,UNINCORPORATED,-121.69805908203125,36.799488067626953
91284783,2020,2020-08-12,9730,2020-06-08,2500,017502,,1,4,9,2700,0,1,3,,1,012,SR-1,"SAN LUIS OBISPO COUNTY LINE",49632.00,N,N,A,-,Y,,,1,,,,,,,Y,1,1,0,1,A,-,08,22107,,N,E,I,A,A,H,-,D,D,0,,,,,Y,Y,A,07,0,0,0,0,0,0,0,0,0,"- ","- ",35.871040344238281,-121.44036102294922,MONTEREY,UNINCORPORATED,-121.44033050537109,35.871150970458984
91290607,2020,2020-08-24,9735,2020-08-12,0730,016696,,3,1,9,2700,0,1,3,,1,034,"SR 198 EB","CATTLEMAN ROAD",0.00,,Y,A,-,Y,,,198,,,,,,E,Y,2,0,1,2,A,-,12,22450,A,N,D,C,A,A,H,-,A,A,0,,,,Y,Y,,D,22,1,0,0,0,0,0,0,0,0,"- ","- ",36.126518249511719,-121.01557922363281,MONTEREY,UNINCORPORATED,-121.01564025878906,36.126579284667969
91295814,2020,2020-08-31,9730,2020-08-19,0005,020621,,3,3,9,2700,0,3,5,,2,007,"DOLAN ROAD","VIA TANQUES ROAD",1584.00,E,N,A,-,N,,,,,,,,,,Y,2,0,2,2,A,-,05,21460,A,N,A,C,A,A,H,-,D,D,0,,,,,Y,,-,"- ",2,0,0,0,0,0,0,0,0,"- ","- ",36.796501159667969,-121.75227355957031,MONTEREY,UNINCORPORATED,,
91295964,2020,2020-08-31,9730,2020-08-19,1920,020701,,3,2,9,2700,0,1,3,,1,066,SR-183,"COOPER ROAD",2400.00,N,N,A,-,Y,,,183,,,,,,,Y,2,0,2,2,A,-,06,21750,,N,A,C,A,A,H,-,B,D,0,,,,,Y,,D,22,1,1,0,0,0,0,0,0,0,"- ","- ",36.719570159912109,-121.72299957275391,MONTEREY,UNINCORPORATED,-121.72300720214844,36.719566345214844
91306199,2020,2020-09-17,9730,2020-09-07,1555,018886,,1,2,9,2700,0,1,3,,1,022,SR-1,"GRANITE CANYON BRIDGE",1750.00,S,N,A,-,Y,,,1,,,,,,,N,2,0,1,1,B,-,22,,,N,F,A,A,A,D,H,A,D,0,,Y,,,Y,,L,04,1,0,0,0,0,0,1,0,0,"- ","- ",36.432510375976562,-121.9176025390625,MONTEREY,UNINCORPORATED,-121.91761779785156,36.432498931884766
91312534,2020,2020-09-28,9730,2020-09-19,0300,020677,,6,3,9,2700,0,3,5,,2,003,"520 RIVER RD","PARKER RD",1584.00,N,N,A,-,N,,,,,,,,,,Y,2,0,1,1,A,-,01,23152,A,N,E,I,A,A,H,-,C,D,0,,,,,Y,Y,A,01,1,0,0,0,0,0,0,0,0,"- ","- ",36.353000640869141,-121.36329650878906,MONTEREY,UNINCORPORATED,-121.60883331298828,36.591480255126953
91319180,2020,2020-10-07,9730,2020-09-26,1820,021794,,6,2,9,2700,0,3,5,,2,007,"ELKHORN ROAD","KIRBY ROAD",1109.00,S,N,A,-,N,,,,,,,,,,Y,2,0,1,1,A,-,08,22107,,N,E,I,A,A,H,-,A,D,0,,,,,Y,,A,07,1,0,0,0,0,0,0,0,0,"- ","- ",36.84136962890625,-121.73941040039062,MONTEREY,UNINCORPORATED,-121.73930358886719,36.841453552246094
91327247,2020,2020-10-20,9730,2020-10-09,1840,021794,,5,2,9,2700,0,2,4,,1,075,"SAN JUAN ROAD","GONDA STREET",285.00,E,N,A,-,N,,,,,,,,,,Y,2,0,1,3,A,-,08,22107,,N,C,E,A,A,H,-,C,D,0,,,,,Y,,A,07,1,0,0,0,0,0,0,0,0,"- ","- ",36.904388427734375,-121.74632263183594,MONTEREY,UNINCORPORATED,-121.74630737304688,36.904445648193359
91329306,2020,2020-10-22,9735,2020-10-11,2240,022328,,7,3,9,2700,0,3,5,,2,001,"EL CAMINO REAL","SUSAN LN",192.00,N,N,A,-,N,,,,,,,,,,Y,2,0,3,3,A,-,01,23152,A,N,G,B,F,A,H,-,C,D,0,Y,,,Y,Y,Y,A,08,1,2,0,0,1,0,0,0,0,"- ","- ",36.312450408935547,-121.23407745361328,MONTEREY,UNINCORPORATED,-121.23400115966797,36.312397003173828
91330340,2020,2020-10-23,9730,2020-10-14,1729,022481,,3,2,9,2700,0,3,5,,2,003,"OLD STAGE ROAD","IVERSON ROAD",3696.00,S,N,A,-,N,,,,,,,,,,Y,2,0,1,1,A,-,08,22107,,N,E,I,A,A,H,-,A,D,0,,,,,Y,,A,01,1,0,0,0,0,0,0,0,0,"- ","- ",36.548469543457031,-121.47164916992188,MONTEREY,UNINCORPORATED,-121.47162628173828,36.548358917236328
91332099,2020,2020-10-27,9730,2020-10-15,1815,020391,,4,2,9,2700,0,3,5,,2,007,"TUSTIN RD","ECHO VALLEY RD",460.00,S,N,A,-,N,,,,,,,,,,N,2,0,1,1,A,-,03,22350,,N,F,A,A,A,H,-,A,D,0,,,Y,,Y,,C,02,1,0,0,0,0,0,0,0,1,"- ","- ",36.827178955078125,-121.64057159423828,MONTEREY,UNINCORPORATED,-121.64065551757812,36.8272705078125
91333672,2020,2020-10-29,9730,2020-09-25,0551,019328,,5,3,9,2700,0,2,4,,1,073,"SAN MIGUEL CANYON RD.","MORO RD.",80.00,S,N,A,-,N,,,,,,,,,,Y,1,1,0,1,A,-,03,22350,,N,E,I,A,A,H,-,B,A,0,,,Y,,Y,,C,02,0,0,0,0,0,0,0,1,0,"- ","- ",36.802619934082031,-121.66654205322266,MONTEREY,UNINCORPORATED,-121.66658020019531,36.802482604980469
91333708,2020,2020-10-29,9730,2020-09-18,2141,021888,,5,2,9,2700,0,3,5,,2,004,"CHUALAR CANYON ROAD","OLD STAGE ROAD",17424.00,E,N,A,-,N,,,,,,,,,,Y,1,1,0,1,A,-,01,23152,A,N,E,I,A,A,H,-,D,D,0,,,,,Y,Y,E,22,0,0,0,0,0,0,0,0,0,"- ","- ",36.595058441162109,-121.43903350830078,MONTEREY,UNINCORPORATED,-121.43952178955078,36.59466552734375
91333712,2020,2020-10-29,9730,2020-07-13,0502,020576,,1,3,9,2700,0,1,2,,1,030,"US-101 NORTHBOUND","MAIN ST (CHUALAR) O/C",5808.00,N,N,B,-,Y,,,101,,,,,,N,Y,1,1,3,4,A,-,03,22350,,N,C,C,A,A,H,-,D,D,0,,,,,Y,,D,22,2,1,0,0,0,0,0,0,0,"- ","- ",36.581428527832031,-121.53070831298828,MONTEREY,UNINCORPORATED,-121.53073120117188,36.581405639648438
91338599,2020,2020-11-03,9730,2020-08-25,1530,015160,,2,2,9,2700,0,2,4,,1,073,"SAN MIGUEL CANYON ROAD","STRAWBERRY CANYON ROAD",1584.00,N,N,B,-,N,,,,,,,,,,Y,1,1,0,1,A,-,08,22107,,N,E,I,A,A,H,-,A,D,0,,,Y,,Y,Y,C,02,0,0,0,0,0,0,0,1,0,"- ","- ",36.834548950195312,-121.68073272705078,MONTEREY,UNINCORPORATED,,
91340118,2020,2020-11-05,9730,2020-09-26,2212,022047,,6,3,9,2700,0,2,4,,1,073,"SAN MIGUEL CANYON ROAD","MARK RYAN ESTATES",528.00,N,N,A,-,N,,,,,,,,,,Y,1,2,5,2,A,-,01,23152,A,N,A,C,A,A,H,-,D,D,0,,,,,Y,Y,D,22,4,1,0,0,0,0,0,0,0,"- ","- ",36.8426513671875,-121.68878936767578,MONTEREY,UNINCORPORATED,,
9134109,2020,2020-08-07,2708,2020-04-13,1550,79945,,1,5,6,2708,0,0,0,,0,007,"ORANGE DR","SOUTH MAIN ST",220.00,W,N,A,-,N,,,,,,,,,,N,2,0,1,5,A,-,08,22107,,N,B,E,A,A,H,-,A,D,0,,,Y,,Y,,C,02,1,0,0,0,0,0,0,0,1,"- ","- ",,,MONTEREY,SALINAS,-121.65915679931641,36.660808563232422
91344103,2020,2020-11-12,9730,2020-11-06,1900,021358,,5,2,9,2700,0,1,2,,1,030,"US-101 N/B","ESPERANZA ROAD",500.00,S,N,B,-,Y,,,101,,,,,,N,Y,2,0,1,2,A,-,01,23152,A,N,C,C,A,A,H,-,D,D,0,,,Y,,Y,Y,C,02,1,0,0,0,0,0,0,0,1,"- ","- ",36.588470458984375,-121.53801727294922,MONTEREY,UNINCORPORATED,-121.53800964355469,36.588481903076172