CASE_ID,ACCIDENT_YEAR,PROC_DATE,JURIS,COLLISION_DATE,COLLISION_TIME,OFFICER_ID,REPORTING_DISTRICT,DAY_OF_WEEK,CHP_SHIFT,POPULATION,CNTY_CITY_LOC,SPECIAL_COND,BEAT_TYPE,CHP_BEAT_TYPE,CITY_DIVISION_LAPD,CHP_BEAT_CLASS,BEAT_NUMBER,PRIMARY_RD,SECONDARY_RD,DISTANCE,DIRECTION,INTERSECTION,WEATHER_1,WEATHER_2,STATE_HWY_IND,CALTRANS_COUNTY,CALTRANS_DISTRICT,STATE_ROUTE,ROUTE_SUFFIX,POSTMILE_PREFIX,POSTMILE,LOCATION_TYPE,RAMP_INTERSECTION,SIDE_OF_HWY,TOW_AWAY,COLLISION_SEVERITY,NUMBER_KILLED,NUMBER_INJURED,PARTY_COUNT,PRIMARY_COLL_FACTOR,PCF_CODE_OF_VIOL,PCF_VIOL_CATEGORY,PCF_VIOLATION,PCF_VIOL_SUBSECTION,HIT_AND_RUN,TYPE_OF_COLLISION,MVIW,PED_ACTION,ROAD_SURFACE,ROAD_COND_1,ROAD_COND_2,LIGHTING,CONTROL_DEVICE,CHP_ROAD_TYPE,PEDESTRIAN_ACCIDENT,BICYCLE_ACCIDENT,MOTORCYCLE_ACCIDENT,TRUCK_ACCIDENT,NOT_PRIVATE_PROPERTY,ALCOHOL_INVOLVED,STWD_VEHTYPE_AT_FAULT,CHP_VEHTYPE_AT_FAULT,COUNT_SEVERE_INJ,COUNT_VISIBLE_INJ,COUNT_COMPLAINT_PAIN,COUNT_PED_KILLED,COUNT_PED_INJURED,COUNT_BICYCLIST_KILLED,COUNT_BICYCLIST_INJURED,COUNT_MC_KILLED,COUNT_MC_INJURED,PRIMARY_RAMP,SECONDARY_RAMP,LATITUDE,LONGITUDE,COUNTY,CITY,POINT_X,POINT_Y
91346677,2020,2020-11-17,9730,2020-09-01,1415,019022,,2,2,9,2700,0,2,4,,1,023,"G-16 (CARMEL VALLEY ROAD)","WILLIAMS RANCH ROAD",85.00,E,N,A,-,N,,,,,,,,,,N,1,1,0,2,A,-,17,21208,B,N,C,G,A,A,H,-,A,D,0,,Y,,,Y,,L,04,0,0,0,0,0,1,0,0,0,"- ","- ",36.5335693359375,-121.84774780273438,MONTEREY,UNINCORPORATED,-121.84778799999999,36.533600999999997
91347570,2020,2020-11-18,9730,2020-11-09,0937,015367,,1,1,9,2700,0,3,5,,2,002,"N CARMEL HILLS DRIVE","STEWART PLACE",163.00,S,N,A,-,N,,,,,,,,,,Y,2,0,1,3,A,-,08,22107,,N,B,J,E,A,H,-,A,D,0,Y,,,,Y,,A,01,1,0,0,0,1,0,0,0,0,"- ","- ",36.557018280029297,-121.91089630126953,MONTEREY,UNINCORPORATED,-121.91090393066406,36.557174682617188
91348533,2020,2020-11-19,9730,2020-11-10,1215,015367,,2,1,9,2700,0,1,3,,1,022,SR-1,"SAN JOSE CREEK BRIDGE",559.00,S,N,A,-,Y,,,1,,,,,,,Y,2,0,4,3,A,-,03,22350,,N,C,C,A,A,H,-,A,D,0,,,,,Y,,A,01,1,2,1,0,0,0,0,0,0,"- ","- ",36.522048950195312,-121.92769622802734,MONTEREY,UNINCORPORATED,-121.92771911621094,36.522079467773438
91354989,2020,2020-11-30,9730,2020-11-20,1905,019818,,5,2,9,2700,0,3,5,,2,006,"DAVIS RD","HITCHCOCK RD",0.00,,Y,A,-,N,,,,,,,,,,Y,2,0,3,2,A,-,12,22450,A,N,D,C,A,A,H,-,D,A,0,,,,,Y,,A,01,1,2,0,0,0,0,0,0,0,"- ","- ",36.658771514892578,-121.69197845458984,MONTEREY,UNINCORPORATED,-121.69200134277344,36.658710479736328
91356392,2020,2020-12-01,9730,2020-11-24,0859,016666,,2,1,9,2700,0,3,5,,2,006,"LAURELES GRADE ROAD","SUNDANCE LANE",0.00,,Y,A,-,N,,,,,,,,,,Y,2,0,3,2,A,-,09,21804,A,N,D,C,A,A,H,-,A,A,0,,,,,Y,,A,01,1,1,1,0,0,0,0,0,0,"- ","- ",36.548599243164062,-121.75279998779297,MONTEREY,UNINCORPORATED,-121.75289154052734,36.548789978027344
91368365,2020,2020-12-16,9730,2020-12-09,1357,019239,,3,1,9,2700,0,2,4,,1,023,"CARMEL VALLEY RD","SAN CLEMENTE DR",700.00,W,N,A,-,N,,,,,,,,,,Y,2,0,2,1,A,-,08,22107,,N,F,A,A,A,H,-,A,D,0,,,,,Y,,A,07,1,0,1,0,0,0,0,0,0,"- ","- ",36.458999633789062,-121.7073974609375,MONTEREY,UNINCORPORATED,-121.70600128173828,36.457172393798828
91372907,2020,2020-12-22,9730,2020-12-13,1558,021794,,7,2,9,2700,0,1,2,,1,070,"US-101 SOUTHBOUND","CRAZY HORSE CANYON RD",220.00,N,N,C,-,Y,,,101,,,,,,S,Y,2,0,2,1,A,-,03,22350,,N,F,A,A,B,H,-,A,D,0,,,,,Y,,A,01,1,0,1,0,0,0,0,0,0,"- ","- ",36.818870544433594,-121.63224792480469,MONTEREY,UNINCORPORATED,-121.63218688964844,36.818748474121094
91378653,2020,2020-12-31,9730,2020-10-14,1642,019818,,3,2,9,2700,0,3,5,,2,003,"HARKINS RD","FIFTH ST",1056.00,N,N,A,-,N,,,,,,,,,,Y,1,1,1,2,A,-,01,23152,F,N,E,J,A,A,H,-,A,D,0,,,,,Y,,A,01,1,0,0,0,0,0,0,0,0,"- ","- ",36.629230499267578,-121.64315795898438,MONTEREY,UNINCORPORATED,-121.64335632324219,36.628917694091797
91378752,2020,2020-12-31,9735,2020-12-25,0110,021988,,5,3,9,2700,0,1,3,,1,035,SR-198,"GRIFFIN RD",413.00,E,N,A,-,Y,,,198,,,,,,,N,2,0,2,1,C,-,18,,,N,E,H,A,A,H,-,D,D,0,,,,,Y,,-,"- ",1,0,1,0,0,0,0,0,0,"- ","- ",36.196189880371094,-120.71234130859375,MONTEREY,UNINCORPORATED,-120.71237182617188,36.196136474609375
91378905,2020,2020-12-31,9730,2020-09-05,2051,021358,,6,2,9,2700,0,3,5,,2,003,"HARKINS ROAD","FIFTH STREET",1056.00,N,N,A,-,N,,,,,,,,,,Y,1,1,0,2,A,-,03,22350,,F,G,B,E,A,H,-,D,D,0,Y,,,,Y,,A,08,0,0,0,1,0,0,0,0,0,"- ","- ",36.630180358886719,-121.64256286621094,MONTEREY,UNINCORPORATED,-121.64335632324219,36.628917694091797
91378922,2020,2020-12-31,9730,2020-10-01,1535,022481,,4,2,9,2700,0,2,4,,1,023,"CARMEL VALLEY ROAD","VIA QUINTANA",203.00,W,N,A,-,N,,,,,,,,,,Y,1,1,0,1,A,-,01,23152,A,N,E,I,A,A,H,-,A,D,0,,,,,Y,Y,A,07,0,0,0,0,0,0,0,0,0,"- ","- ",36.524620056152344,-121.79653167724609,MONTEREY,UNINCORPORATED,-121.796367,36.524853
91378923,2020,2020-12-31,9730,2020-10-05,2306,022129,,1,3,9,2700,0,3,5,,2,006,"ESPINOSA ROAD","CHRISTENSEN ROAD",4752.00,W,N,E,-,N,,,,,,,,,,Y,1,1,0,2,A,-,03,22350,,N,D,C,A,A,H,-,D,D,0,,,,Y,Y,,A,01,0,0,0,0,0,0,0,0,0,"- ","- ",36.739368438720703,-121.67372131347656,MONTEREY,UNINCORPORATED,-121.67359924316406,36.739326477050781
91379016,2020,2020-12-31,9730,2020-11-07,0542,017785,,6,3,9,2700,0,1,2,,1,030,"US-101 NORTHBOUND","ESPERANZA ROAD",0.00,,Y,B,-,Y,,,101,,,,,,N,Y,1,1,1,3,A,-,09,21802,A,F,D,C,A,B,H,-,D,A,0,,,,,Y,Y,A,07,0,0,1,0,0,0,0,0,0,"- ","- ",36.589958190917969,-121.53961944580078,MONTEREY,UNINCORPORATED,-121.53958129882812,36.590003967285156
91380817,2021,2021-01-05,9735,2021-01-02,0740,017681,,6,1,9,2700,0,3,5,,2,002,"JOLON ROAD","BRADLEY LOCKWOOD RD",225.00,N,N,B,-,N,,,,,,,,,,Y,2,0,5,1,A,-,08,22107,,N,E,I,A,A,H,-,A,D,0,,,,,Y,,D,22,4,0,1,0,0,0,0,0,0,"- ","- ",36.936679840087891,-121.06957244873047,MONTEREY,UNINCORPORATED,-121.06496429443359,35.936508178710938
91384013,2020,2021-01-08,9730,2020-12-31,2318,020896,,4,3,9,2700,0,2,4,,1,023,"CARMEL VALLEY RD","ROBINSON CANYON RD U/C",0.00,,Y,A,-,N,,,,,,,,,,Y,2,0,1,1,A,-,08,22107,,N,F,I,A,A,H,-,C,D,0,,,,,Y,,A,01,1,0,0,0,0,0,0,0,0,"- ","- ",36.522541046142578,-121.80679321289062,MONTEREY,UNINCORPORATED,-121.80857086181641,36.5230712890625
91388031,2021,2021-01-22,9735,2021-01-09,0630,021988,,6,1,9,2700,0,1,2,,1,041,"US 101 S/B","UNDERWOOD RD",3696.00,S,N,E,-,Y,,,,,,,,,,Y,2,0,1,2,A,-,09,21804,A,N,D,C,A,B,H,-,D,A,0,,,,,Y,,A,01,1,0,0,0,0,0,0,0,0,"- ","- ",36.293750762939453,-121.20130157470703,MONTEREY,UNINCORPORATED,-121.20260620117188,36.294242858886719
91389921,2021,2021-01-18,9730,2021-01-16,2125,020970,,6,2,9,2700,0,3,5,,2,002,"CACHAGUA ROAD","SKY RANCH ROAD",1320.00,N,N,A,-,N,,,,,,,,,,Y,2,0,1,1,A,-,08,22107,,N,F,A,A,A,H,-,D,D,0,,,,,Y,,D,22,1,0,0,0,0,0,0,0,0,"- ","- ",36.430679321289062,-121.68061065673828,MONTEREY,UNINCORPORATED,-121.68246459960938,36.427593231201172
91403633,2021,2021-02-05,9730,2021-02-01,1840,021776,,1,2,9,2700,0,2,4,,1,073,"SALINAS ROAD","LEWIS ROAD",1056.00,N,N,A,-,N,,,,,,,,,,N,2,0,1,2,A,-,03,22350,,N,C,C,A,A,H,-,C,D,0,,,Y,,Y,,A,01,1,0,0,0,0,0,0,0,1,"- ","- ",36.893951416015625,-121.74768829345703,MONTEREY,UNINCORPORATED,-121.74758911132812,36.893882751464844
91405479,2020,2021-02-09,9730,2020-10-25,0330,020677,,7,3,9,2700,0,1,2,,1,030,"US-101 NORTHBOUND","OLD STAGE ROAD O/C",4752.00,S,N,A,-,Y,,,101,,,,,,N,Y,1,2,2,1,A,-,01,23152,A,N,E,I,A,A,H,-,D,D,0,,,,,Y,Y,A,01,1,0,1,0,0,0,0,0,0,"- ","- ",36.521469116210938,-121.44785308837891,MONTEREY,UNINCORPORATED,-121.44783782958984,36.521507263183594
91409435,2021,2022-08-24,9735,2021-02-11,1445,022537,,4,2,9,2700,0,1,2,,1,040,"US-101 SB TO THORNE RD","THORNE RD",528.00,N,N,B,-,Y,,,101,,,,R,,S,Y,2,0,1,1,A,-,08,22107,,N,E,I,A,A,H,-,A,D,0,,,,,Y,Y,A,07,1,0,0,0,0,0,0,0,0,"- ","- ",36.339351654052734,-121.25626373291016,MONTEREY,UNINCORPORATED,-121.25626373291016,36.339351654052734
91411489,2021,2021-02-19,9735,2021-02-16,1750,022537,,2,2,9,2700,0,1,2,,1,041,"US-101 SOUTHBOUND","CENTRAL EXTENSION",7392.00,N,N,A,-,Y,,,101,,,,,,S,Y,2,0,2,1,A,-,08,22107,,N,F,A,A,A,H,-,B,D,0,,,,,Y,,A,07,1,1,0,0,0,0,0,0,0,"- ","- ",36.220588684082031,-121.16860198974609,MONTEREY,UNINCORPORATED,-121.16856384277344,36.220607757568359
91413611,2021,2021-11-30,9730,2021-02-17,1835,019529,,3,2,9,2700,0,3,5,,2,003,"ABBOTT STREET","FIRESTONE BUSINESS PARK",0.00,,Y,A,-,N,,,,,,,,,,N,2,0,1,2,A,-,09,21804,A,N,B,C,A,A,H,-,C,D,0,,,,Y,Y,,G,25,1,0,0,0,0,0,0,0,0,"- ","- ",36.629978179931641,-121.59174346923828,MONTEREY,UNINCORPORATED,,
9141453,2020,2020-09-18,2708,2020-07-08,2239,34273,SALIN,3,5,6,2708,0,0,0,,0,005,"LINWOOD DR","ELWOOD ST",80.00,N,N,A,-,N,,,,,,,,,,Y,2,0,3,3,A,-,01,23152,A,N,C,E,A,A,H,-,C,D,0,,,,,Y,Y,A,07,1,2,0,0,0,0,0,0,0,"- ","- ",,,MONTEREY,SALINAS,-121.64327239990234,36.699859619140625
91418417,2021,2021-03-01,9735,2021-02-19,1630,022537,,5,2,9,2700,0,3,5,,2,003,"METZ RD",CA-146,13200.00,S,N,A,-,N,,,,,,,,,,Y,2,0,2,2,A,-,01,23152,A,N,A,C,A,A,H,-,A,D,0,,,,,Y,Y,A,01,1,1,0,0,0,0,0,0,0,"- ","- ",36.391998291015625,-121.24880981445312,MONTEREY,UNINCORPORATED,-121.24838256835938,36.390411376953125
91426995,2021,2021-03-15,9730,2021-01-28,0133,021888,,4,3,9,2700,0,1,3,,1,068,"E/B SR-68 JWO HITCHCOCK",HITCHCOCK,985.00,W,N,C,G,Y,,,68,,,,,,,Y,1,1,0,2,A,-,11,21954,A,N,G,B,D,B,H,-,D,D,0,Y,,,,Y,Y,N,60,0,0,0,1,0,0,0,0,0,"- ","- ",36.641990661621094,-121.66510009765625,MONTEREY,UNINCORPORATED,-121.66512298583984,36.641998291015625
91428531,2021,2021-03-16,9730,2021-03-11,0000,022047,,4,3,9,2700,0,2,4,,1,073,"SAN MIGUEL CANYON RD.","HAMBEY LN.",75.00,S,N,B,-,N,,,,,,,,,,Y,2,0,1,1,A,-,08,22107,,N,E,I,A,B,H,-,D,D,0,,,,,Y,,A,01,1,0,0,0,0,0,0,0,0,"- ","- ",36.838020324707031,-121.683837890625,MONTEREY,UNINCORPORATED,-121.68385314941406,36.838134765625
91431359,2021,2021-03-19,9730,2021-03-14,2040,021396,,7,2,9,2700,0,3,5,,2,004,"CACHAGUA ROAD","CARMEL VALLEY ROAD",12672.00,E,N,C,-,N,,,,,,,,,,Y,2,0,3,1,A,-,03,22350,,N,F,A,A,B,H,-,D,D,0,,,,,Y,,A,07,3,0,0,0,0,0,0,0,0,"- ","- ",36.429191589355469,-121.68437957763672,MONTEREY,UNINCORPORATED,-121.68163299560547,36.446239471435547
91438220,2020,2021-03-29,9730,2020-12-29,1830,020391,,2,2,9,2700,0,1,2,,1,070,"US-101 SOUTHBOUND","LAUREL DR",1463.00,N,N,A,-,Y,,,101,,,,,,S,Y,1,1,0,2,A,-,11,21954,A,F,G,B,E,A,H,-,D,D,0,Y,,,Y,Y,Y,N,60,0,0,0,1,0,0,0,0,0,"- ","- ",36.701740264892578,-121.66635894775391,MONTEREY,UNINCORPORATED,-121.66635894775391,36.701740264892578
91444095,2021,2021-04-06,9730,2021-03-29,0024,020990,,1,3,9,2700,0,2,4,,1,075,"SAN JUAN ROAD","MURPHY RD",10.00,E,N,A,-,Y,,,,,,,,,,Y,2,0,1,1,A,-,03,22350,,N,E,I,A,A,H,-,D,D,0,,,,,Y,,A,01,1,0,0,0,0,0,0,0,0,"- ","- ",36.896419525146484,-121.67556762695312,MONTEREY,UNINCORPORATED,,
91453051,2021,2021-04-19,9730,2021-04-12,2225,020990,,1,3,9,2700,0,3,5,,2,005,"OLD STAGE ROAD","OLD NATIVIDAD ROAD",2770.00,S,N,A,-,N,,,,,,,,,,Y,2,0,2,1,A,-,03,22350,,N,F,I,A,A,H,-,D,D,0,,,,,Y,,A,01,1,1,0,0,0,0,0,0,0,"- ","- ",36.72515869140625,-121.59414672851562,MONTEREY,UNINCORPORATED,-121.59422302246094,36.725128173828125
91454920,2021,2021-04-21,9730,2021-04-17,1600,021396,,6,2,9,2700,0,3,5,,2,007,"ECHO VALLEY ROAD","LA ENCINA DR",1289.00,W,N,A,-,N,,,,,,,,,,N,2,0,1,2,A,-,03,22350,,F,C,G,A,A,H,-,A,D,0,,Y,,,Y,,A,01,1,0,0,0,0,0,1,0,0,"- ","- ",36.829139709472656,-121.64726257324219,MONTEREY,UNINCORPORATED,-121.64701843261719,36.829074859619141
91459521,2021,2021-04-27,9735,2021-04-24,0845,017257,,6,1,9,2700,0,1,2,,2,042,"MESA VERDE RD","WILD HORSE RD",5808.00,N,N,A,-,N,,,,,,,,,,Y,2,0,1,2,A,-,01,23152,F,N,B,C,A,A,H,-,A,A,0,,,,Y,Y,,A,01,1,0,0,0,0,0,0,0,0,"- ","- ",36.196090698242188,-121.09461975097656,MONTEREY,UNINCORPORATED,-121.09038543701172,36.193992614746094
91459572,2021,2021-04-27,9730,2021-04-21,0619,017785,,3,1,9,2700,0,1,2,,1,050,"US-101 N/B","GOULD ROAD",6864.00,N,N,B,-,Y,,,101,,,,,,N,Y,2,0,15,3,A,-,03,22350,,N,D,C,A,A,H,-,B,D,0,,,,Y,Y,,A,01,2,1,12,0,0,0,0,0,0,"- ","- ",36.639041900634766,-121.60265350341797,MONTEREY,UNINCORPORATED,-121.60270690917969,36.638957977294922
91460158,2021,2021-04-28,9730,2021-04-23,0719,015367,,5,1,9,2700,0,1,3,,1,074,SR-1,"STRUVE ROAD",715.00,S,N,A,-,Y,,,1,,,,,,,Y,2,0,2,2,A,-,05,21460,A,N,A,C,A,A,H,-,A,D,0,,,,,Y,,A,01,2,0,0,0,0,0,0,0,0,"- ","- ",36.829048156738281,-121.77201843261719,MONTEREY,UNINCORPORATED,-121.77201843261719,36.829048156738281
91465148,2021,2021-05-04,9730,2021-04-27,1149,019239,,2,1,9,2700,0,3,5,,2,006,"RESERVATION RD","EAST GARRISON RD",0.00,,Y,A,-,N,,,,,,,,,,Y,2,0,1,2,A,-,08,22101,D,N,D,C,A,A,H,-,A,A,0,,,,,Y,,A,08,1,0,0,0,0,0,0,0,0,"- ","- ",36.655799865722656,-121.73259735107422,MONTEREY,UNINCORPORATED,-121.73265075683594,36.655891418457031
9147208,2020,2020-09-21,2708,2020-07-27,1123,07904,20-07,1,5,6,2708,0,0,0,,0,009,"ABBOTT ST","MERRILL ST",0.00,,Y,A,-,N,,,,,,,,,,Y,2,0,1,2,A,-,09,21801,A,N,D,C,A,A,H,-,A,D,0,,,Y,,Y,,A,01,1,0,0,0,0,0,0,0,1,"- ","- ",,,MONTEREY,SALINAS,-121.63159942626953,36.655471801757812
9147279,2020,2020-09-19,2708,2020-07-18,1927,18925,,6,5,6,2708,0,0,0,,0,006,"WEST LAUREL DR","NORTH DAVIS RD",0.00,E,N,A,-,N,,,,,,,,,,N,2,0,1,2,A,-,05,21650,1,N,D,G,A,A,H,-,A,A,0,,Y,,,Y,Y,L,04,1,0,0,0,0,0,1,0,0,"- ","- ",,,MONTEREY,SALINAS,-121.6680908203125,36.697910308837891
9147922,2020,2020-10-19,2703,2020-08-23,1251,4766,2703,7,5,2,2703,0,0,0,,0,ALL,"FAIRVIEW DR","FREEDOM WY",315.00,S,N,A,-,N,,,,,,,,,,Y,2,0,1,2,A,-,08,22107,,N,B,E,A,A,H,-,A,D,0,,,Y,,Y,Y,C,02,1,0,0,0,0,0,0,0,1,"- ","- ",,,MONTEREY,GONZALES,-121.43698120117188,36.508106231689453
9147996,2020,2020-09-28,2710,2020-07-04,2357,40386,17,6,5,4,2710,0,0,0,,0,07B,"COE AV","BUTTERRCUP BL",0.00,,Y,A,-,N,,,,,,,,,,Y,2,0,4,1,A,-,01,23152,F,N,F,I,A,A,H,-,C,D,0,,,,,Y,,A,01,3,0,1,0,0,0,0,0,0,"- ","- ",,,MONTEREY,SEASIDE,-121.8267822265625,36.622238159179688
91486810,2021,2021-06-29,9730,2021-05-25,1611,020598,,2,2,9,2700,0,2,4,,1,075,"SAN JUAN ROAD","SAN MIGUEL CANYON ROAD",300.00,E,N,A,-,N,,,,,,,,,,Y,2,0,1,2,A,-,03,22350,,N,C,C,A,A,H,-,A,D,0,,,,,Y,,A,01,1,0,0,0,0,0,0,0,0,"- ","- ",36.899799346923828,-121.69000244140625,MONTEREY,UNINCORPORATED,-121.68963623046875,36.899749755859375
91488994,2020,2021-06-03,9730,2020-05-22,1133,015160,,5,1,9,2700,0,1,2,,1,070,"US-101 NORTHBOUND","SAN MIGUEL CANYON ROAD",100.00,N,N,A,-,Y,,,101,,,,,,N,Y,2,0,1,1,C,-,18,,,N,E,I,A,A,H,-,A,D,0,,,,,Y,,-,"- ",1,0,0,0,0,0,0,0,0,"- ","- ",36.800388336181641,-121.66206359863281,MONTEREY,UNINCORPORATED,-121.66226196289062,36.800739288330078
91489010,2021,2021-06-03,9735,2021-05-27,1805,019330,,4,2,9,2700,0,3,5,,2,003,"METZ RD","ELM AVE",3168.00,S,N,A,-,N,,,,,,,,,,Y,2,0,1,1,A,-,08,22107,,N,F,A,A,A,H,-,A,D,0,,,,,Y,,A,07,1,0,0,0,0,0,0,0,0,"- ","- ",,,MONTEREY,UNINCORPORATED,-121.19169616699219,36.33526611328125
91490655,2021,2021-08-26,9730,2021-05-05,1510,019529,,3,2,9,2700,0,3,5,,2,006,"COOPER ROAD","NASHUA ROAD",0.00,,Y,A,-,N,,,,,,,,,,Y,1,1,0,2,A,-,09,21802,A,N,D,C,A,A,H,-,A,A,0,,,,,Y,,D,22,0,0,0,0,0,0,0,0,0,"- ","- ",36.701671600341797,-121.73525238037109,MONTEREY,UNINCORPORATED,-121.73500061035156,36.700885772705078
91492453,2021,2021-06-08,9730,2021-05-27,2110,017184,,4,2,9,2700,0,1,3,,1,014,SR-1,"VENTANA/N COAST RIDGE RD",2112.00,N,N,A,-,Y,,,1,,,,,,,N,2,0,2,1,A,-,03,22350,,N,F,I,A,A,H,-,D,A,0,,,Y,,Y,,C,02,1,1,0,0,0,0,0,0,2,"- ","- ",36.232181549072266,-121.76654052734375,MONTEREY,UNINCORPORATED,-121.76650238037109,36.232219696044922
91496728,2021,2021-06-14,9730,2021-06-05,2251,021856,,6,3,9,2700,0,3,5,,2,005,"BORONDA RD","CALLE DEL ADOBE",396.00,W,N,A,-,N,,,,,,,,,,Y,2,0,1,2,A,-,01,23152,A,N,C,C,A,A,H,-,D,D,0,,,,,Y,Y,A,01,1,0,0,0,0,0,0,0,0,"- ","- ",36.69921875,-121.67813873291016,MONTEREY,UNINCORPORATED,-121.67817687988281,36.699188232421875
91498759,2021,2021-06-16,9730,2021-06-10,0625,017785,,4,1,9,2700,0,3,5,,2,004,"OLD STAGE ROAD","WILLIAMS ROAD",6336.00,S,N,A,-,N,,,,,,,,,,Y,2,0,1,1,A,-,08,22107,,N,E,I,A,A,H,-,A,D,0,,,,,Y,,A,07,1,0,0,0,0,0,0,0,0,"- ","- ",36.684581756591797,-121.56211853027344,MONTEREY,UNINCORPORATED,-121.56200408935547,36.684505462646484
91505000,2021,2021-06-24,9730,2021-06-17,1230,017785,,4,1,9,2700,0,3,5,,2,004,"OLD STAGE ROAD","ZABALA ROAD",4224.00,N,N,A,-,N,,,,,,,,,,Y,2,0,1,1,C,-,18,,,N,F,A,A,A,H,-,A,D,0,,,,,Y,,-,"- ",1,0,0,0,0,0,0,0,0,"- ","- ",36.677059173583984,-121.55513763427734,MONTEREY,UNINCORPORATED,-121.554931640625,36.676425933837891
91505007,2021,2021-06-24,9730,2021-06-17,1315,017642,,4,1,9,2700,0,1,3,,1,074,SR-1,"JENSEN RD",1584.00,S,N,A,-,Y,,,1,,,,,,,Y,2,0,2,2,A,-,05,21460,A,N,A,C,A,A,H,-,A,D,0,,,,Y,Y,,A,07,2,0,0,0,0,0,0,0,0,"- ","- ",36.848819732666016,-121.77115631103516,MONTEREY,UNINCORPORATED,-121.77114105224609,36.848819732666016
91508617,2021,2021-06-29,9730,2021-06-20,2305,021776,,7,3,9,2700,0,2,4,,1,073,"HALL ROAD","LAS LOMAS DRIVE",196.00,W,N,F,-,N,,,,,,,,,,Y,2,0,2,1,A,-,01,23153,A,N,E,I,A,A,H,-,C,D,0,,,,,Y,Y,A,01,2,0,0,0,0,0,0,0,0,"- ","- ",36.86553955078125,-121.73446655273438,MONTEREY,UNINCORPORATED,-121.73430633544922,36.865455627441406
91509188,2021,2021-06-29,9735,2021-06-01,1355,018995,,2,1,9,2700,0,3,5,,2,002,"LOCKWOOD SAN LUCAS ROAD",US-101,38544.00,W,N,A,-,N,,,,,,,,,,Y,2,0,1,1,A,-,08,22107,,N,E,I,A,A,H,-,A,D,0,,,,,Y,,A,01,1,0,0,0,0,0,0,0,0,"- ","- ",36.025741577148438,-121.06768035888672,MONTEREY,UNINCORPORATED,-121.06333160400391,36.045749664306641
91516845,2021,2021-07-09,9735,2021-07-02,1530,019330,,5,2,3,2704,0,1,2,,1,040,"US-101 TO WALNUT AVENUE","WALNUT AVE.",528.00,N,N,A,-,Y,,,,,,,,,,Y,2,0,3,2,A,-,03,22350,,N,C,C,A,A,H,-,A,D,0,,,,,Y,,A,01,2,0,1,0,0,0,0,0,0,"- ","- ",36.194999694824219,-121.14456176757812,MONTEREY,GREENFIELD,-121.24501037597656,36.330474853515625
91530099,2021,2021-07-27,9730,2021-07-17,2331,020970,,6,3,9,2700,0,3,5,,2,007,"CRAZY HORSE CYN RD","CHAPIN ROAD",610.00,E,N,B,-,N,,,,,,,,,,Y,2,0,2,1,A,-,01,23152,A,N,F,A,A,A,H,-,D,D,0,,,,,Y,Y,A,07,1,1,0,0,0,0,0,0,0,"- ","- ",36.795879364013672,-121.61579895019531,MONTEREY,UNINCORPORATED,,
91540562,2021,2021-08-09,9730,2021-07-31,0750,019818,,6,1,9,2700,0,2,4,,1,073,"HALL RD.","SILL RD",500.00,W,N,E,-,N,,,,,,,,,,Y,2,0,1,1,A,-,08,22107,,N,E,I,A,B,H,-,B,D,0,,,,,Y,,A,01,1,0,0,0,0,0,0,0,0,"- ","- ",36.864170074462891,-121.72438049316406,MONTEREY,UNINCORPORATED,-121.7242431640625,36.864101409912109
91549816,2021,2021-08-20,9735,2021-08-13,0525,017681,,5,3,9,2700,0,3,5,,2,004,"PINE VALLEY ROAD","CATTLEMAN ROAD",3168.00,E,N,A,-,N,,,,,,,,,,Y,2,0,2,2,A,-,05,21650,,N,B,C,A,A,E,-,D,D,0,,,Y,,Y,,A,01,1,0,1,0,0,0,0,0,1,"- ","- ",36.076221466064453,-120.92682647705078,MONTEREY,UNINCORPORATED,-120.92818450927734,36.07574462890625
9154991,2020,2020-10-19,2708,2020-08-07,2048,58583,2708,5,5,6,2708,0,0,0,,0,012,"EUCALYPTUS DR","CONNELY ST",201.00,N,N,A,-,N,,,,,,,,,,N,2,0,1,2,A,-,11,21954,A,N,G,B,D,A,H,-,C,D,0,Y,,,,Y,Y,N,60,1,0,0,0,1,0,0,0,0,"- ","- ",,,MONTEREY,SALINAS,-121.62429046630859,36.674949645996094
9154992,2020,2020-10-13,2708,2020-08-01,0543,35826,SALIN,6,5,6,2708,0,0,0,,0,010,"E ALISAL ST","HOLIDAY AV",24.00,N,N,B,-,N,,,,,,,,,,N,2,0,1,2,A,-,10,21950,A,N,G,B,B,A,H,-,B,D,0,Y,,,,Y,,A,07,1,0,0,0,1,0,0,0,0,"- ","- ",,,MONTEREY,SALINAS,-121.62908172607422,36.673057556152344
91552663,2021,2021-08-24,9730,2021-08-14,2248,020970,,6,3,9,2700,0,1,2,,1,030,"US-101 NB","SOLEDAD PRISON ROAD",3168.00,S,N,A,-,Y,,,101,,,,,,N,Y,2,0,1,1,A,-,08,22107,,N,E,I,A,A,H,-,C,D,0,,,,,Y,,A,01,1,0,0,0,0,0,0,0,0,"- ","- ",36.459251403808594,-121.379150390625,MONTEREY,UNINCORPORATED,-121.37918090820312,36.459205627441406