CASE_ID,ACCIDENT_YEAR,PROC_DATE,JURIS,COLLISION_DATE,COLLISION_TIME,OFFICER_ID,REPORTING_DISTRICT,DAY_OF_WEEK,CHP_SHIFT,POPULATION,CNTY_CITY_LOC,SPECIAL_COND,BEAT_TYPE,CHP_BEAT_TYPE,CITY_DIVISION_LAPD,CHP_BEAT_CLASS,BEAT_NUMBER,PRIMARY_RD,SECONDARY_RD,DISTANCE,DIRECTION,INTERSECTION,WEATHER_1,WEATHER_2,STATE_HWY_IND,CALTRANS_COUNTY,CALTRANS_DISTRICT,STATE_ROUTE,ROUTE_SUFFIX,POSTMILE_PREFIX,POSTMILE,LOCATION_TYPE,RAMP_INTERSECTION,SIDE_OF_HWY,TOW_AWAY,COLLISION_SEVERITY,NUMBER_KILLED,NUMBER_INJURED,PARTY_COUNT,PRIMARY_COLL_FACTOR,PCF_CODE_OF_VIOL,PCF_VIOL_CATEGORY,PCF_VIOLATION,PCF_VIOL_SUBSECTION,HIT_AND_RUN,TYPE_OF_COLLISION,MVIW,PED_ACTION,ROAD_SURFACE,ROAD_COND_1,ROAD_COND_2,LIGHTING,CONTROL_DEVICE,CHP_ROAD_TYPE,PEDESTRIAN_ACCIDENT,BICYCLE_ACCIDENT,MOTORCYCLE_ACCIDENT,TRUCK_ACCIDENT,NOT_PRIVATE_PROPERTY,ALCOHOL_INVOLVED,STWD_VEHTYPE_AT_FAULT,CHP_VEHTYPE_AT_FAULT,COUNT_SEVERE_INJ,COUNT_VISIBLE_INJ,COUNT_COMPLAINT_PAIN,COUNT_PED_KILLED,COUNT_PED_INJURED,COUNT_BICYCLIST_KILLED,COUNT_BICYCLIST_INJURED,COUNT_MC_KILLED,COUNT_MC_INJURED,PRIMARY_RAMP,SECONDARY_RAMP,LATITUDE,LONGITUDE,COUNTY,CITY,POINT_X,POINT_Y
91557981,2021,2021-08-30,9730,2021-08-19,1335,021776,,4,1,9,2700,0,1,2,,1,030,"US-101 SOUTHBOUND","ESPERANZA ROAD",966.00,S,N,A,-,Y,,,101,,,,,,S,Y,2,0,2,2,A,-,03,22350,,N,F,C,A,A,H,-,A,D,0,,,Y,Y,Y,,C,02,1,1,0,0,0,0,0,0,2,"- ","- ",36.587928771972656,-121.53782653808594,MONTEREY,UNINCORPORATED,-121.53781127929688,36.587947845458984
91558404,2021,2021-08-30,9730,2021-08-23,1815,019770,,1,2,9,2700,0,1,3,,1,012,"STATE ROUTE 1","77450 DRIVEWAY",60.00,S,N,A,-,Y,,,1,,,,,,,Y,2,0,1,1,A,-,03,22350,,N,E,I,A,D,H,-,A,A,0,,,Y,,Y,,C,02,1,0,0,0,0,0,0,0,1,"- ","- ",35.803501129150391,-121.35102844238281,MONTEREY,UNINCORPORATED,-121.35105895996094,35.803565979003906
91559486,2021,2021-08-31,9730,2021-08-24,1025,017785,,2,1,9,2700,0,1,2,,1,030,US-101,"SPENCE ROAD",2112.00,S,N,A,-,Y,,,101,,,,,,,Y,2,0,1,1,A,-,08,22107,,N,E,I,A,A,H,-,A,D,0,,,,Y,Y,,F,26,1,0,0,0,0,0,0,0,0,"- ","- ",36.609180450439453,-121.56217193603516,MONTEREY,UNINCORPORATED,-121.56222534179688,36.609107971191406
91560168,2021,2021-09-01,9735,2021-08-23,1155,017681,,1,1,9,2700,0,3,5,,2,004,"VINEYARD CANYON ROAD","INDIAN VALLEY ROAD",31680.00,E,N,A,-,N,,,,,,,,,,Y,2,0,1,1,A,-,08,22107,,N,E,I,A,A,H,-,A,D,0,,,,,Y,,A,07,1,0,0,0,0,0,0,0,0,"- ","- ",35.835868835449219,-120.62931823730469,MONTEREY,UNINCORPORATED,,
91560481,2021,2021-09-01,9730,2021-08-26,0312,021888,,4,3,9,2700,0,1,2,,1,030,US-101,"ESPERANZA ROAD",0.00,,Y,A,-,Y,,,101,,,,,,,Y,2,0,3,2,A,-,01,23152,A,N,D,C,A,A,H,-,D,A,0,,,,,Y,Y,A,01,2,1,0,0,0,0,0,0,0,"- ","- ",36.590091705322266,-121.53977203369141,MONTEREY,UNINCORPORATED,-121.53971862792969,36.590141296386719
9156718,2020,2020-11-07,2706,2020-08-09,1250,395,,7,5,4,2706,0,0,0,,0,001,"DAVID AV","SPENCER ST",0.00,,Y,A,-,N,,,,,,,,,,Y,2,0,2,2,A,-,09,21802,A,N,D,C,A,A,H,-,A,A,0,,,Y,,Y,,A,01,2,0,0,0,0,0,0,0,2,"- ","- ",,,MONTEREY,MONTEREY,-121.90794372558594,36.615169525146484
91569982,2021,2021-09-14,9730,2021-09-05,1540,020916,,7,2,9,2700,0,1,3,,1,068,SR68,"SAN BENANCIO ROAD",600.00,E,N,A,-,Y,,,68,,,,,,,Y,2,0,1,4,A,-,03,22350,,N,B,C,A,A,H,-,A,D,0,,,Y,,Y,,C,02,1,0,0,0,0,0,0,0,1,"- ","- ",36.581001281738281,-121.71713256835938,MONTEREY,UNINCORPORATED,-121.71746063232422,36.58160400390625
91570191,2021,2021-09-14,9730,2021-08-04,0555,018886,,3,3,9,2700,0,3,5,,2,006,"MC FADDEN ROAD","ARMSTRONG ROAD",486.00,S,N,A,-,N,,,,,,,,,,N,1,1,0,2,A,-,08,22107,,F,G,B,E,A,H,-,D,D,0,Y,,,,Y,,-,99,0,0,0,1,0,0,0,0,0,"- ","- ",36.692218780517578,-121.70942687988281,MONTEREY,UNINCORPORATED,-121.70780181884766,36.692001342773438
91571350,2021,2021-09-15,9730,2021-09-09,1640,019239,,4,2,9,2700,0,3,5,,2,006,"DAVIS ROAD TO SR-183",SR-183,60.00,S,N,A,-,N,,,,,,,,,,N,2,0,1,2,A,-,08,22107,,F,A,C,A,A,H,-,A,A,0,,,Y,,Y,Y,-,99,1,0,0,0,0,0,0,0,1,"- ","- ",36.684898376464844,-121.67610168457031,MONTEREY,UNINCORPORATED,-121.67613220214844,36.684928894042969
91576869,2021,2021-09-22,9730,2021-09-13,1605,021477,,1,2,4,2706,0,1,3,,1,072,SR-156,"MONTE DEL LAGO",1584.00,E,N,A,-,Y,,,,,,,,,,Y,2,0,1,2,A,-,03,22350,,N,C,C,A,A,H,-,A,D,0,,,,Y,Y,,F,26,1,0,0,0,0,0,0,0,0,"- ","- ",36.772869110107422,-121.72799682617188,MONTEREY,MONTEREY,-121.84130859375,36.622264862060547
9158163,2020,2020-10-16,2708,2020-06-30,0757,58583,,2,5,6,2708,0,0,0,,0,011,"EAST LAUREL DR","VETERANS WY",627.00,E,N,A,-,N,,,,,,,,,,N,2,0,1,2,A,-,08,22107,,N,C,G,A,A,H,-,A,D,0,,Y,,,Y,,L,04,1,0,0,0,0,0,1,0,0,"- ","- ",,,MONTEREY,SALINAS,-121.62676239013672,36.689918518066406
91581890,2021,2021-09-28,9735,2021-07-10,2353,022328,,6,3,9,2700,0,3,5,,2,002,"JOLON ROAD","SAM JONES ROAD",57.00,N,N,A,-,N,,,,,,,,,,Y,1,1,0,1,A,-,01,23152,F,N,F,A,A,A,H,-,D,A,0,,,,,Y,,A,07,0,0,0,0,0,0,0,0,0,"- ","- ",35.942600250244141,-121.13240051269531,MONTEREY,UNINCORPORATED,-121.13330078125,35.942985534667969
91582385,2021,2021-09-29,9730,2021-04-10,2500,021856,,6,4,9,2700,0,3,5,,2,007,"DOLAN ROAD","STATE ROUTE 1",49.00,W,N,A,-,Y,,,,,,,,,,Y,1,2,0,1,A,-,01,23152,A,N,E,I,A,A,H,-,A,D,0,,,,,Y,Y,A,01,0,0,0,0,0,0,0,0,0,"- ","- ",36.804149627685547,-121.78402709960938,MONTEREY,UNINCORPORATED,-121.7838134765625,36.804088592529297
91587621,2021,2021-10-04,9730,2021-09-26,1605,021776,,7,2,9,2700,0,1,2,,1,050,"NORTHBOUND US-101","SHERWOOD DRIVE",722.00,S,N,A,-,Y,,,,,,,,,,Y,2,0,1,1,A,-,16,24002,A,N,F,A,A,A,H,-,A,D,0,,,Y,,Y,,C,02,1,0,0,0,0,0,0,0,1,"- ","- ",36.683750152587891,-121.64621734619141,MONTEREY,UNINCORPORATED,-121.64657592773438,36.683731079101562
91600039,2021,2021-10-19,9735,2021-10-15,1115,020036,,5,1,9,2700,0,3,5,,2,002,"INTERLAKE ROAD","JOLON ROAD",26400.00,S,N,A,-,N,,,,,,,,,,Y,2,0,5,1,A,-,08,22107,,N,E,I,A,A,H,-,A,D,0,,,,,Y,,A,01,1,2,2,0,0,0,0,0,0,"- ","- ",35.876960754394531,-121.06591033935547,MONTEREY,UNINCORPORATED,-121.06610870361328,35.877567291259766
91605793,2021,2021-10-25,9730,2021-10-17,2118,020677,,7,2,9,2700,0,2,4,,2,063,"BLANCO RD","COOPER RD",40.00,E,N,C,-,N,,,,,,,,,,Y,2,0,1,2,A,-,03,22350,,N,C,C,A,B,H,-,D,D,0,,,,,Y,,A,01,1,0,0,0,0,0,0,0,0,"- ","- ",36.678821563720703,-121.73282623291016,MONTEREY,UNINCORPORATED,-121.73488616943359,36.678699493408203
91608894,2021,2021-10-28,9730,2021-10-21,1637,019818,,4,2,9,2700,0,1,3,,2,062,"SR-1 NB","LIGHTFIGHTER DR.",2112.00,S,N,B,-,Y,,,1,,,,,,N,Y,2,0,1,1,A,-,08,22107,,N,E,I,A,A,H,-,A,D,0,,,,,Y,,D,22,1,0,0,0,0,0,0,0,0,"- ","- ",36.643501281738281,-121.82013702392578,MONTEREY,UNINCORPORATED,-121.8201904296875,36.643577575683594
91611083,2021,2021-10-29,9735,2021-09-22,1536,018995,,3,2,9,2700,0,1,2,,1,040,"US-101 (NORTHBOUND)","ARROYO SECO RD",4224.00,S,N,A,G,Y,,,101,,,,,,,Y,1,1,1,1,A,-,08,22107,,N,E,I,A,A,H,-,A,D,0,,,,,Y,,D,22,0,1,0,0,0,0,0,0,0,"- ","- ",36.393360137939453,-121.30933380126953,MONTEREY,UNINCORPORATED,-121.30938720703125,36.393314361572266
91611139,2021,2021-10-29,9730,2021-10-24,0905,016537,,7,1,9,2700,0,3,5,,2,005,"NORMAN WY","PENZANCE ST",320.00,S,N,B,-,N,,,,,,,,,,N,2,0,1,2,A,-,08,22107,,N,B,E,A,A,H,-,A,D,0,,,Y,,Y,,C,06,1,0,0,0,0,0,0,0,1,"- ","- ",36.730358123779297,-121.63928985595703,MONTEREY,UNINCORPORATED,-121.63927,36.730477
91613741,2021,2021-11-15,9735,2021-03-20,0202,022537,,6,3,9,2700,0,1,2,,1,040,"US-101 SOUTHBOUND","EL CAMINO REAL O/C",3960.00,N,N,B,-,Y,,,101,,,,,,S,Y,1,1,1,2,A,-,03,22350,,N,C,C,A,A,H,-,D,D,0,,,,,Y,Y,A,07,0,0,1,0,0,0,0,0,0,"- ","- ",36.347881317138672,-121.26289367675781,MONTEREY,UNINCORPORATED,-121.26306915283203,36.347702026367188
91613922,2021,2021-11-02,9730,2021-10-22,1434,019981,,5,2,4,2710,0,1,3,,2,062,"SR1 S/B","LIGHTFIGHTER DRIVE",528.00,S,N,A,-,Y,,,1,,,,,,S,N,2,0,2,4,A,-,01,23152,A,N,G,C,F,A,H,-,A,D,0,Y,,,Y,Y,Y,A,01,1,1,0,0,1,0,0,0,0,"- ","- ",36.642158508300781,-121.82511901855469,MONTEREY,SEASIDE,-121.82508087158203,36.642105102539062
91620944,2021,2021-11-09,9730,2021-06-13,0001,021794,,7,3,9,2700,0,1,3,,1,072,"HALL ROAD","ELKHORN ROAD",1042.00,E,N,A,-,N,,,,,,,,,,Y,1,1,4,4,A,-,01,23152,A,N,A,C,A,A,H,-,D,D,0,,,,,Y,Y,D,22,1,2,1,0,0,0,0,0,0,"- ","- ",36.866561889648438,-121.74095916748047,MONTEREY,UNINCORPORATED,-121.74111938476562,36.866626739501953
91624279,2021,2021-11-15,9730,2021-10-27,0850,018350,,3,1,9,2700,0,2,4,,2,063,"BLANCO ROAD","COOPER ROAD",1584.00,E,N,A,-,N,,,,,,,,,,Y,2,0,3,4,A,-,03,22350,,N,C,C,A,A,H,-,A,D,0,,,,,Y,Y,A,07,2,0,1,0,0,0,0,0,0,"- ","- ",36.678718566894531,-121.72915649414062,MONTEREY,UNINCORPORATED,-121.7296142578125,36.678714752197266
91626378,2021,2021-11-16,9730,2021-11-09,0712,019239,,2,1,3,2712,0,3,5,,2,006,"IMJIN PKWY","SECOND AVE",866.00,W,N,C,-,N,,,,,,,,,,N,2,0,1,2,A,-,07,21658,A,F,C,C,A,B,H,-,A,D,0,,,,,Y,,-,99,1,0,0,0,0,0,0,0,0,"- ","- ",36.669040679931641,-121.81144714355469,MONTEREY,MARINA,-121.81137084960938,36.668960571289062
91627413,2021,2021-11-17,9730,2021-11-06,1835,020899,,6,2,9,2700,0,1,3,,1,022,SR-1,"AURORA DEL MAR",3960.00,S,N,A,-,Y,,,1,,,,,,,N,2,0,2,2,A,-,03,22350,,N,D,C,A,A,H,-,B,D,0,,,Y,,Y,Y,C,02,1,0,1,0,0,0,0,0,1,"- ","- ",36.469978332519531,-121.93321228027344,MONTEREY,UNINCORPORATED,-121.93321990966797,36.469966888427734
91633380,2021,2021-11-23,9730,2021-11-14,0812,019239,,7,1,9,2700,0,2,4,,1,075,"SAN JUAN RD","DUNBARTON RD",1584.00,E,N,A,-,N,,,,,,,,,,Y,2,0,1,2,A,-,09,21804,A,N,D,C,A,A,H,-,A,D,0,,,,,Y,,A,07,1,0,0,0,0,0,0,0,0,"- ","- ",36.855400085449219,-121.63339996337891,MONTEREY,UNINCORPORATED,-121.63385009765625,36.855190277099609
91644206,2021,2021-12-06,9730,2021-11-24,0734,016666,,3,1,9,2700,0,1,3,,1,024,"SR-68/HOLMAN HIGHWAY","S.F.B. MORSE DRIVE",0.00,,Y,A,-,Y,,,,,,,,,,Y,2,0,2,2,A,-,12,21453,A,N,D,C,A,A,H,-,A,A,0,,,,,Y,,A,01,1,1,0,0,0,0,0,0,0,"- ","- ",36.355300903320312,-121.55300140380859,MONTEREY,UNINCORPORATED,,
91648011,2021,2021-12-09,9730,2021-12-04,2147,020677,,6,2,9,2700,0,1,2,,1,050,"US-101 S/B","BORONDA RD O/C",400.00,S,N,A,-,Y,,,101,,,,,,S,N,2,0,1,2,A,-,11,21954,A,N,G,B,E,A,H,-,D,D,0,Y,,,,Y,,N,60,1,0,0,0,1,0,0,0,0,"- ","- ",36.72100830078125,-121.66021728515625,MONTEREY,UNINCORPORATED,-121.6602783203125,36.721023559570312
91654940,2021,2021-12-17,9735,2021-12-13,1850,018995,,1,2,9,2700,0,1,2,,2,042,"US-101 (NORTHBOUND)",SR-198,5544.00,N,N,B,C,Y,,,101,,,,,,,Y,2,0,1,1,A,-,08,22107,,N,F,A,A,B,H,-,D,D,0,,,,,Y,,A,01,1,0,0,0,0,0,0,0,0,"- ","- ",36.135490417480469,-121.03251647949219,MONTEREY,UNINCORPORATED,-121.03249359130859,36.135509490966797
91666827,2021,2021-12-30,9730,2021-12-20,1155,018350,,1,1,9,2700,0,3,5,,2,006,"BLACKIE ROAD","PRUNEDALE SOUTH ROAD",0.00,,Y,B,-,N,,,,,,,,,,N,2,0,1,2,A,-,12,21453,A,N,D,C,A,A,H,-,A,A,0,,Y,,,Y,,L,04,1,0,0,0,0,0,1,0,0,"- ","- ",36.774631500244141,-121.67191314697266,MONTEREY,UNINCORPORATED,-121.67185974121094,36.774665832519531
91670156,2021,2022-01-04,9730,2021-09-17,1056,019315,,5,1,9,2700,0,1,3,,2,062,"SR-1 (N/B)","MONTEREY PENINSULA RECREATIONAL TRAIL UNDERCROSSIN",588.00,N,N,A,-,Y,,,1,,,,,,,Y,1,1,2,1,A,-,01,23152,F,N,F,A,A,A,H,-,A,D,0,,,,,Y,Y,A,01,0,2,0,0,0,0,0,0,0,"- ","- ",36.6585693359375,-121.81658935546875,MONTEREY,UNINCORPORATED,-121.81643676757812,36.658557891845703
9167293,2020,2020-11-18,2708,2020-09-18,1838,16258,SALIN,5,5,6,2708,0,0,0,,0,001,"NORTH MAIN ST","E LAMAR ST",22.00,S,N,A,-,N,,,,,,,,,,N,2,0,1,2,A,-,11,21954,A,N,G,B,D,A,H,-,A,D,0,Y,,,,Y,,N,60,1,0,0,0,1,0,0,0,0,"- ","- ",,,MONTEREY,SALINAS,-121.65641021728516,36.723590850830078
9167297,2020,2020-11-18,2708,2020-09-10,1519,35825,SALIN,4,5,6,2708,0,0,0,,0,010,"KINGS ST","ROOSEVELT ST",0.00,,Y,A,-,N,,,,,,,,,,Y,2,0,1,2,A,-,09,21802,A,N,D,C,A,A,H,-,A,D,0,,,,,Y,,A,01,1,0,0,0,0,0,0,0,0,"- ","- ",,,MONTEREY,SALINAS,-121.63929748535156,36.675708770751953
91675088,2021,2022-01-10,9730,2021-08-20,2150,020933,,5,2,9,2700,0,1,3,,1,066,"STATE ROUTE 183 N/B","COOPER ROAD",2640.00,N,N,B,-,Y,,,183,,,,,,N,Y,1,1,0,2,A,-,11,21954,A,N,G,B,E,B,H,-,D,D,0,Y,,,,Y,,N,60,0,0,0,1,0,0,0,0,0,"- ","- ",36.720451354980469,-121.72379302978516,MONTEREY,UNINCORPORATED,-121.72383117675781,36.720413208007812
91675447,2021,2022-01-11,9730,2021-10-21,0645,017642,,4,1,9,2700,0,3,5,,2,005,"SAN JUAN GRADE RD","ROGGE RD",220.00,N,N,B,-,N,,,,,,,,,,N,1,1,0,3,A,-,11,21954,A,N,G,B,D,B,H,-,C,D,0,Y,,,,Y,Y,N,60,0,0,0,1,0,0,0,0,0,"- ","- ",36.735439300537109,-121.63651275634766,MONTEREY,UNINCORPORATED,-121.63669586181641,36.735267639160156
91676412,2022,2022-01-12,9730,2022-01-04,2120,020896,,2,2,9,2700,0,3,5,,2,007,"SALINAS ST","SEYMOUR ST",107.00,E,N,B,-,N,,,,,,,,,,N,2,0,1,1,A,-,01,23152,A,N,F,A,A,B,H,-,C,D,0,,,Y,,Y,Y,C,06,1,0,0,0,0,0,0,0,1,"- ","- ",36.765098571777344,-121.74935913085938,MONTEREY,UNINCORPORATED,-121.74935150146484,36.764980316162109
91676705,2021,2022-01-12,9730,2021-10-21,1310,017785,,4,1,9,2700,0,2,4,,2,063,"BLANCO ROAD","HITCHCOCK ROAD",528.00,E,N,A,-,N,,,,,,,,,,Y,1,1,2,4,A,-,01,23152,A,N,C,C,A,A,H,-,A,D,0,,,,,Y,Y,A,01,1,1,0,0,0,0,0,0,0,"- ","- ",36.6751708984375,-121.69986724853516,MONTEREY,UNINCORPORATED,-121.70020294189453,36.675346374511719
91682680,2022,2022-01-21,9730,2022-01-16,0158,021888,,7,3,9,2700,0,1,2,,1,030,"SOUTHBOUND US-101","GOULD ROAD",175.00,N,N,B,-,Y,MON,,101,,,82.611,H,,R,Y,2,0,4,2,A,-,01,23152,A,N,D,C,A,A,H,-,D,D,0,,,,,Y,Y,A,01,3,1,0,0,0,0,0,0,0,"- ","- ",36.628070831298828,-121.58809661865234,MONTEREY,UNINCORPORATED,-121.58793640136719,36.628238677978516
91696271,2022,2022-02-08,9730,2022-02-08,0721,017642,,2,1,6,2708,0,1,2,,1,050,"US-101 N/B FROM MAIN ST","NORTH MAIN ST",141.00,N,N,B,-,Y,,,,,,,,,,Y,2,0,1,1,A,-,08,22107,,N,F,A,A,A,H,-,A,D,0,,,Y,,Y,,C,02,1,0,0,0,0,0,0,0,1,"- ","- ",36.68804931640625,-121.65281677246094,MONTEREY,SALINAS,-121.65281677246094,36.68804931640625
91696646,2022,2022-02-09,9735,2022-01-23,1812,021988,,7,2,9,2700,0,1,2,,1,040,"US 101 N/B","OAK AVE",1056.00,S,N,A,-,Y,MON,,101,,,53.135,H,,R,Y,2,0,5,2,A,-,01,23152,A,N,A,C,A,A,H,-,C,A,0,,,,,Y,Y,A,07,2,3,0,0,0,0,0,0,0,"- ","- ",36.321041107177734,-121.23603057861328,MONTEREY,UNINCORPORATED,-121.23595428466797,36.321067810058594
91701529,2021,2022-02-15,9730,2021-09-03,1047,020576,,5,1,9,2700,0,2,4,,1,075,"SAN JUAN ROAD","AROMAS ROAD",2000.00,W,N,A,-,N,,,,,,,,,,Y,1,1,0,1,A,-,03,22350,,N,F,A,A,A,H,-,A,D,0,,,Y,,Y,,C,02,0,0,0,0,0,0,0,1,0,"- ","- ",36.887298583984375,-121.66565704345703,MONTEREY,UNINCORPORATED,-121.66555786132812,36.887096405029297
91702518,2022,2022-02-16,9730,2022-02-09,1720,019529,,3,2,9,2700,0,2,4,,1,023,"CARMEL VALLEY ROAD","RANCHO SAN CARLOS ROAD",800.00,W,N,A,-,N,,,,,,,,,,Y,2,0,1,2,A,-,09,21801,A,N,D,C,A,A,H,-,A,D,0,,,,,Y,,A,01,1,0,0,0,0,0,0,0,0,"- ","- ",36.539859771728516,-121.87194061279297,MONTEREY,UNINCORPORATED,-121.87325286865234,36.540084838867188
91704390,2022,2022-02-18,9730,2022-02-09,1209,015367,,3,1,3,2712,0,1,3,,2,062,"SR-1 SB","SR-1 N/B FROM DEL MONTE BLVD",4.00,W,N,A,-,Y,MON,,1,,R,85.186,H,,L,Y,2,0,1,1,A,-,08,22107,,N,F,I,A,A,H,-,A,D,0,,,,Y,Y,,F,27,1,0,0,0,0,0,0,0,0,"- ","- ",36.678539276123047,-121.80770874023438,MONTEREY,MARINA,-121.80774688720703,36.678543090820312
9170688,2020,2020-12-17,2704,2020-10-21,1549,7150,7150,3,5,3,2704,0,0,0,,0,001,"MAPLE AV","EL CAMINO REAL",0.00,,Y,A,-,N,,,,,,,,,,Y,2,0,1,2,D,-,00,,,N,G,G,A,A,H,-,A,D,0,,Y,,,Y,,-,"- ",1,0,0,0,0,0,1,0,0,"- ","- ",,,MONTEREY,GREENFIELD,-121.24212646484375,36.319328308105469
91706938,2022,2022-02-23,9730,2022-02-14,0530,018350,,1,3,9,2700,0,2,4,,1,073,"SAN MIGUEL CANYON ROAD","CASTROVILLE BLVD.",0.00,,Y,B,E,N,,,,,,,,,,Y,2,0,1,2,A,-,09,21802,A,N,D,C,A,B,H,-,D,A,0,,,,,Y,,D,22,1,0,0,0,0,0,0,0,0,"- ","- ",36.808238983154297,-121.67165374755859,MONTEREY,UNINCORPORATED,-121.67190551757812,36.808399200439453
9170697,2020,2020-11-17,2708,2020-09-05,1135,75370,2708,6,5,6,2708,0,0,0,,0,003,"MCKINNON ST","WESTMINSTER DR",0.00,,Y,A,-,N,,,,,,,,,,Y,2,0,3,2,A,-,09,21801,A,N,D,C,A,A,H,-,A,D,0,,,,,Y,,D,22,1,2,0,0,0,0,0,0,0,"- ","- ",,,MONTEREY,SALINAS,-121.64485931396484,36.7098388671875
91709842,2022,2022-02-25,9730,2022-02-20,0439,022129,,7,3,9,2700,0,1,3,,2,062,"SR-1 SOUTHBOUND","IMJIN PARKWAY OVERCROSSING",1426.00,N,N,B,-,Y,MON,,1,,R,84.763,H,,L,Y,2,0,1,1,A,-,08,22107,,N,F,A,A,A,H,-,C,D,0,,,,,Y,,A,07,1,0,0,0,0,0,0,0,0,"- ","- ",36.673091888427734,-121.81095123291016,MONTEREY,UNINCORPORATED,-121.81097412109375,36.673107147216797
91713543,2021,2022-03-02,9730,2021-09-13,0600,017642,,1,1,9,2700,0,3,5,,2,005,"CRAZY HORSE CANYON RD","CHAPIN RD",1584.00,S,N,B,E,N,,,,,,,,,,Y,1,1,4,3,A,-,05,21460,A,N,A,C,A,B,H,-,D,D,0,,,,Y,Y,,A,01,4,0,0,0,0,0,0,0,0,"- ","- ",36.793621063232422,-121.61457824707031,MONTEREY,UNINCORPORATED,,
91721762,2022,2022-03-14,9730,2022-03-06,1513,022047,,7,2,9,2700,0,3,5,,2,007,"STRAWBERRY CANYON ROAD","SAN MIGUEL CANYON ROAD",528.00,W,N,A,-,N,,,,,,,,,,Y,1,1,1,2,A,-,03,22350,,N,F,I,A,A,H,-,A,D,0,,,Y,,Y,,C,02,0,1,0,0,0,0,0,1,0,"- ","- ",36.831878662109375,-121.68135070800781,MONTEREY,UNINCORPORATED,-121.68016815185547,36.830829620361328
91737612,2022,2022-03-30,9730,2022-03-28,1537,019981,,1,2,9,2700,0,1,2,,1,030,"US-101 S/B","SOLEDAD PRISON ROAD",300.00,N,N,C,-,Y,MON,,101,,,67.290,H,,L,Y,2,0,1,1,A,-,03,22350,,N,E,8,A,B,H,-,A,D,0,,,,,Y,,D,22,1,0,0,0,0,0,0,0,0,"- ","- ",36.472648620605469,-121.40059661865234,MONTEREY,UNINCORPORATED,-121.40069580078125,36.472557067871094
91739963,2022,2022-04-04,9730,2022-03-25,1705,019100,,5,2,9,2700,0,3,5,,2,007,"ARCHER ROAD","CASTROVILLE BLVD",528.00,S,N,A,-,N,,,,,,,,,,Y,2,0,1,2,A,-,01,23152,A,N,A,C,A,A,H,-,A,D,0,,,,,Y,Y,A,01,1,0,0,0,0,0,0,0,0,"- ","- ",36.794689178466797,-121.70348358154297,MONTEREY,UNINCORPORATED,-121.70343780517578,36.794761657714844
91740015,2022,2022-04-04,9730,2022-03-27,1553,019100,,7,2,9,2700,0,3,5,,2,007,"MAHER RD","LITTLE HILL LANE",1056.00,N,N,B,-,N,,,,,,,,,,Y,2,0,3,1,A,-,01,23152,A,N,E,I,A,A,H,-,A,D,0,,,,,Y,Y,A,08,2,1,0,0,0,0,0,0,0,"- ","- ",36.854621887207031,-121.68142700195312,MONTEREY,UNINCORPORATED,-121.68279266357422,36.856147766113281
91741976,2022,2022-04-06,9735,2022-03-25,2030,021431,,5,2,9,2700,0,1,2,,2,044,"US-101 NORTHBOUND","PARIS VALLEY ROAD",5280.00,S,N,A,-,Y,MON,,101,,R,19.706,H,,R,Y,2,0,1,2,A,-,07,21658,A,N,B,C,A,A,H,-,D,D,0,,,Y,,Y,,C,02,1,0,0,0,0,0,0,0,1,"- ","- ",35.999839782714844,-120.91259765625,MONTEREY,UNINCORPORATED,-120.91259002685547,35.999843597412109
91747968,2022,2022-04-14,9730,2022-04-02,1657,020899,,6,2,9,2700,0,1,3,,1,022,SR-1,"TROUT FARM ROAD",500.00,S,N,A,-,Y,MON,,1,,,63.101,H,,R,N,2,0,2,2,A,-,05,21460,A,N,D,C,A,A,H,-,A,D,0,,,Y,,Y,,C,02,2,0,0,0,0,0,0,0,2,"- ","- ",36.41864013671875,-121.91335296630859,MONTEREY,UNINCORPORATED,-121.91330718994141,36.418628692626953
91748171,2022,2022-04-14,9730,2022-04-05,1921,020899,,2,2,9,2700,0,2,4,,1,073,"SAN MIGUEL CANYON ROAD","MATTHEW LANE",367.00,N,N,D,-,N,,,,,,,,,,N,2,0,3,2,A,-,09,21804,A,N,A,C,A,A,H,-,B,D,0,,,,,Y,,D,22,2,1,0,0,0,0,0,0,0,"- ","- ",36.815479278564453,-121.67346954345703,MONTEREY,UNINCORPORATED,-121.67343902587891,36.815425872802734
91750580,2022,2022-04-18,9730,2022-04-08,1625,019529,,5,2,9,2700,0,3,5,,2,007,"BLACKIE ROAD","ELKHORN ROAD",1056.00,E,N,A,-,N,,,,,,,,,,N,2,0,1,2,A,-,11,21954,A,N,B,B,D,A,H,-,A,D,0,Y,,,,Y,,N,60,1,0,0,0,1,0,0,0,0,"- ","- ",36.773101806640625,-121.70549774169922,MONTEREY,UNINCORPORATED,,