CASE_ID,ACCIDENT_YEAR,PROC_DATE,JURIS,COLLISION_DATE,COLLISION_TIME,OFFICER_ID,REPORTING_DISTRICT,DAY_OF_WEEK,CHP_SHIFT,POPULATION,CNTY_CITY_LOC,SPECIAL_COND,BEAT_TYPE,CHP_BEAT_TYPE,CITY_DIVISION_LAPD,CHP_BEAT_CLASS,BEAT_NUMBER,PRIMARY_RD,SECONDARY_RD,DISTANCE,DIRECTION,INTERSECTION,WEATHER_1,WEATHER_2,STATE_HWY_IND,CALTRANS_COUNTY,CALTRANS_DISTRICT,STATE_ROUTE,ROUTE_SUFFIX,POSTMILE_PREFIX,POSTMILE,LOCATION_TYPE,RAMP_INTERSECTION,SIDE_OF_HWY,TOW_AWAY,COLLISION_SEVERITY,NUMBER_KILLED,NUMBER_INJURED,PARTY_COUNT,PRIMARY_COLL_FACTOR,PCF_CODE_OF_VIOL,PCF_VIOL_CATEGORY,PCF_VIOLATION,PCF_VIOL_SUBSECTION,HIT_AND_RUN,TYPE_OF_COLLISION,MVIW,PED_ACTION,ROAD_SURFACE,ROAD_COND_1,ROAD_COND_2,LIGHTING,CONTROL_DEVICE,CHP_ROAD_TYPE,PEDESTRIAN_ACCIDENT,BICYCLE_ACCIDENT,MOTORCYCLE_ACCIDENT,TRUCK_ACCIDENT,NOT_PRIVATE_PROPERTY,ALCOHOL_INVOLVED,STWD_VEHTYPE_AT_FAULT,CHP_VEHTYPE_AT_FAULT,COUNT_SEVERE_INJ,COUNT_VISIBLE_INJ,COUNT_COMPLAINT_PAIN,COUNT_PED_KILLED,COUNT_PED_INJURED,COUNT_BICYCLIST_KILLED,COUNT_BICYCLIST_INJURED,COUNT_MC_KILLED,COUNT_MC_INJURED,PRIMARY_RAMP,SECONDARY_RAMP,LATITUDE,LONGITUDE,COUNTY,CITY,POINT_X,POINT_Y
91769992,2022,2022-05-11,9730,2022-05-05,0304,022725,,4,3,9,2700,0,1,2,,1,050,"US-101 NORTHBOUND","SHERWOOD DRIVE",1056.00,S,N,A,-,Y,MON,,101,,,87.789,H,,R,Y,2,0,1,1,A,-,01,23152,A,N,A,I,A,A,H,-,D,D,0,,,,,Y,Y,A,01,1,0,0,0,0,0,0,0,0,"- ","- ",36.6834716796875,-121.64556884765625,MONTEREY,UNINCORPORATED,-121.64559173583984,36.683444976806641
91773238,2022,2022-05-16,9735,2022-04-27,1430,018995,,3,2,9,2700,0,3,5,,2,004,"PEACH TREE ROAD",SR-198,53328.00,S,N,A,-,N,,,,,,,,,,Y,2,0,1,1,A,-,08,22107,,N,F,A,A,A,H,-,A,D,0,,,,,Y,,A,01,1,0,0,0,0,0,0,0,0,"- ","- ",36.556991577148438,-120.41332244873047,MONTEREY,UNINCORPORATED,-120.68992614746094,36.099269866943359
91774086,2022,2022-05-17,9730,2022-05-08,1139,022725,,7,1,9,2700,0,1,2,,1,050,"US-101 NORTHBOUND FROM JOHN STREET","US-101 NORTHBOUND",100.00,E,N,A,-,Y,MON,,101,,,86.662,H,,R,Y,2,0,1,1,A,-,03,22350,,N,E,8,A,A,H,-,A,D,0,,,Y,,Y,,C,02,1,0,0,0,0,0,0,0,1,"- ","- ",36.669589996337891,-121.63678741455078,MONTEREY,UNINCORPORATED,-121.63686370849609,36.669467926025391
91776690,2022,2022-05-20,9730,2022-05-15,0058,022061,,7,3,9,2700,0,1,2,,1,030,"SB US-101","ESPERANZA ROAD",3326.00,S,N,A,-,Y,MON,,101,,,78.209,H,,R,N,2,0,1,1,A,-,01,23152,A,N,E,I,A,A,H,-,D,D,0,,,,,Y,Y,A,01,1,0,0,0,0,0,0,0,0,"- ","- ",36.582859039306641,-121.53247833251953,MONTEREY,UNINCORPORATED,-121.53232574462891,36.582962036132812
91783111,2022,2022-05-27,9730,2022-05-20,0130,022061,,5,3,9,2700,0,2,4,,1,073,"SAN MIGUEL CANYON ROAD","CASTROVILLE BLVD",622.00,N,N,A,-,N,,,,,,,,,,N,2,0,2,2,A,-,01,23152,A,N,A,C,A,A,H,-,D,D,0,,,,,Y,Y,A,01,1,0,1,0,0,0,0,0,0,"- ","- ",36.809890747070312,-121.67315673828125,MONTEREY,UNINCORPORATED,-121.67308807373047,36.809791564941406
91783400,2022,2022-05-27,9730,2022-05-22,1940,019127,,7,2,9,2700,0,3,5,,2,007,"ECHO VALLEY RD","GLENN AVE",250.00,E,N,A,-,N,,,,,,,,,,N,2,0,1,1,A,-,08,22107,,N,E,I,A,A,H,-,A,D,0,,,,,Y,,A,01,1,0,0,0,0,0,0,0,0,"- ","- ",36.825248718261719,-121.66152954101562,MONTEREY,UNINCORPORATED,-121.66153717041016,36.825267791748047
91784143,2022,2022-05-30,9730,2022-05-22,1340,021358,,7,1,9,2700,0,3,5,,2,007,"CASTROVILLE BLVD","LOS NINOS PLACE",1056.00,S,N,A,-,N,,,,,,,,,,Y,2,0,1,1,A,-,01,23152,A,N,F,A,A,A,H,-,A,D,0,,,,,Y,Y,A,01,1,0,0,0,0,0,0,0,0,"- ","- ",36.786128997802734,-121.73166656494141,MONTEREY,UNINCORPORATED,-121.73353576660156,36.784381866455078
91786323,2022,2022-06-01,9730,2022-05-23,2013,017579,,1,2,9,2700,0,1,3,,1,014,SR-1,"BIXBY BRIDGE",4224.00,S,N,A,-,Y,MON,,1,,,58.589,H,,R,Y,2,0,1,1,A,-,03,22350,,N,E,I,A,A,H,-,D,D,0,,,,,Y,,A,01,1,0,0,0,0,0,0,0,0,"- ","- ",36.360050201416016,-121.90058898925781,MONTEREY,UNINCORPORATED,-121.90052032470703,36.360069274902344
91787215,2022,2022-06-02,9730,2022-05-24,1951,022788,,2,2,9,2700,0,3,5,,2,007,"ECHO VALLEY ROAD","ECHO VALLEY COURT",373.00,E,N,A,-,N,,,,,,,,,,Y,2,0,1,1,A,-,01,23152,F,M,E,I,A,A,H,-,A,D,0,,,,,Y,,A,08,1,0,0,0,0,0,0,0,0,"- ","- ",36.824779510498047,-121.63468170166016,MONTEREY,UNINCORPORATED,-121.63446807861328,36.823749542236328
91787223,2022,2022-06-02,9730,2022-05-24,1952,022788,,2,2,9,2700,0,3,5,,2,007,"TUSTIN ROAD","ECHO VALLEY ROAD",950.00,S,N,A,-,N,,,,,,,,,,Y,2,0,1,1,A,-,01,23152,F,N,E,I,A,A,H,-,A,D,0,,,,,Y,,A,08,1,0,0,0,0,0,0,0,0,"- ","- ",36.826099395751953,-121.64064788818359,MONTEREY,UNINCORPORATED,-121.64075469970703,36.826137542724609
91791108,2021,2022-06-08,9730,2021-12-23,2207,021477,,4,3,9,2700,0,1,2,,1,050,"NB US-101","LAUREL DR.",1056.00,N,N,A,-,Y,,,,,,,,,,N,1,1,0,2,A,-,11,21956,A,F,G,B,E,A,H,-,D,D,0,Y,,,,Y,,N,60,0,0,0,1,0,0,0,0,0,"- ","- ",36.697498321533203,-121.66416931152344,MONTEREY,UNINCORPORATED,-121.66562652587891,36.700523376464844
91791120,2022,2022-06-08,9730,2022-04-29,1114,017785,,5,1,9,2700,0,3,5,,2,003,"RIVER ROAD","PARKER ROAD",7392.00,S,N,A,-,N,,,,,,,,,,Y,1,1,1,2,A,-,01,23152,A,N,A,C,A,A,H,-,A,D,0,,,,,Y,,A,01,0,1,0,0,0,0,0,0,0,"- ","- ",36.574748992919922,-121.58468627929688,MONTEREY,UNINCORPORATED,-121.5860595703125,36.575130462646484
91791138,2022,2022-06-08,9730,2022-04-15,1509,019239,,5,2,9,2700,0,3,5,,2,003,"SPRECKELS BOULEVARD","SPRECKELS LANE",69.00,S,N,A,-,N,,,,,,,,,,Y,1,1,0,1,A,-,03,22350,,N,E,I,A,A,H,-,A,D,0,,,,,Y,,A,01,0,0,0,0,0,0,0,0,0,"- ","- ",36.630470275878906,-121.66696929931641,MONTEREY,UNINCORPORATED,-121.66693878173828,36.6304931640625
91792632,2022,2022-06-10,9730,2022-06-05,1329,018302,,7,1,9,2700,0,1,3,,1,024,"SR-68 HOLMAN HIGHWAY","CARMEL HILLS CENTER",269.00,W,N,A,-,Y,MON,,68,,L,4.058,H,,R,N,2,0,1,1,A,-,03,22350,,N,F,A,A,A,H,-,A,D,0,,Y,,,Y,,L,04,1,0,0,0,0,0,1,0,0,"- ","- ",36.576839447021484,-121.9146728515625,MONTEREY,UNINCORPORATED,-121.91463470458984,36.576854705810547
91794341,2022,2022-06-13,9730,2022-06-09,0932,019239,,4,1,3,2712,0,1,3,,2,062,"SR-1 SB","RESERVATION RD U.C.",500.00,N,N,A,-,Y,MON,,1,,R,86.619,H,,L,Y,2,0,3,4,A,-,03,22350,,N,C,C,A,A,D,-,A,A,0,,,,,Y,,A,01,1,1,1,0,0,0,0,0,0,"- ","- ",36.698478698730469,-121.80409240722656,MONTEREY,MARINA,-121.80413818359375,36.698497772216797
91795038,2022,2022-06-14,9730,2022-06-03,1442,019512,,5,2,9,2700,0,1,2,,1,070,"US-101 SOUTHBOUND","DUNBARTON ROAD SOUTH",1056.00,N,N,A,-,Y,MON,,101,,,99.730,H,,L,N,2,0,2,3,A,-,03,22350,,N,C,C,A,A,H,-,A,D,0,,,,,Y,,A,01,1,0,1,0,0,0,0,0,0,"- ","- ",36.836410522460938,-121.63059234619141,MONTEREY,UNINCORPORATED,-121.630615234375,36.836402893066406
91803118,2022,2022-06-24,9730,2022-04-07,2500,020899,,4,4,9,2700,0,1,3,,1,012,SR-1,"GORDA MOUNTAIN ROAD",8870.00,S,N,A,-,Y,MON,,1,,,4.672,H,,R,N,1,1,0,1,A,-,21,22106,,N,E,I,A,A,H,-,A,D,0,,,,,Y,,A,07,0,0,0,0,0,0,0,0,0,"- ","- ",35.826019287109375,-121.38542175292969,MONTEREY,UNINCORPORATED,-121.3853759765625,35.826076507568359
91806303,2022,2022-06-29,9730,2022-06-29,0545,016537,,3,3,9,2700,0,1,2,,1,030,"US-101 N/B FROM MORANDA RD","MORANDA RD",320.00,N,N,B,-,Y,MON,,101,,,62.928,H,,R,N,2,0,1,1,A,-,08,22107,,N,F,A,A,A,H,-,A,D,0,,,,,Y,,A,01,1,0,0,0,0,0,0,0,0,"- ","- ",36.434471130371094,-121.33876800537109,MONTEREY,UNINCORPORATED,-121.33887481689453,36.434391021728516
91811260,2022,2022-07-06,9730,2022-06-24,2120,020896,,5,2,9,2700,0,1,3,,2,062,"SR-1 SB","SLOAT AVE UNDERCROSSING",1267.00,N,N,A,-,Y,MON,,1,,R,77.847,H,,L,Y,2,0,1,1,A,-,01,23152,A,N,E,8,A,A,H,-,C,D,0,,,,,Y,Y,A,01,1,0,0,0,0,0,0,0,0,"- ","- ",36.594200134277344,-121.87319946289062,MONTEREY,UNINCORPORATED,-121.87317657470703,36.594097137451172
91812030,2022,2022-07-07,9730,2022-06-28,0530,020990,,2,3,9,2700,0,2,4,,1,073,"HALL ROAD","ELKHORN ROAD",750.00,E,N,E,-,N,,,,,,,,,,N,2,0,2,2,A,-,01,23153,A,N,A,C,A,A,H,-,B,D,0,,,,,Y,Y,D,22,2,0,0,0,0,0,0,0,0,"- ","- ",36.866970062255859,-121.74188232421875,MONTEREY,UNINCORPORATED,-121.74195861816406,36.867053985595703
91812385,2022,2022-07-07,9735,2022-06-25,1240,016696,,6,1,9,2700,0,3,5,,2,001,"THOMPSON CANYON RD","CENTRAL AVENUE",600.00,S,N,A,-,N,,,,,,,,,,Y,2,0,1,1,A,-,01,23152,,N,E,I,A,B,H,-,A,D,0,,,,,Y,Y,A,07,1,0,0,0,0,0,0,0,0,"- ","- ",36.233280181884766,-121.17536163330078,MONTEREY,UNINCORPORATED,-121.17567443847656,36.232505798339844
91813098,2022,2022-07-11,9735,2022-06-30,1105,016696,,4,1,9,2700,0,3,5,,2,003,"METZ ROAD","ELM AVENUE",15840.00,S,N,A,-,N,,,,,,,,,,Y,2,0,2,2,A,-,05,21460,A,F,A,C,A,A,H,-,A,D,0,,,,,Y,,A,01,2,0,0,0,0,0,0,0,0,"- ","- ",36.313888549804688,-121.17057800292969,MONTEREY,UNINCORPORATED,-121.16691589355469,36.309226989746094
91813171,2022,2022-07-08,9730,2022-07-02,1025,019818,,6,1,9,2700,0,1,3,,2,062,"SR-1 S/B","CASA VERDE WAY",650.00,S,N,B,-,Y,MON,,1,,R,78.345,H,,L,N,2,0,1,1,A,-,07,21658,A,N,F,A,A,A,H,-,A,D,0,,,Y,,Y,,C,02,1,0,0,0,0,0,0,0,1,"- ","- ",36.597579956054688,-121.86586761474609,MONTEREY,UNINCORPORATED,-121.86588287353516,36.597587585449219
91813277,2022,2022-07-08,9730,2022-07-03,1955,020576,,7,2,9,2700,0,3,5,,2,003,"HARRIS ROAD","RAILROAD AVENUE",1015.00,E,N,A,-,N,,,,,,,,,,N,2,0,3,1,A,-,01,23152,A,N,D,I,A,A,H,-,A,D,0,,,,,Y,Y,A,07,1,2,0,0,0,0,0,0,0,"- ","- ",36.620399475097656,-121.64238739013672,MONTEREY,UNINCORPORATED,-121.64231872558594,36.620403289794922
91813322,2022,2022-07-08,9730,2022-07-04,0620,019315,,1,1,9,2700,0,1,2,,1,030,"US-101 (S/B)","POTTER RD",470.00,N,N,A,-,Y,MON,,101,,,80.386,H,,R,Y,2,0,2,2,A,-,03,22350,,N,C,C,A,A,H,-,A,D,0,,,Y,,Y,,C,02,1,1,0,0,0,0,0,0,1,"- ","- ",36.606441497802734,-121.55847930908203,MONTEREY,UNINCORPORATED,-121.55836486816406,36.606544494628906
91815452,2022,2022-07-12,9730,2022-07-04,0615,019818,,1,1,9,2700,0,1,2,,1,030,"US 101 N/B","POTTER RD",1056.00,S,N,A,-,Y,MON,,101,,,80.051,H,,R,Y,2,0,1,3,A,-,03,22350,,N,C,C,A,A,H,-,B,D,0,,,,,Y,,D,22,1,0,0,0,0,0,0,0,0,"- ","- ",36.603240966796875,-121.55387115478516,MONTEREY,UNINCORPORATED,-121.55384063720703,36.603267669677734
91817522,2022,2022-07-14,9730,2022-07-01,1705,020899,,5,2,9,2700,0,3,5,,2,007,"BLACKIE ROAD","DEL MONTE AVENUE",0.00,,Y,A,-,N,,,,,,,,,,Y,2,0,3,2,A,-,12,22450,A,N,D,C,A,A,H,-,A,A,0,,,,Y,Y,,A,01,2,1,0,0,0,0,0,0,0,"- ","- ",36.758071899414062,-121.74430084228516,MONTEREY,UNINCORPORATED,-121.744140625,36.757961273193359
91823750,2022,2022-07-25,9730,2022-07-14,2030,021358,,4,2,9,2700,0,3,5,,2,007,"MORO ROAD","TUSTIN ROAD",3000.00,S,N,A,-,N,,,,,,,,,,Y,2,0,1,1,A,-,01,23152,A,N,E,I,A,A,H,-,D,D,0,,,,,Y,Y,D,22,1,0,0,0,0,0,0,0,0,"- ","- ",36.805828094482422,-121.65144348144531,MONTEREY,UNINCORPORATED,-121.64926147460938,36.808269500732422
91825507,2022,2022-07-26,9730,2022-05-07,1645,019529,,6,2,9,2700,0,1,3,,1,074,"STATE ROUTE 1","POTRERO ROAD",154.00,N,N,A,-,Y,MON,,1,,,95.224,H,,R,Y,1,1,2,3,A,-,05,21460,A,N,A,C,A,A,H,-,A,D,0,,,,,Y,Y,A,01,0,1,1,0,0,0,0,0,0,"- ","- ",36.791500091552734,-121.78372955322266,MONTEREY,UNINCORPORATED,-121.78366088867188,36.79150390625
91829280,2022,2022-08-01,9730,2022-07-28,1759,019512,,4,2,9,2700,0,3,5,,2,007,"CRAZY HORSE CANYON ROAD","WEST OF HIDDEN CANYON ROAD",1584.00,W,N,B,-,N,,,,,,,,,,N,2,0,1,1,A,-,08,22107,,N,E,I,A,A,H,-,A,D,0,,,,,Y,,D,22,1,0,0,0,0,0,0,0,0,"- ","- ",36.7918701171875,-121.61264801025391,MONTEREY,UNINCORPORATED,-121.6104736328125,36.783740997314453
91834789,2022,2022-08-08,9730,2022-07-29,1620,017184,,5,2,9,2700,0,1,3,,1,014,SR-1,"MULE CANYON",0.00,,Y,A,-,Y,MON,,1,,,44.020,H,,R,Y,2,0,1,2,A,-,08,22107,,N,D,C,A,A,H,-,A,A,0,,,,,Y,Y,A,01,1,0,0,0,0,0,0,0,0,"- ","- ",36.224571228027344,-121.75817108154297,MONTEREY,UNINCORPORATED,-121.75815582275391,36.224578857421875
91840363,2022,2022-08-15,9730,2022-08-05,2005,019818,,5,2,9,2700,0,3,5,,2,007,"CASTROVILLE BLVD","ARCHER RD",1584.00,W,N,B,-,N,,,,,,,,,,Y,2,0,1,2,A,-,05,21460,A,N,D,C,A,A,H,-,D,D,0,,,,,Y,,A,01,1,0,0,0,0,0,0,0,0,"- ","- ",36.794448852539062,-121.70973205566406,MONTEREY,UNINCORPORATED,-121.70841979980469,36.794696807861328
91840696,2022,2023-05-16,9735,2022-06-13,0620,020036,,1,1,9,2700,0,2,4,,1,021,"JOLON RD","MISSION RD",7392.00,N,N,A,-,N,,,,,,,,,,Y,1,4,1,2,A,-,05,21650,,N,A,C,A,A,H,-,B,D,0,,,,,Y,,A,01,1,0,0,0,0,0,0,0,0,"- ","- ",35.988410949707031,-121.17899322509766,MONTEREY,UNINCORPORATED,-121.17906951904297,35.988910675048828
91842505,2022,2022-08-17,9730,2022-07-21,2220,021794,,4,3,9,2700,0,3,5,,2,007,"CASTROVILLE BOULEVARD","LOS NINOS",36.00,S,N,A,-,N,,,,,,,,,,N,2,0,1,2,A,-,11,21954,A,F,G,B,D,A,H,-,D,D,0,Y,,,,Y,Y,N,60,1,0,0,0,1,0,0,0,0,"- ","- ",36.786399841308594,-121.73120880126953,MONTEREY,UNINCORPORATED,-121.731201171875,36.786453247070312
91845940,2022,2022-08-22,9735,2022-07-06,2500,021431,,3,4,9,2700,0,3,5,,2,004,"PEACH TREE ROAD",SR-198,17424.00,S,N,B,-,N,,,,,,,,,,Y,1,1,0,1,A,-,01,23152,A,N,E,I,A,A,H,-,D,D,0,,,,,Y,Y,A,01,0,0,0,0,0,0,0,0,0,"- ","- ",36.163158416748047,-120.77597808837891,MONTEREY,UNINCORPORATED,-120.77617645263672,36.163566589355469
91846649,2022,2022-08-23,9730,2022-08-11,1447,019239,,4,2,9,2700,0,2,4,,1,073,"SAN MIGUEL CANYON RD","APRICOT LANE",0.00,,Y,A,-,N,,,,,,,,,,Y,2,0,3,3,A,-,03,22350,,N,C,C,A,A,H,-,A,D,0,,,,,Y,,A,08,1,2,0,0,0,0,0,0,0,"- ","- ",36.854038238525391,-121.69181823730469,MONTEREY,UNINCORPORATED,-121.69190979003906,36.854072570800781
91846971,2022,2022-08-23,9730,2022-07-01,0515,016537,,5,3,9,2700,0,3,5,,2,004,"ALISAL RD","HARTNELL RD",2904.00,N,N,B,-,N,,,,,,,,,,Y,1,1,0,2,A,-,09,21804,A,N,D,C,A,A,H,-,B,D,0,,,,Y,Y,,F,25,0,0,0,0,0,0,0,0,0,"- ","- ",36.651981353759766,-121.58267211914062,MONTEREY,UNINCORPORATED,-121.58254241943359,36.651866912841797
9184793,2020,2021-02-04,2712,2020-11-04,1040,1073,,3,5,3,2712,0,0,0,,0,001,"BEACH RD","CARDOZA AV",72.00,E,N,A,-,N,,,,,,,,,,Y,2,0,1,1,C,-,18,,,N,E,I,A,A,H,-,A,A,0,,,,,Y,,-,"- ",1,0,0,0,0,0,0,0,0,"- ","- ",,,MONTEREY,MARINA,-121.80268859863281,36.695774078369141
91848083,2022,2022-08-24,9730,2022-08-13,1810,019529,,6,2,9,2700,0,1,3,,1,068,"STATE ROUTE 68","FOSTER ROAD",936.00,E,N,A,-,Y,MON,,68,,,18.797,H,,R,Y,1,1,2,3,A,-,01,23152,A,N,A,C,A,A,H,-,A,D,0,,,,,Y,Y,A,01,1,0,1,0,0,0,0,0,0,"- ","- ",36.639289855957031,-121.66623687744141,MONTEREY,UNINCORPORATED,-121.66621398925781,36.6392822265625
91850957,2022,2022-08-26,9735,2022-08-23,0934,022883,,2,1,9,2700,0,3,5,,2,002,"JOLON RD","FRUDDEN ROAD",4752.00,N,N,A,-,N,,,,,,,,,,Y,2,0,1,1,A,-,01,23152,G,N,E,I,A,A,H,-,A,D,0,,,,,Y,Y,D,22,1,0,0,0,0,0,0,0,0,"- ","- ",35.904430389404297,-120.98026275634766,MONTEREY,UNINCORPORATED,-120.96379852294922,35.914508819580078
91859278,2022,2022-09-07,9735,2022-05-18,1357,020894,,3,1,9,2700,0,3,5,,2,003,"CATTLEMEN ROAD","WILD HORSE ROAD",3696.00,S,N,A,-,N,,,,,,,,,,Y,1,1,0,1,A,-,01,23152,A,N,F,A,A,A,H,-,A,D,0,,,,,Y,Y,A,07,0,0,0,0,0,0,0,0,0,"- ","- ",36.181888580322266,-121.06157684326172,MONTEREY,UNINCORPORATED,-121.06210327148438,36.182373046875
91865437,2022,2022-09-15,9730,2022-08-30,1804,017579,,2,2,9,2700,0,3,5,,2,006,"SPRECKELS BOULEVARD","SPRECKELS LANE",17.00,S,N,A,-,N,,,,,,,,,,Y,2,0,1,1,A,-,08,22107,,N,E,I,A,A,H,-,A,D,0,,,,,Y,,A,07,1,0,0,0,0,0,0,0,0,"- ","- ",36.630661010742188,-121.66709899902344,MONTEREY,UNINCORPORATED,-121.66702270507812,36.630619049072266
91866754,2022,2022-09-16,9730,2022-09-11,2125,022725,,7,2,9,2700,0,1,2,,1,070,"SOUTHBOUND US-101","DUNBARTON ROAD",1056.00,N,N,A,-,Y,MON,,101,,,100.631,H,,R,N,2,0,1,2,A,-,11,21954,A,N,G,B,E,A,H,-,D,D,0,Y,,,,Y,,N,60,1,0,0,0,1,0,0,0,0,"- ","- ",36.848659515380859,-121.63610076904297,MONTEREY,UNINCORPORATED,-121.635986328125,36.848670959472656
9186921,2020,2021-01-13,2704,2020-10-24,1135,6598,,6,5,3,2704,0,0,0,,0,001,"ELM AV","9TH ST",1.00,W,N,A,-,N,,,,,,,,,,Y,2,0,2,2,-,-,"- ",,,F,A,C,A,A,H,-,A,D,0,,,,,Y,,D,22,2,0,0,0,0,0,0,0,0,"- ","- ",,,MONTEREY,GREENFIELD,-121.24188995361328,36.317249298095703
91873794,2022,2022-09-26,9730,2022-04-10,1656,020576,,7,2,9,2700,0,3,5,,2,006,"RESERVATION ROAD","DAVIS ROAD",1056.00,W,N,A,-,N,,,,,,,,,,Y,1,1,1,1,A,-,03,22350,,N,E,I,A,A,H,-,A,D,0,,,,,Y,,A,01,1,0,0,0,0,0,0,0,0,"- ","- ",36.642200469970703,-121.71012878417969,MONTEREY,UNINCORPORATED,-121.70994567871094,36.642299652099609
91873806,2022,2022-09-26,9730,2022-05-01,1727,020576,,7,2,9,2700,0,1,2,,1,030,"US-101 S/B","FRONT STREET UNDERCROSSING",300.00,S,N,A,-,Y,MON,,101,,,62.644,H,,L,Y,1,1,0,1,A,-,03,22350,,N,F,A,A,A,H,-,A,D,0,,,Y,,Y,,C,02,0,0,0,0,0,0,0,1,0,"- ","- ",36.430820465087891,-121.33719635009766,MONTEREY,UNINCORPORATED,-121.33713531494141,36.430839538574219
91874356,2022,2022-09-27,9730,2022-08-23,0625,013744,,2,1,9,2700,0,3,5,,2,007,"MONTE ROAD","NASHUA ROAD",5280.00,S,N,B,-,N,,,,,,,,,,N,1,1,1,1,A,-,08,22107,,N,E,I,A,B,H,-,B,D,0,,,,,Y,,A,07,0,1,0,0,0,0,0,0,0,"- ","- ",36.733791351318359,-121.77986145019531,MONTEREY,UNINCORPORATED,-121.78099060058594,36.732856750488281
91888305,2022,2022-10-12,9730,2022-10-05,0850,019315,,3,1,9,2700,0,1,3,,1,014,SR-1,"ROCKY CREEK BRIDGE",120.00,S,N,A,-,N,,,,,,,,,,N,2,0,2,2,A,-,05,21460,A,N,A,C,A,A,H,-,A,D,0,,,,,Y,,A,01,1,0,1,0,0,0,0,0,0,"- ","- ",36.376708984375,-121.90415191650391,MONTEREY,UNINCORPORATED,-121.90409088134766,36.376682281494141
91889928,2022,2022-10-13,9730,2022-10-02,0009,022129,,7,3,9,2700,0,1,3,,2,062,"SR-1 NORTHBOUND","DEL MONTE BOULEVARD OVERCROSSING",1320.00,N,N,A,-,Y,MON,,1,,R,88.891,H,,R,Y,2,0,2,2,A,-,01,23152,A,N,C,C,A,A,H,-,D,D,0,,,,,Y,Y,D,22,1,1,0,0,0,0,0,0,0,"- ","- ",36.728080749511719,-121.78677368164062,MONTEREY,UNINCORPORATED,-121.78675079345703,36.728069305419922
91893230,2022,2022-10-18,9730,2022-10-07,1430,019512,,5,2,9,2700,0,1,2,,1,050,"US-101 SOUTHBOUND","MAIN STREET OVERCROSSING",90.00,S,N,A,-,Y,MON,,101,,R,88.222,H,,L,N,2,0,1,2,A,-,00,21960,,N,G,B,D,A,H,-,A,D,0,Y,,,,Y,Y,N,60,1,0,0,0,1,0,0,0,0,"- ","- ",36.686668395996094,-121.65225219726562,MONTEREY,UNINCORPORATED,-121.6522216796875,36.686710357666016
91893939,2022,2022-10-19,9735,2022-09-06,2121,022328,,2,2,9,2700,0,3,5,,2,001,"CYPRESS AVENUE","THIRTEENTH STREET",2640.00,W,N,A,-,N,,,,,,,,,,Y,1,2,0,1,A,-,03,22350,,N,E,I,A,A,H,-,D,D,0,,,,,Y,,A,07,0,0,0,0,0,0,0,0,0,"- ","- ",36.323280334472656,-121.27828216552734,MONTEREY,UNINCORPORATED,-121.27821350097656,36.323421478271484
91895281,2022,2022-10-20,9735,2022-10-16,0515,022724,,7,3,9,2700,0,1,2,,1,041,"US 101 NORTHBOUND","CENTRAL AVENUE EXTENSION",6336.00,N,N,A,-,Y,MON,,101,,,44.596,H,,R,Y,2,0,6,1,A,-,01,23152,A,M,F,A,A,A,D,-,D,A,0,,,,,Y,Y,A,01,2,3,1,0,0,0,0,0,0,"- ","- ",36.218280792236328,-121.16732788085938,MONTEREY,UNINCORPORATED,-121.16725158691406,36.218303680419922
91895548,2022,2022-10-20,9730,2022-09-19,1913,019328,,1,2,9,2700,0,1,3,,1,012,SR-1,GORDA,4752.00,S,N,A,-,Y,MON,,1,,,9.196,H,,R,Y,1,1,0,2,A,-,05,21460,A,N,A,C,A,A,H,-,D,D,0,,,Y,,Y,,C,02,0,0,0,0,0,0,0,1,0,"- ","- ",35.866779327392578,-121.43570709228516,MONTEREY,UNINCORPORATED,-121.43569183349609,35.866786956787109
91897709,2022,2022-10-24,9730,2022-10-14,1510,022092,,5,2,9,2700,0,1,3,,1,066,SR-183,"DEL MONTE AVENUE",0.00,,Y,B,-,Y,MON,,183,,R,8.349,H,,R,Y,2,0,1,2,A,-,03,22350,,N,C,C,A,A,H,-,A,A,0,,,Y,,Y,,C,02,1,0,0,0,0,0,0,0,1,"- ","- ",36.755001068115234,-121.74379730224609,MONTEREY,UNINCORPORATED,-121.74379730224609,36.755001068115234