CASE_ID,ACCIDENT_YEAR,PROC_DATE,JURIS,COLLISION_DATE,COLLISION_TIME,OFFICER_ID,REPORTING_DISTRICT,DAY_OF_WEEK,CHP_SHIFT,POPULATION,CNTY_CITY_LOC,SPECIAL_COND,BEAT_TYPE,CHP_BEAT_TYPE,CITY_DIVISION_LAPD,CHP_BEAT_CLASS,BEAT_NUMBER,PRIMARY_RD,SECONDARY_RD,DISTANCE,DIRECTION,INTERSECTION,WEATHER_1,WEATHER_2,STATE_HWY_IND,CALTRANS_COUNTY,CALTRANS_DISTRICT,STATE_ROUTE,ROUTE_SUFFIX,POSTMILE_PREFIX,POSTMILE,LOCATION_TYPE,RAMP_INTERSECTION,SIDE_OF_HWY,TOW_AWAY,COLLISION_SEVERITY,NUMBER_KILLED,NUMBER_INJURED,PARTY_COUNT,PRIMARY_COLL_FACTOR,PCF_CODE_OF_VIOL,PCF_VIOL_CATEGORY,PCF_VIOLATION,PCF_VIOL_SUBSECTION,HIT_AND_RUN,TYPE_OF_COLLISION,MVIW,PED_ACTION,ROAD_SURFACE,ROAD_COND_1,ROAD_COND_2,LIGHTING,CONTROL_DEVICE,CHP_ROAD_TYPE,PEDESTRIAN_ACCIDENT,BICYCLE_ACCIDENT,MOTORCYCLE_ACCIDENT,TRUCK_ACCIDENT,NOT_PRIVATE_PROPERTY,ALCOHOL_INVOLVED,STWD_VEHTYPE_AT_FAULT,CHP_VEHTYPE_AT_FAULT,COUNT_SEVERE_INJ,COUNT_VISIBLE_INJ,COUNT_COMPLAINT_PAIN,COUNT_PED_KILLED,COUNT_PED_INJURED,COUNT_BICYCLIST_KILLED,COUNT_BICYCLIST_INJURED,COUNT_MC_KILLED,COUNT_MC_INJURED,PRIMARY_RAMP,SECONDARY_RAMP,LATITUDE,LONGITUDE,COUNTY,CITY,POINT_X,POINT_Y
91900129,2022,2022-10-26,9730,2022-10-19,2210,020233,,3,3,9,2700,0,3,5,,2,003,"RIVER ROAD","SR-68 EASTBOUND",0.00,,Y,A,-,Y,,,,,,,,,,Y,2,0,3,2,A,-,01,23152,A,N,D,C,A,A,H,-,C,A,0,,,,,Y,Y,A,01,1,2,0,0,0,0,0,0,0,"- ","- ",36.62445068359375,-121.68141174316406,MONTEREY,UNINCORPORATED,,
91905962,2022,2023-04-05,9735,2022-10-27,1200,016696,,4,1,9,2700,0,1,2,,1,041,"US 101 SOUTHBOUND","CENTRAL EXTENSION",0.00,,Y,A,-,Y,,,,,,,,,,Y,2,0,2,2,A,-,09,21804,A,N,D,C,A,A,D,-,A,A,0,,,,,Y,,A,07,1,0,1,0,0,0,0,0,0,"- ","- ",38.631099700927734,-121.33049774169922,MONTEREY,UNINCORPORATED,-121.17450714111328,36.233802795410156
91907694,2022,2022-11-02,9730,2022-08-14,0600,022725,,7,1,9,2700,0,1,3,,1,074,"SR-1 SOUTHBOUND","SPRINGFIELD ROAD",768.00,S,N,B,-,Y,MON,,1,,,98.680,H,,L,N,1,1,0,2,A,-,11,21954,A,N,G,B,E,A,H,-,D,D,0,Y,,,,Y,Y,N,60,0,0,0,1,0,0,0,0,0,"- ","- ",36.835769653320312,-121.77102661132812,MONTEREY,UNINCORPORATED,-121.77098846435547,36.835769653320312
91912607,2022,2022-11-08,9730,2022-11-02,2005,019239,,3,2,9,2700,0,1,3,,1,066,SR-183,"DAVIS RD SB OFF RAMP",150.00,N,N,A,-,Y,MON,,183,,R,2.034,H,,R,Y,2,0,3,2,A,-,01,23152,A,N,D,C,A,A,H,-,D,D,0,,,,,Y,Y,A,01,3,0,0,0,0,0,0,0,0,"- ","- ",36.685230255126953,-121.67666625976562,MONTEREY,UNINCORPORATED,-121.67668151855469,36.685195922851562
91912764,2022,2022-11-08,9735,2022-10-22,2500,022742,,6,4,9,2700,0,3,5,,2,004,"SARGENT CANYON RD","DEAD MANS GULCH ROAD",11616.00,N,N,A,-,N,,,,,,,,,,Y,2,0,2,2,A,-,01,23152,A,N,E,J,A,A,H,-,D,D,0,,,,,Y,Y,A,07,2,0,0,0,0,0,0,0,0,"- ","- ",36.009159088134766,-120.88632965087891,MONTEREY,UNINCORPORATED,-120.88625335693359,36.009334564208984
91918639,2022,2022-11-15,9730,2022-11-07,0544,019818,,1,3,9,2700,0,2,4,,1,075,"SAN JUAN RD","ALLISON RD",528.00,E,N,B,C,N,,,,,,,,,,Y,2,0,2,2,A,-,08,22107,,M,A,A,A,D,H,-,B,D,0,,,,Y,Y,,A,01,1,1,0,0,0,0,0,0,0,"- ","- ",36.904201507568359,-121.73348999023438,MONTEREY,UNINCORPORATED,-121.73439025878906,36.904224395751953
91919045,2022,2022-11-16,9735,2022-11-09,1900,022328,,3,2,9,2700,0,1,3,,2,031,SR-25,"LEWIS CREEK ROAD",6125.00,N,N,A,-,Y,SBT,,25,,,1.729,H,,R,Y,2,0,1,1,A,-,08,22107,,N,F,A,A,A,H,-,D,A,0,,,Y,,Y,,C,02,1,0,0,0,0,0,0,0,1,"- ","- ",36.32550048828125,-120.93309020996094,MONTEREY,UNINCORPORATED,-120.93309020996094,36.32550048828125
91923560,2022,2022-11-21,9730,2022-08-26,1456,021856,,5,2,9,2700,0,2,4,,2,063,"BLANCO ROAD","RESEARCH DRIVE",0.00,,Y,B,-,N,,,,,,,,,,Y,1,4,0,1,A,-,08,22107,,N,E,I,A,A,H,-,A,B,0,,,,,Y,,D,22,0,0,0,0,0,0,0,0,0,"- ","- ",36.669368743896484,-121.75479125976562,MONTEREY,UNINCORPORATED,-121.75498962402344,36.66925048828125
91923673,2022,2022-11-21,9730,2022-11-14,0930,019127,,1,1,9,2700,0,3,5,,2,004,"ALISAL RD","SCONBERG PKWY",3168.00,E,N,A,-,N,,,,,,,,,,Y,2,0,2,1,A,-,08,22107,,N,E,I,A,A,H,-,A,D,0,,,,,Y,,A,01,1,0,1,0,0,0,0,0,0,"- ","- ",36.6656494140625,-121.59468841552734,MONTEREY,UNINCORPORATED,-121.60059356689453,36.672290802001953
91924084,2022,2022-11-22,9730,2022-11-11,0128,022725,,5,3,9,2700,0,3,5,,2,007,"HALL ROAD","SILL ROAD",896.00,W,N,A,-,N,,,,,,,,,,Y,2,0,2,2,A,-,01,23153,A,N,A,C,A,A,H,-,D,D,0,,,,,Y,Y,A,01,1,1,0,0,0,0,0,0,0,"- ","- ",36.864151000976562,-121.72563934326172,MONTEREY,UNINCORPORATED,-121.72559356689453,36.864105224609375
91924703,2022,2022-11-22,9730,2022-10-14,1215,016537,,5,1,9,2700,0,1,3,,1,068,"STATE ROUTE 68 SALINAS MONTEREY HIGHWAY","HITCHCOCK ROAD",635.00,W,N,A,-,Y,MON,,68,,,19.058,H,,R,Y,1,1,1,2,A,-,09,21804,A,N,D,C,A,A,H,-,A,D,0,,,,,Y,,D,22,0,1,0,0,0,0,0,0,0,"- ","- ",36.642879486083984,-121.66487884521484,MONTEREY,UNINCORPORATED,-121.66480255126953,36.642860412597656
91930116,2022,2022-11-30,9730,2022-11-19,2227,022725,,6,3,9,2700,0,3,5,,2,001,"CRAZY HORSE CANYON ROAD","SAN JUAN GRADE ROAD",0.00,,Y,A,-,N,,,,,,,,,,Y,2,0,1,1,A,-,01,23152,A,N,E,I,A,A,H,-,D,A,0,,,,,Y,Y,A,01,1,0,0,0,0,0,0,0,0,"- ","- ",36.773281097412109,-121.60330963134766,MONTEREY,UNINCORPORATED,-121.60337829589844,36.773479461669922
91930214,2022,2022-11-30,9730,2022-09-02,1445,019512,,5,2,9,2700,0,2,4,,1,073,"ELKHORN ROAD","GARIN ROAD",423.00,N,N,A,-,N,,,,,,,,,,Y,1,1,0,1,A,-,08,22107,,N,E,I,A,A,H,-,A,D,0,,,,,Y,,D,22,0,0,0,0,0,0,0,0,0,"- ","- ",36.874580383300781,-121.74510192871094,MONTEREY,UNINCORPORATED,-121.74507904052734,36.874462127685547
91932627,2022,2022-12-02,9735,2022-11-27,1851,022537,,7,2,9,2700,0,1,2,,2,044,"US-101 SOUTHBOUND","LOS LOBOS RD",2640.00,S,N,A,-,Y,MON,,101,,R,17.356,H,,L,Y,2,0,2,1,A,-,08,22107,,N,F,A,A,A,H,-,D,D,0,,,,,Y,,A,01,1,1,0,0,0,0,0,0,0,"- ","- ",35.9693603515625,-120.89482879638672,MONTEREY,UNINCORPORATED,-120.89499664306641,35.969249725341797
91935659,2022,2022-12-06,9735,2022-11-29,1347,021431,,2,1,9,2700,0,1,2,,1,041,"US-101 SOUTHBOUND","LAGOMARSINO AVENUE",236.00,S,N,A,-,Y,MON,,101,,,49.713,H,,L,Y,2,0,6,2,A,-,01,23152,,N,C,2,A,A,H,-,A,D,0,,,,,Y,,A,01,4,2,0,0,0,0,0,0,0,"- ","- ",36.287490844726562,-121.19474029541016,MONTEREY,UNINCORPORATED,-121.19475555419922,36.287483215332031
91937545,2022,2022-12-08,9730,2022-11-29,0810,019569,,2,1,9,2700,0,2,4,,1,073,"SAN MIGUEL CANYON RD","1370 SAN MIGUEL CANYON RD",50.00,E,N,A,-,N,,,,,,,,,,N,2,0,1,1,A,-,08,22107,,N,E,I,A,A,H,-,A,D,0,,,,,Y,,A,01,1,0,0,0,0,0,0,0,0,"- ","- ",36.843528747558594,-121.68950653076172,MONTEREY,UNINCORPORATED,,
91944285,2022,2022-12-16,9730,2022-12-10,1426,022129,,6,2,9,2700,0,1,3,,2,062,"SR-1 SOUTHBOUND","SOLEDAD DRIVE",1373.00,S,N,C,-,Y,MON,,1,,R,75.735,H,,L,Y,2,0,1,1,A,-,03,22350,,N,E,I,A,B,H,-,A,D,0,,,,,Y,,A,01,1,0,0,0,0,0,0,0,0,"- ","- ",36.580528259277344,-121.90411376953125,MONTEREY,UNINCORPORATED,-121.90399932861328,36.580425262451172
91947326,2022,2022-12-20,9735,2022-11-28,0835,017257,,1,1,9,2700,0,2,4,,1,021,"JOLON ROAD","57101 JOLON ROAD",500.00,N,N,A,-,N,,,,,,,,,,Y,1,1,0,1,A,-,08,22107,,N,E,I,A,A,H,-,A,A,0,,,,,Y,,A,07,0,0,0,0,0,0,0,0,0,"- ","- ",36.095001220703125,-121.16352844238281,MONTEREY,UNINCORPORATED,-121.08207702636719,35.936759948730469
91948050,2022,2022-12-21,9735,2022-12-09,1825,022621,,5,2,9,2700,0,1,2,,2,044,"US-101 S/B","JOLON RD",40.00,N,N,B,-,Y,MON,,101,,R,9.693,H,,L,Y,2,0,1,1,A,-,00,22017,,N,E,I,A,A,H,-,D,D,0,,,,Y,Y,,G,25,1,0,0,0,0,0,0,0,0,"- ","- ",35.874080657958984,-120.83602905273438,MONTEREY,UNINCORPORATED,-120.83596801757812,35.874126434326172
91953604,2022,2022-12-27,9730,2022-12-25,1255,019818,,7,1,9,2700,0,3,5,,2,005,"OLD STAGE RD","OLD NATIVIDAD RD",1584.00,S,N,A,-,N,,,,,,,,,,Y,2,0,2,1,A,-,01,23152,A,N,E,I,A,A,H,-,A,D,0,,,,,Y,Y,D,22,1,1,0,0,0,0,0,0,0,"- ","- ",36.727558135986328,-121.5947265625,MONTEREY,UNINCORPORATED,-121.59505462646484,36.728302001953125
91956659,2022,2022-12-30,9730,2022-12-23,1450,021888,,5,2,9,2700,0,2,4,,1,023,"CARMEL VALLEY ROAD","ARROYO SECO ROAD",425.00,N,N,A,-,N,,,,,,,,,,Y,2,0,1,1,A,-,08,22107,,N,F,A,A,A,H,-,A,D,0,,,,,Y,Y,A,07,1,0,0,0,0,0,0,0,0,"- ","- ",36.257911682128906,-121.42504119873047,MONTEREY,UNINCORPORATED,-121.42463684082031,36.257789611816406
91962838,2022,2023-01-09,9730,2022-12-30,1237,020576,,5,1,9,2700,0,3,5,,2,007,"DOLAN ROAD","AVILA ROAD",1480.00,W,N,C,-,N,,,,,,,,,,Y,2,0,4,1,A,-,01,23152,A,N,E,I,A,B,H,-,A,D,0,,,,,Y,Y,D,22,1,3,0,0,0,0,0,0,0,"- ","- ",36.796581268310547,-121.75019073486328,MONTEREY,UNINCORPORATED,-121.75027465820312,36.796520233154297
91963415,2022,2023-01-09,9730,2022-12-26,2115,022092,,1,2,9,2700,0,2,4,,1,073,"ELKHORN ROAD","WERNER ROAD",0.00,,Y,B,C,N,,,,,,,,,,N,2,0,1,2,A,-,09,21801,A,N,D,C,A,B,H,-,D,A,0,,,Y,,Y,,A,07,1,0,0,0,0,0,0,0,1,"- ","- ",36.878929138183594,-121.74717712402344,MONTEREY,UNINCORPORATED,-121.74723052978516,36.878974914550781
91970055,2022,2023-01-17,9730,2022-07-18,1500,020899,,1,2,9,2700,0,1,3,,1,022,"STATE ROUTE 1","MPM 60",1056.00,S,N,A,-,Y,MON,,1,,,59.731,H,,R,N,1,1,0,2,A,-,08,22107,,N,A,C,A,A,H,-,A,D,0,,,Y,,Y,Y,C,02,0,0,0,0,0,0,0,1,0,"- ","- ",36.374591827392578,-121.90476989746094,MONTEREY,UNINCORPORATED,-121.90476989746094,36.374588012695312
91971959,2023,2023-01-19,9730,2023-01-09,2100,020916,,1,2,9,2700,0,1,2,,1,030,"US-101 SOUTHBOUND","SOMAVIA ROAD",500.00,S,N,B,-,Y,MON,,101," "," ",79.281,H,,L,Y,2,0,1,2,A,-,01,23152,A,N,C,C,A,B,H,-,D,D,0,,,,,Y,Y,A,01,1,0,0,0,0,0,0,0,0,"- ","- ",36.594768524169922,-121.54486083984375,MONTEREY,UNINCORPORATED,-121.54486083984375,36.594768524169922
91974369,2022,2023-01-23,9730,2022-09-19,1912,017579,,1,2,9,2700,0,2,4,,1,023,"CARMEL VALLEY ROAD","PASO DEL RIO",655.00,W,N,B,-,N,,,,,,,,,,Y,2,0,1,1,A,-,01,23152,A,N,E,I,A,B,H,-,D,D,0,,,,,Y,Y,A,01,1,0,0,0,0,0,0,0,0,"- ","- ",36.504508972167969,-121.76171875,MONTEREY,UNINCORPORATED,-121.76156616210938,36.504512786865234
9197614,2020,2021-01-20,2708,2020-11-09,1355,15851,SALIN,1,5,6,2708,0,0,0,,0,004,"NANTUCKET BL","BRADBURY ST",0.00,,Y,A,-,N,,,,,,,,,,Y,2,0,1,2,A,-,05,21650,,N,D,G,A,A,H,-,A,A,0,,Y,,,Y,,L,04,1,0,0,0,0,0,1,0,0,"- ","- ",,,MONTEREY,SALINAS,-121.61226654052734,36.710128784179688
9197645,2020,2021-01-15,2708,2020-11-17,1836,74122,,2,5,6,2708,0,0,0,,0,001,"NORTH DAVIS RD","POORONDA CROSSING",800.00,N,N,C,-,N,,,,,,,,,,Y,2,0,2,1,A,-,03,22350,,N,A,I,A,B,H,-,C,D,0,,,,,Y,,A,01,1,0,1,0,0,0,0,0,0,"- ","- ",,,MONTEREY,SALINAS,,
91986353,2023,2023-02-03,9730,2023-01-26,1840,019529,,4,2,9,2700,0,3,5,,2,007,"PORTER ROAD","SAN JUAN ROAD",500.00,S,N,A,-,N,,,,,,,,,,N,2,0,1,2,A,-,11,21955,,N,G,B,D,A,H,-,C,D,0,Y,,,,Y,Y,N,60,1,0,0,0,1,0,0,0,0,"- ","- ",36.903850555419922,-121.74989318847656,MONTEREY,UNINCORPORATED,-121.74935150146484,36.903434753417969
91988772,2023,2023-02-07,9730,2023-01-28,"301 ",022788,,6,3,9,2700,0,1,2,,1,070,"US-101 SOUTHBOUND","RALPH LANE",898.00,N,N,A,-,Y,MON,,101," "," ",93.274,H,,L,Y,2,0,2,1,A,-,08,22107,,N,E,C,A,A,H,-,D,D,0,,,,,Y,Y,A,01,1,1,0,0,0,0,0,0,0,"- ","- ",36.758678436279297,-121.66587829589844,MONTEREY,UNINCORPORATED,-121.66591644287109,36.758674621582031
91991795,2023,2023-02-10,9735,2023-02-02,1908,022883,,4,2,9,2700,0,2,4,,2,010,"ARROYO SECO ROAD","THORNE ROAD",5280.00,S,N,A,-,N,,,,,,,,,,Y,2,0,1,1,A,-,01,23152,A,N,E,I,A,A,H,-,D,D,0,,,,,Y,Y,D,22,1,0,0,0,0,0,0,0,0,"- ","- ",36.298988342285156,-121.31301879882812,MONTEREY,UNINCORPORATED,-121.31327819824219,36.300559997558594
92005074,2023,2023-02-28,9730,2023-02-18,1554,022129,,6,2,9,2700,0,1,3,,1,074,SR-1,"SPRINGFIELD ROAD",0.00,,Y,A,-,Y,MON,,1," "," ",98.854,H,,R,N,2,0,1,2,A,-,06,21755,A,N,B,C,A,A,H,-,A,D,0,,,Y,,Y,,C,02,1,0,0,0,0,0,0,0,1,"- ","- ",36.838291168212891,-121.77107238769531,MONTEREY,UNINCORPORATED,-121.77097320556641,36.838291168212891
92006856,2023,2023-03-06,9730,2023-02-22,2105,022317,,3,2,9,2700,0,1,3,,1,068,"SR-68 E/B","YORK ROAD",2112.00,W,N,B,C,Y,MON,,68," "," ",7.743,H,,R,Y,2,0,2,2,A,-,01,23152,A,N,C,2,A,B,H,-,D,D,0,,,,,Y,Y,A,07,2,0,0,0,0,0,0,0,0,"- ","- ",36.572761535644531,-121.81558227539062,MONTEREY,UNINCORPORATED,-121.81558227539062,36.572765350341797
92012903,2022,2023-03-08,9730,2022-12-23,0045,020970,,5,3,9,2700,0,1,3,,1,068,SR-68,"TORO CREEK ROAD",528.00,W,N,A,-,N,,,,,,,,,,N,1,1,0,2,A,-,11,21954,A,N,G,B,E,A,H,-,D,D,0,Y,,,,Y,,N,60,0,0,0,1,0,0,0,0,0,"- ","- ",36.586158752441406,-121.71221160888672,MONTEREY,UNINCORPORATED,-121.71216583251953,36.586147308349609
92012977,2022,2023-03-08,9730,2022-10-18,1328,017579,,2,1,9,2700,0,2,4,,1,075,"SAN JUAN ROAD","AROMAS ROAD",0.00,,Y,A,-,N,,,,,,,,,,Y,1,1,1,2,A,-,09,21801,A,N,D,C,A,A,H,-,A,A,0,,,,,Y,,A,07,0,1,0,0,0,0,0,0,0,"- ","- ",36.882511138916016,-121.66181182861328,MONTEREY,UNINCORPORATED,-121.66189575195312,36.882568359375
92013908,2023,2023-03-09,9730,2023-03-05,1955,022197,,7,2,6,2708,0,1,2,,1,050,"US-101 SB","MAIN STREET",175.00,N,N,B,-,Y,,,,,,,,,,Y,2,0,2,1,A,-,01,23152,A,N,E,I,A,A,H,-,D,D,0,,,,,Y,Y,A,01,2,0,0,0,0,0,0,0,0,"- ","- ",36.688499450683594,-121.65605163574219,MONTEREY,SALINAS,-121.65583038330078,36.688793182373047
92034667,2023,2023-03-31,9730,2023-03-28,1825,019239,,2,2,9,2700,0,1,3,,1,068,"SR-68 WB","LAURELES GRADE RD",498.00,W,N,B,C,Y,MON,,68," "," ",11.127,H,,L,Y,2,0,6,4,A,-,01,23152,A,N,C,C,A,B,H,-,A,D,0,,,,,Y,Y,A,01,3,2,1,0,0,0,0,0,0,"- ","- ",36.569969177246094,-121.75740814208984,MONTEREY,UNINCORPORATED,-121.75741577148438,36.569953918457031
92038693,2023,2023-06-26,9730,2023-02-13,"702 ",022500,,1,1,9,2700,0,3,5,,2,006,"RESERVATION ROAD","WATKINS GATE ROAD",15.00,E,N,B,-,N,,,,,,,,,,Y,2,0,1,2,A,-,03,22350,,N,C,C,A,A,H,-,A,A,0,,,,,Y,,D,22,1,0,0,0,0,0,0,0,0,"- ","- ",36.649238586425781,-121.72634124755859,MONTEREY,UNINCORPORATED,-121.72624206542969,36.649387359619141
92038854,2023,2023-04-06,9730,2023-04-02,"855 ",019315,,7,1,9,2700,0,2,4,,2,063,"BLANCO RD","COOPER RD",2112.00,W,N,B,-,N,,,,,,,,,,Y,2,0,1,1,A,-,08,22107,,N,F,A,A,A,H,-,A,D,0,,,,,Y,,-,"- ",1,0,0,0,0,0,0,0,0,"- ","- ",36.678428649902344,-121.74057769775391,MONTEREY,UNINCORPORATED,-121.74221801757812,36.678600311279297
9203901,2020,2021-01-11,2710,2020-11-30,0936,40386,1,1,5,4,2710,0,0,0,,0,02A,"SONOMA AV","PGE POWER POLE",68.00,E,N,A,-,N,,,,,,,,,,Y,2,0,1,3,A,-,08,22107,,N,B,E,A,A,H,-,A,D,0,,,,,Y,Y,A,01,1,0,0,0,0,0,0,0,0,"- ","- ",,,MONTEREY,SEASIDE,,
92049941,2023,2023-04-20,9730,2023-04-13,2019,019239,,4,2,9,2700,0,3,5,,2,004,"OLD STAGE RD","SPENCE RD",0.00,,Y,A,-,N,,,,,,,,,,Y,2,0,1,2,A,-,09,21802,A,N,D,C,A,A,H,-,D,A,0,,,,,Y,Y,D,22,1,0,0,0,0,0,0,0,0,"- ","- ",36.629920959472656,-121.53990173339844,MONTEREY,UNINCORPORATED,-121.53997039794922,36.629928588867188
92064341,2023,2023-06-26,9730,2023-04-07,2248,020990,,5,3,9,2700,0,1,2,,1,070,"US-101 S/B",SR-156,225.00,S,N,B,F,Y,MON,,101," "," ",95.419,H,,L,N,1,1,0,3,A,-,11,21954,A,N,G,B,E,A,H,-,D,D,0,Y,,,Y,Y,,N,60,0,0,0,1,0,0,0,0,0,"- ","- ",36.789299011230469,-121.66771697998047,MONTEREY,UNINCORPORATED,-121.66770935058594,36.789299011230469
92069380,2022,2023-05-15,9730,2022-10-26,1518,022044,,3,2,9,2700,0,2,4,,1,023,"CARMEL VALLEY RD.","RIO RD.",0.00,,Y,A,-,N,,,,,,,,,,Y,1,1,0,2,A,-,09,21804,A,N,D,C,A,A,H,-,A,A,0,,,,,Y,Y,A,07,0,0,0,0,0,0,0,0,0,"- ","- ",36.542678833007812,-121.89163208007812,MONTEREY,UNINCORPORATED,,
92070990,2023,2023-05-17,9730,2023-05-13,2125,022129,,6,2,9,2700,0,1,3,,1,066,SR-183,"SALINAS STREET",0.00,,Y,B,-,Y,MON,,183," "," ",9.055,H,,R,Y,2,0,1,2,A,-,01,23152,A,N,D,2,A,A,H,-,C,D,0,,,,,Y,Y,A,01,1,0,0,0,0,0,0,0,0,"- ","- ",36.761871337890625,-121.75296020507812,MONTEREY,UNINCORPORATED,-121.75289916992188,36.761920928955078
92074097,2023,2023-05-22,9730,2023-05-02,1728,019239,,2,2,9,2700,0,1,3,,1,074,"STATE ROUTE 1","TEMBLADERO SLOUGH BRIDGE",100.00,S,N,B,C,Y,MON,,1," ",T,91.970,H,,R,Y,1,1,0,2,A,-,08,22107,,N,D,C,A,B,H,-,A,D,0,,,,,Y,,A,01,0,0,0,0,0,0,0,0,0,"- ","- ",36.767368316650391,-121.76506805419922,MONTEREY,UNINCORPORATED,-121.76512145996094,36.767372131347656
92079319,2023,2023-05-26,9730,2023-04-16,2212,022151,,7,3,9,2700,0,1,2,,1,050,"US-101 SOUTHBOUND","NORTH MAIN STREET",528.00,N,N,A,-,Y,MON,,101," ",R,88.447,H,,L,Y,1,1,0,2,C,-,18,,,N,D,C,A,A,H,-,C,D,0,,,,Y,Y,,-,"- ",0,0,0,0,0,0,0,0,0,"- ","- ",36.688579559326172,-121.65556335449219,MONTEREY,UNINCORPORATED,-121.65555572509766,36.688587188720703
92083869,2023,2023-06-01,9730,2023-05-06,"343 ",021776,,6,3,9,2700,0,1,3,,2,062,"SR-1 SOUTHBOUND","SR-68 OVERCROSSING",792.00,S,N,B,-,Y,MON,,1," ",R,77.955,H,,L,Y,1,1,0,2,A,-,01,23152,A,N,A,C,A,A,H,-,D,D,0,,,,,Y,Y,A,01,0,0,0,0,0,0,0,0,0,"- ","- ",36.594379425048828,-121.87127685546875,MONTEREY,UNINCORPORATED,-121.87127685546875,36.594364166259766
9208437,2020,2021-02-02,2706,2020-11-12,2232,519,MPD,4,5,4,2706,0,0,0,,0,001,"LIGHTHOUSE AV","IRVING AV",275.00,S,N,A,-,N,,,,,,,,,,N,2,0,1,2,A,-,06,21760,C,F,C,G,A,A,H,-,C,D,0,,Y,,,Y,,-,99,1,0,0,0,0,0,1,0,0,"- ","- ",,,MONTEREY,MONTEREY,-121.90309906005859,36.615203857421875
92086138,2023,2023-06-05,9735,2023-04-11,2150,022328,,2,2,9,2700,0,3,5,,2,001,"MESA VERDE ROAD","FIRST STREET",5650.00,S,N,A,-,N,,,,,,,,,,N,1,1,0,2,A,-,11,21954,A,N,G,B,D,A,H,-,D,D,0,Y,,,,Y,,N,60,0,0,0,1,0,0,0,0,0,"- ","- ",36.195240020751953,-121.09432983398438,MONTEREY,UNINCORPORATED,-121.09511566162109,36.195491790771484
92086779,2023,2023-06-06,9730,2023-05-28,"140 ",021165,,7,3,9,2700,0,1,2,,1,030,"HITCHCOCK ROAD","DAVIS ROAD",140.00,W,N,A,-,N,,,,,,,,,,N,2,0,1,1,A,-,01,23152,A,N,E,I,A,A,H,-,C,D,0,,,,,Y,Y,A,01,1,0,0,0,0,0,0,0,0,"- ","- ",36.658920288085938,-121.69246673583984,MONTEREY,UNINCORPORATED,-121.69242858886719,36.658889770507812
92099335,2023,2023-06-21,9730,2023-06-15,"455 ",022317,,4,3,9,2700,0,1,2,,1,070,"US-101 S/B","RALPH LANE",225.00,N,N,B,-,Y,MON,,101," "," ",93.905,H,,L,Y,2,0,2,2,A,-,01,23152,A,F,C,C,A,B,H,-,B,D,0,,,,,Y,Y,A,07,1,1,0,0,0,0,0,0,0,"- ","- ",36.767471313476562,-121.66869354248047,MONTEREY,UNINCORPORATED,-121.66867828369141,36.767471313476562
92101018,2023,2023-06-23,9730,2023-06-18,1150,018886,,7,1,9,2700,0,3,5,,2,007,"CASTROVILLE BOULEVARD","ARCHER ROAD",550.00,E,N,A,-,N,,,,,,,,,,Y,2,0,3,2,A,-,01,23152,A,N,A,C,A,A,H,-,A,D,0,,,,,Y,Y,A,07,1,1,1,0,0,0,0,0,0,"- ","- ",36.796810150146484,-121.70169067382812,MONTEREY,UNINCORPORATED,-121.70162963867188,36.79681396484375
92108303,2023,2023-07-03,9730,2023-06-24,2210,022092,,6,3,9,2700,0,3,5,,2,007,"SALINAS ROAD","FRUITLAND AVENUE",60.00,E,N,A,-,N,,,,,,,,,,Y,2,0,1,2,A,-,01,23152,A,N,A,C,A,A,H,-,D,D,0,,,,,Y,Y,A,01,1,0,0,0,0,0,0,0,0,"- ","- ",36.878078460693359,-121.75215148925781,MONTEREY,UNINCORPORATED,-121.75236511230469,36.878055572509766
9211550,2020,2021-01-28,2708,2020-07-30,1951,25182,,4,5,6,2708,0,0,0,,0,011,"WILLIAMS RD","BARDIN RD",290.00,S,N,A,-,N,,,,,,,,,,Y,1,1,0,2,A,-,09,21804,A,N,D,C,A,A,H,-,B,A,0,,,Y,,Y,Y,D,22,0,0,0,0,0,0,0,1,0,"- ","- ",,,MONTEREY,SALINAS,-121.60784149169922,36.679191589355469
92117336,2023,2023-07-14,9730,2023-07-01,1518,020916,,6,2,9,2700,0,3,5,,2,004,"CHUALAR RIVER ROAD","OLD STAGE RD",5808.00,E,N,A,-,N,,,,,,,,,,Y,2,0,1,1,A,-,01,23152,A,N,E,I,A,A,H,-,A,D,0,,,,,Y,Y,A,07,1,0,0,0,0,0,0,0,0,"- ","- ",36.583419799804688,-121.47563934326172,MONTEREY,UNINCORPORATED,-121.49815368652344,36.581710815429688