CASE_ID,ACCIDENT_YEAR,PROC_DATE,JURIS,COLLISION_DATE,COLLISION_TIME,OFFICER_ID,REPORTING_DISTRICT,DAY_OF_WEEK,CHP_SHIFT,POPULATION,CNTY_CITY_LOC,SPECIAL_COND,BEAT_TYPE,CHP_BEAT_TYPE,CITY_DIVISION_LAPD,CHP_BEAT_CLASS,BEAT_NUMBER,PRIMARY_RD,SECONDARY_RD,DISTANCE,DIRECTION,INTERSECTION,WEATHER_1,WEATHER_2,STATE_HWY_IND,CALTRANS_COUNTY,CALTRANS_DISTRICT,STATE_ROUTE,ROUTE_SUFFIX,POSTMILE_PREFIX,POSTMILE,LOCATION_TYPE,RAMP_INTERSECTION,SIDE_OF_HWY,TOW_AWAY,COLLISION_SEVERITY,NUMBER_KILLED,NUMBER_INJURED,PARTY_COUNT,PRIMARY_COLL_FACTOR,PCF_CODE_OF_VIOL,PCF_VIOL_CATEGORY,PCF_VIOLATION,PCF_VIOL_SUBSECTION,HIT_AND_RUN,TYPE_OF_COLLISION,MVIW,PED_ACTION,ROAD_SURFACE,ROAD_COND_1,ROAD_COND_2,LIGHTING,CONTROL_DEVICE,CHP_ROAD_TYPE,PEDESTRIAN_ACCIDENT,BICYCLE_ACCIDENT,MOTORCYCLE_ACCIDENT,TRUCK_ACCIDENT,NOT_PRIVATE_PROPERTY,ALCOHOL_INVOLVED,STWD_VEHTYPE_AT_FAULT,CHP_VEHTYPE_AT_FAULT,COUNT_SEVERE_INJ,COUNT_VISIBLE_INJ,COUNT_COMPLAINT_PAIN,COUNT_PED_KILLED,COUNT_PED_INJURED,COUNT_BICYCLIST_KILLED,COUNT_BICYCLIST_INJURED,COUNT_MC_KILLED,COUNT_MC_INJURED,PRIMARY_RAMP,SECONDARY_RAMP,LATITUDE,LONGITUDE,COUNTY,CITY,POINT_X,POINT_Y
92118640,2023,2023-07-17,9735,2023-07-07,2239,022328,,5,3,9,2700,0,2,4,,1,021,"JOLON ROAD","SULPHUR SPRINGS ROAD",5808.00,S,N,A,-,N,,,,,,,,,,N,2,0,1,2,A,-,11,21954,A,N,G,B,E,A,H,-,D,D,0,Y,,,,Y,,N,60,1,0,0,0,1,0,0,0,0,"- ","- ",36.038589477539062,-121.18094635009766,MONTEREY,UNINCORPORATED,-121.17765045166016,36.026382446289062
92133529,2023,2023-08-01,9730,2023-07-21,1914,020899,,5,2,9,2700,0,1,3,,1,022,SR-1,"GARRAPATA TROUT FARM ROAD",91.00,N,N,A,-,Y,MON,,1," "," ",63.086,H,,R,N,2,0,1,2,A,-,05,21460,A,N,D,C,A,A,H,-,A,D,0,,,Y,,Y,,C,02,1,0,0,0,0,0,0,0,1,"- ","- ",36.418411254882812,-121.91336822509766,MONTEREY,UNINCORPORATED,-121.91338348388672,36.418415069580078
92139578,2023,2023-08-09,9730,2023-08-01,1308,023299,,2,1,9,2700,0,1,2,,1,050,"US-101 S/B","HARTNELL RD",125.00,S,N,A,-,Y,MON,,101," "," ",82.163,H,,L,Y,2,0,1,1,A,-,08,22107,,N,E,8,A,A,H,-,A,D,0,,,,,Y,,A,01,1,0,0,0,0,0,0,0,0,"- ","- ",36.623741149902344,-121.58238220214844,MONTEREY,UNINCORPORATED,-121.58232879638672,36.623786926269531
92140450,2023,2023-08-10,9730,2023-08-03,1345,019770,,4,1,9,2700,0,1,3,,1,012,"STATE ROUTE 1","BIG CREEK BRIDGE",9187.00,S,N,A,-,Y,MON,,1," "," ",26.370,H,,R,N,2,0,1,1,A,-,03,22350,,N,E,I,A,A,H,-,A,D,0,,,Y,,Y,,C,02,1,0,0,0,0,0,0,0,1,"- ","- ",36.049320220947266,-121.58984375,MONTEREY,UNINCORPORATED,-121.58979797363281,36.049339294433594
92143824,2023,2023-08-15,9730,2023-08-04,"750 ",019818,,5,1,9,2700,0,3,5,,2,006,"NASHUA RD","SR-1 NB",0.00,,Y,B,-,N,,,,,,,,,,Y,2,0,2,2,A,-,03,22350,,N,C,C,A,A,H,-,A,D,0,,,,,Y,,A,01,1,1,0,0,0,0,0,0,0,"- ","- ",36.744899749755859,-121.77036285400391,MONTEREY,UNINCORPORATED,-121.77121734619141,36.745651245117188
92147569,2023,2023-08-18,9735,2023-08-06,1240,022724,,7,1,9,2700,0,2,4,,1,021,"JOLON ROAD","SULFER SPRINGS ROAD",1584.00,N,N,A,-,N,,,,,,,,,,Y,2,0,4,1,A,-,01,23152,A,N,F,A,A,A,H,-,A,D,0,,,,,Y,Y,A,07,2,2,0,0,0,0,0,0,0,"- ","- ",36.046581268310547,-121.18289947509766,MONTEREY,UNINCORPORATED,-121.18296051025391,36.045906066894531
92149102,2023,2023-08-21,9735,2023-08-13,1305,022537,,7,1,9,2700,0,1,3,,2,030,SR-146,"RAMUS ROAD",6336.00,E,N,A,-,Y,MON,,146," "," ",7.687,H,,R,N,2,0,1,1,A,-,03,22350,,N,F,A,A,A,H,-,A,D,0,,,Y,,Y,,C,02,1,0,0,0,0,0,0,0,1,"- ","- ",36.441490173339844,-121.22209930419922,MONTEREY,UNINCORPORATED,-121.22215270996094,36.441497802734375
92152134,2023,2023-08-24,9730,2023-06-07,2224,021794,,3,3,9,2700,0,1,2,,1,070,"US-101 SOUTHBOUND N/O SAN MIGUEL CANYON ROAD O/C","SAN MIGUEL CANYON ROAD OVERCROSS",340.00,N,N,A,-,Y,MON,,101," "," ",96.231,H,,L,Y,1,1,1,1,A,-,08,22107,,N,E,I,A,A,H,-,C,D,0,,,,,Y,Y,A,07,0,1,0,0,0,0,0,0,0,"- ","- ",36.800460815429688,-121.66316223144531,MONTEREY,UNINCORPORATED,-121.66310882568359,36.800411224365234
92152151,2023,2023-08-24,9730,2023-08-20,"50  ",021165,,7,3,9,2700,0,1,3,,1,022,"STATE ROUTE 1","SONOMA LANE",202.00,N,N,A,-,Y,MON,,1," "," ",68.619,H,,R,Y,2,0,2,1,A,-,01,23152,A,N,E,I,A,A,H,-,D,D,0,,,,,Y,Y,A,01,2,0,0,0,0,0,0,0,0,"- ","- ",36.492179870605469,-121.93813323974609,MONTEREY,UNINCORPORATED,-121.93806457519531,36.492153167724609
92152287,2023,2023-08-24,9730,2023-05-31,1535,021358,,3,2,9,2700,0,1,3,,2,062,"SR-1 SB","SLOAT AVE",350.00,S,N,B,-,Y,MON,,1," ",R,77.529,H,,L,Y,1,1,0,3,A,-,08,22107,,F,D,C,A,A,H,-,A,D,0,,,,,Y,,A,01,0,0,0,0,0,0,0,0,0,"- ","- ",36.592868804931641,-121.87867736816406,MONTEREY,UNINCORPORATED,-121.87869262695312,36.592880249023438
92159845,2023,2023-08-31,9730,2023-08-26,"755 ",018886,,6,1,9,2700,0,1,2,,1,030,"US- 101","GLORIA ROAD",2485.00,N,N,B,-,Y,MON,,101," "," ",69.903,H,,L,Y,2,0,1,1,A,-,03,22350,,N,F,A,A,A,H,-,A,D,0,,,Y,,Y,,C,02,1,0,0,0,0,0,0,0,1,"- ","- ",36.500431060791016,-121.43122863769531,MONTEREY,UNINCORPORATED,-121.43113708496094,36.500461578369141
9216736,2020,2021-02-05,2708,2020-12-17,1824,25182,,4,5,6,2708,0,0,0,,0,012,"MONTE BELLA BL","GENOA WY",0.00,,Y,A,-,N,,,,,,,,,,Y,2,0,2,2,A,-,09,21802,A,N,D,C,A,A,H,-,C,A,0,,,,,Y,,A,01,1,1,0,0,0,0,0,0,0,"- ","- ",,,MONTEREY,SALINAS,-121.59742736816406,36.678798675537109
92170514,2023,2023-09-14,9730,2023-09-04,1651,023317,,1,2,9,2700,0,3,5,,2,007,"CASTROVILLE BLVD","OMART RD",1000.00,E,N,A,-,N,,,,,,,,,,Y,2,0,1,1,A,-,01,23152,A,N,F,A,A,A,H,-,A,D,0,,,,,Y,Y,D,22,1,0,0,0,0,0,0,0,0,"- ","- ",36.795070648193359,-121.71685791015625,MONTEREY,UNINCORPORATED,-121.71704864501953,36.795063018798828
92176487,2023,2023-09-21,9730,2023-09-15,2335,021165,,5,3,9,2700,0,1,3,,2,062,"SR-1 S/B","LIGHTFIGHTER DRIVE",4310.00,S,N,A,-,Y,,,,,,,,,,Y,2,0,2,1,A,-,01,23152,A,N,F,A,A,A,H,-,D,D,0,,,,,Y,Y,A,01,2,0,0,0,0,0,0,0,0,"- ","- ",36.639961242675781,-121.82713317871094,MONTEREY,UNINCORPORATED,-121.82743072509766,36.640289306640625
92180083,2023,2023-09-26,9730,2023-09-17,1550,020576,,7,2,4,2706,0,3,5,,2,002,"LAURELES GRADE",SOUTHVIEW,830.00,N,N,A,-,N,,,,,,,,,,Y,2,0,1,1,A,-,03,22350,,N,F,A,A,A,H,-,A,D,0,,,,,Y,,A,07,1,0,0,0,0,0,0,0,0,"- ","- ",36.519309997558594,-121.755859375,MONTEREY,MONTEREY,-121.75589752197266,36.519096374511719
9218670,2020,2021-02-09,2708,2020-08-30,1243,77067,SALIN,7,5,6,2708,0,0,0,,0,008,"WEST MARKET ST","LINCOLN AV",0.00,,Y,A,-,Y,MON,5,183,-,-,0.880,H,-,N,N,2,0,1,2,A,-,05,21650,,N,-,G,A,A,H,-,A,A,0,,Y,,,Y,,L,04,1,0,0,0,0,0,1,0,0,"- ","- ",,,MONTEREY,SALINAS,-121.65901947021484,36.678691864013672
92191227,2023,2023-10-04,9730,2023-09-30,"920 ",023439,,6,1,9,2700,0,1,3,,1,074,"SR-1 N/B","NASHUA/ MOLERA OVERCROSSING",200.00,S,N,B,-,Y,MON,,1," ",R,90.360,H,,R,Y,2,0,1,1,A,-,08,22107,,N,F,A,A,B,H,-,A,D,0,,,,Y,Y,,F,21,1,0,0,0,0,0,0,0,0,"- ","- ",36.745269775390625,-121.77133941650391,MONTEREY,UNINCORPORATED,-121.77145385742188,36.745323181152344
92197462,2023,2023-10-12,9730,2023-09-21,1655,019529,,4,2,9,2700,0,3,5,,2,005,"CRAZY HORSE CANYON ROAD","HIDDEN CANYON ROAD",1273.00,N,N,A,-,N,,,,,,,,,,Y,2,0,2,2,A,-,05,21460,A,N,A,C,A,A,H,-,A,D,0,,,,Y,Y,,A,07,1,1,0,0,0,0,0,0,0,"- ","- ",36.791179656982422,-121.61200714111328,MONTEREY,UNINCORPORATED,-121.61211395263672,36.791271209716797
92197472,2023,2023-10-12,9730,2023-09-25,2045,017579,,1,2,9,2700,0,1,2,,1,070,"US-101 NORTHBOUND","PRUNEDALE SOUTH ROAD OVERCROSSING",1750.00,S,N,A,-,Y,MON,,101," "," ",93.729,H,,R,Y,2,0,3,5,A,-,03,22350,,N,C,C,A,A,D,-,D,D,0,,,,Y,Y,,G,25,2,1,0,0,0,0,0,0,0,"- ","- ",36.764991760253906,-121.66776275634766,MONTEREY,UNINCORPORATED,-121.66777801513672,36.764987945556641
92197501,2023,2023-10-12,9730,2023-10-07,2330,020916,,6,3,9,2700,0,1,2,,1,050,"US-101 NORTHBOUND","SANBORN ROAD",653.00,N,N,A,-,Y,MON,,101," "," ",86.266,H,,R,Y,2,0,1,1,A,-,08,22107,,N,E,I,A,A,H,-,D,D,0,,,,,Y,,D,22,1,0,0,0,0,0,0,0,0,"- ","- ",36.667621612548828,-121.6302490234375,MONTEREY,UNINCORPORATED,-121.63028717041016,36.667537689208984
92197562,2023,2023-10-12,9735,2023-10-07,1510,021431,,6,2,9,2700,0,1,2,,2,042,"US-101 SOUTHBOUND OFF RAMP TO FIRST STREET","FIRST STREET",440.00,N,N,A,-,Y,,,,,,,,,,Y,2,0,1,1,A,-,01,23152,A,N,E,I,A,A,H,-,A,D,0,,,,,Y,Y,A,01,1,0,0,0,0,0,0,0,0,"- ","- ",36.201061248779297,-121.11373901367188,MONTEREY,UNINCORPORATED,-121.11373901367188,36.201061248779297
92203878,2023,2023-10-19,9730,2023-09-26,1640,017579,,2,2,9,2700,0,3,5,,2,002,"MIRAMONTE ROAD","RANCHO FIESTA ROAD",320.00,E,N,A,-,N,,,,,,,,,,Y,2,0,1,1,C,-,18,,,N,E,I,A,A,H,-,A,D,0,,,,,Y,,-,"- ",1,0,0,0,0,0,0,0,0,"- ","- ",36.510421752929688,-121.76561737060547,MONTEREY,UNINCORPORATED,-121.76575469970703,36.510372161865234
92203898,2023,2023-10-19,9730,2023-10-04,1756,020899,,3,2,9,2700,0,1,3,,2,062,"SOUTHBOUND SR-1","FREMONT BOULEVARD",225.00,N,N,A,-,Y,MON,,1," ",R,80.786,H,,R,N,2,0,1,1,A,-,08,22107,,N,F,A,A,A,H,-,A,D,0,,,Y,,Y,,C,02,1,0,0,0,0,0,0,0,1,"- ","- ",36.625118255615234,-121.84053039550781,MONTEREY,UNINCORPORATED,-121.84037017822266,36.624992370605469
92204030,2023,2023-10-19,9730,2023-10-04,2316,020916,,3,3,9,2700,0,1,2,,1,050,"US-101 SOUTHBOUND","LAUREL DRIVE",3400.00,S,N,A,-,Y,MON,,101," ",R,88.607,H,,L,Y,2,0,1,1,A,-,01,23152,A,N,E,I,A,A,H,-,D,D,0,,,,,Y,Y,A,01,1,0,0,0,0,0,0,0,0,"- ","- ",36.690269470214844,-121.65760803222656,MONTEREY,UNINCORPORATED,-121.65769195556641,36.690200805664062
92209478,2023,2023-10-26,9730,2023-10-20,1800,019239,,5,2,9,2700,0,3,5,,2,003,"RIVER RD","PARKER RD",7920.00,E,N,A,-,N,,,,,,,,,,Y,2,0,1,1,A,-,08,22107,,N,E,8,A,A,H,-,A,D,0,,,,,Y,,A,01,1,0,0,0,0,0,0,0,0,"- ","- ",36.574901580810547,-121.58542633056641,MONTEREY,UNINCORPORATED,-121.58437347412109,36.574638366699219
92222897,2023,2023-10-30,9730,2023-10-21,1349,019818,,6,1,9,2700,0,1,3,,2,062,"SR-1 SB","CASA VERDE WY",400.00,S,N,A,-,Y,MON,,1," ",R,78.385,H,,L,N,2,0,1,1,A,-,08,22107,,N,F,A,A,A,H,-,A,D,0,,,Y,,Y,,-,"- ",1,0,0,0,0,0,0,0,1,"- ","- ",36.598030090332031,-121.86543273925781,MONTEREY,UNINCORPORATED,-121.86547088623047,36.598052978515625
92224523,2023,2023-10-31,9730,2023-10-24,1617,019239,,2,2,9,2700,0,1,3,,1,068,SR-68,"HITCHCOCK RD",500.00,N,N,A,-,Y,MON,,68," "," ",19.288,H,,R,Y,2,0,1,2,A,-,09,21801,A,N,D,C,A,A,H,-,A,D,0,,,,,Y,,D,22,1,0,0,0,0,0,0,0,0,"- ","- ",36.646060943603516,-121.66359710693359,MONTEREY,UNINCORPORATED,-121.66355895996094,36.646049499511719
92225898,2023,2023-11-01,9730,2023-10-21,2047,019818,,6,2,9,2700,0,1,3,,2,062,"SR-1 NB","FREMONT BLVD.",330.00,N,N,A,-,Y,MON,,1," ",R,80.765,H,,R,Y,2,0,1,2,A,-,03,22350,,N,C,C,A,A,H,-,C,D,0,,,Y,,Y,,-,"- ",1,0,0,0,0,0,0,0,1,"- ","- ",36.624641418457031,-121.84047698974609,MONTEREY,UNINCORPORATED,-121.84064483642578,36.624771118164062
92228790,2023,2023-11-06,9730,2023-09-16,1600,020576,,6,2,9,2700,0,3,5,,2,004,"OLD STAGE ROAD","ZABALA RD",4224.00,N,N,A,-,N,,,,,,,,,,Y,2,0,4,3,A,-,08,22107,,F,B,C,A,A,H,-,A,D,0,,,,,Y,Y,-,99,1,2,1,0,0,0,0,0,0,"- ","- ",36.676990509033203,-121.55515289306641,MONTEREY,UNINCORPORATED,-121.554931640625,36.676425933837891
92230185,2023,2023-11-27,9735,2023-10-14,2035,022883,,6,2,9,2700,0,3,5,,2,003,"METZ ROAD","TOPO ROAD",1056.00,S,N,A,-,N,,,,,,,,,,Y,1,1,4,2,A,-,08,22107,,N,A,C,A,A,H,-,D,D,0,,,,,Y,,A,01,2,2,0,0,0,0,0,0,0,"- ","- ",36.354488372802734,-121.21054077148438,MONTEREY,UNINCORPORATED,-121.2109375,36.354690551757812
92230268,2023,2023-11-07,9730,2023-11-02,1737,019239,,4,2,9,2700,0,3,5,,2,004,"OLD STAGE RD","ALISAL RD",0.00,,Y,A,-,N,,,,,,,,,,N,2,0,2,2,A,-,09,21802,A,N,D,C,A,A,H,-,A,A,0,,,,,Y,,A,01,1,1,0,0,0,0,0,0,0,"- ","- ",36.630889892578125,-121.54267120361328,MONTEREY,UNINCORPORATED,-121.54271697998047,36.630889892578125
92232505,2023,2023-11-09,9730,2023-11-02,"632 ",023403,,4,1,9,2700,0,2,S,,2,700,"CASTROVILLE BOULEVARD","LOS NINOS PLACE",0.00,,Y,A,-,N,,,,,,,,,,Y,2,0,2,2,A,-,09,21802,A,N,D,C,A,A,H,-,D,A,0,,,,,Y,,A,01,1,1,0,0,0,0,0,0,0,"- ","- ",36.786491394042969,-121.73110198974609,MONTEREY,UNINCORPORATED,-121.73110961914062,36.786518096923828
92235541,2023,2023-11-14,9730,2023-11-05,"400 ",020896,,7,3,9,2700,0,3,5,,2,006,"COOPER RD","NASHUA RD",2640.00,E,N,E,-,N,,,,,,,,,,Y,2,0,1,1,A,-,03,22350,,N,E,I,A,B,H,-,D,D,0,,,,,Y,,A,01,1,0,0,0,0,0,0,0,0,"- ","- ",36.707431793212891,-121.73130035400391,MONTEREY,UNINCORPORATED,-121.73496246337891,36.693630218505859
92235566,2023,2023-11-14,9730,2023-11-05,1804,022442,,7,2,9,2700,0,1,2,,1,030,"OLD STAGE RD","IVERSON RD",8712.00,S,N,A,-,N,,,,,,,,,,Y,2,0,1,1,A,-,05,21460,A,N,E,I,A,A,H,-,D,D,0,,,,,Y,,A,07,1,0,0,0,0,0,0,0,0,"- ","- ",36.536811828613281,-121.462646484375,MONTEREY,UNINCORPORATED,-121.46289825439453,36.536708831787109
92239316,2023,2023-11-17,9730,2023-11-12,"231 ",022197,,7,3,9,2700,0,1,3,,1,072,SR-156,"US-101 SB",0.00,,Y,B,-,Y,MON,,101," "," ",95.386,H,,L,Y,2,0,1,2,A,-,03,22350,,N,E,I,A,A,H,-,C,A,0,,,,,Y,,A,01,1,0,0,0,0,0,0,0,0,"- ","- ",36.788780212402344,-121.66774749755859,MONTEREY,UNINCORPORATED,-121.66781616210938,36.788787841796875
92240373,2023,2023-12-14,9730,2023-11-07,2244,022061,,2,3,9,2700,0,1,2,,1,050,"SB US-101","SANBORN ROAD",248.00,S,N,A,-,Y,MON,,101," "," ",86.073,H,,R,Y,2,0,4,2,A,-,05,21651,B,N,A,C,A,A,H,-,D,D,0,,,,,Y,,A,01,2,2,0,0,0,0,0,0,0,"- ","- ",36.666088104248047,-121.62740325927734,MONTEREY,UNINCORPORATED,-121.62723541259766,36.666286468505859
92258452,2023,2023-12-11,9730,2023-12-01,"743 ",020899,,5,1,9,2700,0,3,5,,2,006,"IMJIN PARKWAY","SR-1 N/B FROM IMJIN PKWY. (ON-RAMP)",0.00,,Y,A,-,Y,,,,,,,,,,N,2,0,1,2,A,-,06,21755,A,N,D,C,A,A,H,-,A,D,0,,,Y,,Y,,C,02,1,0,0,0,0,0,0,0,1,"- ","- ",36.669399261474609,-121.81247711181641,MONTEREY,UNINCORPORATED,-121.79137420654297,36.6617431640625
92261499,2023,2024-01-03,9730,2023-12-06,1610,019239,,3,2,9,2700,0,3,5,,2,006,"DAVIS RD","HITCHCOCK RD",0.00,,Y,C,-,N,,,,,,,,,,Y,1,1,1,2,A,-,09,21801,A,N,A,C,A,B,H,-,A,D,0,,,,,Y,,A,01,0,1,0,0,0,0,0,0,0,"- ","- ",36.658790588378906,-121.69190216064453,MONTEREY,UNINCORPORATED,-121.69200897216797,36.658710479736328
92272269,2023,2023-12-27,9735,2023-10-21,2235,023000,,6,3,9,2700,0,1,3,,1,034,SR-198,"MAIN STREET",14731.00,E,N,A,-,Y,MON,,198," "," ",3.283,H,,R,Y,1,1,0,1,A,-,01,23152,A,N,F,A,A,A,H,-,D,D,0,,,,,Y,Y,D,22,0,0,0,0,0,0,0,0,0,"- ","- ",36.158519744873047,-120.98222351074219,MONTEREY,UNINCORPORATED,-120.98223114013672,36.158473968505859
92280635,2024,2024-01-05,9730,2024-01-01,"329 ",022500,,1,3,9,2700,0,1,2,,1,030,"US-101 SOUTHBOUND","MAIN STREET",1373.00,S,N,B,-,Y,MON,,101," "," ",76.709,H,,L,Y,2,0,2,2,A,-,01,23152,A,N,A,C,A,A,H,-,D,D,0,,,,,Y,Y,A,01,1,1,0,0,0,0,0,0,0,"- ","- ",36.566398620605469,-121.51499938964844,MONTEREY,UNINCORPORATED,-121.5150146484375,36.566390991210938
92282597,2023,2024-01-09,9735,2023-11-11,2106,022742,,6,2,9,2700,0,3,5,,2,001,"MESA VERDE ROAD","WILD HORSE ROAD",1848.00,N,N,A,-,N,,,,,,,,,,N,1,1,0,2,C,-,18,,,N,G,B,E,A,H,-,D,D,0,Y,,,,Y,,-,"- ",0,0,0,1,0,0,0,0,0,"- ","- ",36.190219879150391,-121.07858276367188,MONTEREY,UNINCORPORATED,-121.07788848876953,36.190029144287109
92288379,2023,2024-01-16,9730,2023-12-29,1558,023299,,5,2,9,2700,0,2,4,,1,073,"HALL ROAD","LAS LOMAS DRIVE",1478.00,E,N,B,-,N,,,,,,,,,,Y,2,0,4,3,A,-,08,22107,,N,A,C,A,A,H,-,A,D,0,,,,,Y,,A,07,2,1,1,0,0,0,0,0,0,"- ","- ",36.864170074462891,-121.72870635986328,MONTEREY,UNINCORPORATED,-121.72892761230469,36.8641357421875
92289268,2024,2024-01-17,9735,2024-01-06,2100,022970,,6,2,9,2700,0,3,5,,2,003,"CATTLEMEN ROAD",SR-198,2640.00,N,N,A,-,N,,,,,,,,,,Y,2,0,1,1,A,-,01,23152,A,N,E,I,A,A,H,-,C,D,0,,,,,Y,Y,A,01,1,0,0,0,0,0,0,0,0,"- ","- ",36.128849029541016,-121.02359771728516,MONTEREY,UNINCORPORATED,-121.02392578125,36.128971099853516
92289334,2023,2024-01-17,9730,2023-12-16,"728 ",018886,,6,1,9,2700,0,3,5,,2,005,"HARRISON ROAD","SALA ROAD",2430.00,S,N,A,-,N,,,,,,,,,,Y,2,0,1,2,A,-,08,22107,,F,B,E,A,A,H,-,A,D,0,,,,,Y,,A,07,1,0,0,0,0,0,0,0,0,"- ","- ",36.737529754638672,-121.65653991699219,MONTEREY,UNINCORPORATED,-121.65647125244141,36.737781524658203
92289338,2023,2024-01-17,9730,2023-10-13,"208 ",020970,,5,3,9,2700,0,1,3,,1,072,SR-156,"OAK HILLS DRIVE",1109.00,W,N,A,-,Y,MON,,156," "," ",2.790,H,,R,Y,1,1,2,2,A,-,05,21460,A,N,D,C,A,A,H,-,D,D,0,,,,,Y,,A,01,0,2,0,0,0,0,0,0,0,"- ","- ",36.778621673583984,-121.70807647705078,MONTEREY,UNINCORPORATED,-121.70806884765625,36.778598785400391
92296160,2023,2024-01-24,9730,2023-11-20,2009,017579,,1,2,9,2700,0,2,4,,2,063,"BLANCO ROAD","LA MESA WAY",465.00,E,N,A,-,N,,,,,,,,,,N,1,1,0,3,A,-,14,21201,D,N,C,G,A,A,H,-,D,D,0,,,Y,,Y,,O,05,0,0,0,0,0,0,0,1,0,"- ","- ",36.652290344238281,-121.6455078125,MONTEREY,UNINCORPORATED,-121.64554595947266,36.65228271484375
92301117,2024,2024-01-30,9735,2024-01-18,1130,016696,,4,1,9,2700,0,1,2,,1,040,"US-101 NORTHBOUND","ARROYO SECO ROAD",1056.00,S,N,A,-,Y,MON,,101," "," ",60.186,H,,R,Y,2,0,1,1,A,-,08,22107,,N,E,I,A,A,H,-,A,D,0,,,,,Y,,A,01,1,0,0,0,0,0,0,0,0,"- ","- ",36.400791168212891,-121.31472015380859,MONTEREY,UNINCORPORATED,-121.314697265625,36.400798797607422
92307243,2024,2024-02-14,9730,2024-01-22,"918 ",019315,,1,1,9,2700,0,1,2,,1,050,"US-101 (N/B)","SPENCE RD",0.00,,Y,C,-,Y,MON,,101," "," ",81.030,H,,R,Y,1,1,1,2,A,-,01,23152,A,N,D,C,A,B,H,-,A,D,0,,,,,Y,Y,A,01,0,1,0,0,0,0,0,0,0,"- ","- ",36.612869262695312,-121.56703186035156,MONTEREY,UNINCORPORATED,-121.56702423095703,36.612876892089844
92321984,2024,2024-02-23,9730,2024-01-26,"635 ",018302,,5,1,6,2708,0,1,2,,1,050,"UNITED STATES-101 (NORTHBOUND)","JOHN STREET OVERCROSSING",133.00,N,N,B,-,Y,MON,,101," "," ",86.840,H,,R,Y,1,1,0,1,A,-,08,22107,,N,E,I,A,A,H,-,D,D,0,,,,,Y,,A,01,0,0,0,0,0,0,0,0,0,"- ","- ",36.67108154296875,-121.63928985595703,MONTEREY,SALINAS,-121.63924407958984,36.671108245849609
92321985,2024,2024-02-23,9730,2024-02-02,2140,022500,,5,2,4,2706,0,1,3,,2,062,"STATE ROUTE 1 NORTHBOUND","SOLEDAD DRIVE",200.00,S,N,B,C,Y,MON,,1," ",R,75.978,H,,R,Y,1,1,0,1,A,-,08,22107,,N,E,I,A,B,H,-,D,D,0,,,,,Y,,A,01,0,0,0,0,0,0,0,0,0,"- ","- ",36.581729888916016,-121.90025329589844,MONTEREY,MONTEREY,-121.90027618408203,36.581809997558594
92323197,2024,2024-02-26,9730,2024-02-16,1219,020970,,5,1,9,2700,0,2,4,,1,073,"HALL ROAD","JOHNSON ROAD",1373.00,E,N,A,-,N,,,,,,,,,,Y,2,0,1,3,A,-,03,22350,,N,C,C,A,A,H,-,A,D,0,,,,,Y,,D,22,1,0,0,0,0,0,0,0,0,"- ","- ",36.860321044921875,-121.70256805419922,MONTEREY,UNINCORPORATED,-121.70272064208984,36.860286712646484
92330550,2024,2024-03-05,9730,2024-02-25,"310 ",023299,,7,3,9,2700,0,2,4,,2,063,"BLANCO ROAD","COOPER ROAD",1226.00,E,N,A,-,N,,,,,,,,,,Y,2,0,2,1,A,-,01,23152,A,N,F,8,A,A,H,-,D,D,0,,,,,Y,Y,A,01,1,1,0,0,0,0,0,0,0,"- ","- ",36.678741455078125,-121.73081207275391,MONTEREY,UNINCORPORATED,-121.7308349609375,36.678718566894531
92335876,2024,2024-03-12,9730,2024-03-02,1902,023299,,6,2,9,2700,0,3,5,,2,007,"ECHO VALLEY ROAD","MAHER ROAD",634.00,W,N,C,-,N,,,,,,,,,,Y,2,0,3,1,A,-,01,23152,A,F,E,I,A,B,F,-,D,D,0,,,,,Y,Y,A,01,2,0,1,0,0,0,0,0,0,"- ","- ",36.824180603027344,-121.66741180419922,MONTEREY,UNINCORPORATED,-121.66727447509766,36.824192047119141
92338197,2024,2024-03-14,9730,2024-03-07,1547,023216,,4,2,9,2700,0,2,4,,1,023,"CARMEL VALLEY RD","CACHAGUA RD",110.00,E,N,A,-,N,,,,,,,,,,N,2,0,2,3,A,-,01,23152,A,N,A,C,A,A,H,-,A,D,0,,,,,Y,Y,A,07,1,1,0,0,0,0,0,0,0,"- ","- ",36.446159362792969,-121.68129730224609,MONTEREY,UNINCORPORATED,-121.6812744140625,36.446140289306641