CASE_ID,ACCIDENT_YEAR,PROC_DATE,JURIS,COLLISION_DATE,COLLISION_TIME,OFFICER_ID,REPORTING_DISTRICT,DAY_OF_WEEK,CHP_SHIFT,POPULATION,CNTY_CITY_LOC,SPECIAL_COND,BEAT_TYPE,CHP_BEAT_TYPE,CITY_DIVISION_LAPD,CHP_BEAT_CLASS,BEAT_NUMBER,PRIMARY_RD,SECONDARY_RD,DISTANCE,DIRECTION,INTERSECTION,WEATHER_1,WEATHER_2,STATE_HWY_IND,CALTRANS_COUNTY,CALTRANS_DISTRICT,STATE_ROUTE,ROUTE_SUFFIX,POSTMILE_PREFIX,POSTMILE,LOCATION_TYPE,RAMP_INTERSECTION,SIDE_OF_HWY,TOW_AWAY,COLLISION_SEVERITY,NUMBER_KILLED,NUMBER_INJURED,PARTY_COUNT,PRIMARY_COLL_FACTOR,PCF_CODE_OF_VIOL,PCF_VIOL_CATEGORY,PCF_VIOLATION,PCF_VIOL_SUBSECTION,HIT_AND_RUN,TYPE_OF_COLLISION,MVIW,PED_ACTION,ROAD_SURFACE,ROAD_COND_1,ROAD_COND_2,LIGHTING,CONTROL_DEVICE,CHP_ROAD_TYPE,PEDESTRIAN_ACCIDENT,BICYCLE_ACCIDENT,MOTORCYCLE_ACCIDENT,TRUCK_ACCIDENT,NOT_PRIVATE_PROPERTY,ALCOHOL_INVOLVED,STWD_VEHTYPE_AT_FAULT,CHP_VEHTYPE_AT_FAULT,COUNT_SEVERE_INJ,COUNT_VISIBLE_INJ,COUNT_COMPLAINT_PAIN,COUNT_PED_KILLED,COUNT_PED_INJURED,COUNT_BICYCLIST_KILLED,COUNT_BICYCLIST_INJURED,COUNT_MC_KILLED,COUNT_MC_INJURED,PRIMARY_RAMP,SECONDARY_RAMP,LATITUDE,LONGITUDE,COUNTY,CITY,POINT_X,POINT_Y
9235676,2021,2021-03-12,2708,2021-01-31,2313,58583,2708,7,5,6,2708,0,0,0,,0,002,"ADAMS ST","WEST LAUREL DR",16.00,N,N,A,-,N,,,,,,,,,,N,2,0,1,2,A,-,00,21953,B,F,G,B,E,A,H,-,C,A,0,Y,,,,Y,,N,60,1,0,0,0,1,0,0,0,0,"- ","- ",,,MONTEREY,SALINAS,-121.66246795654297,36.698051452636719
92364686,2024,2024-04-15,9730,2024-03-01,2250,022092,,5,3,9,2700,0,1,2,,1,050,"US-101 S/B","BORONDA ROAD",2112.00,S,N,B,-,Y,MON,,101," ",R,90.568,H,,L,N,1,1,0,3,A,-,00,21960,A,F,G,B,E,B,H,-,C,D,0,Y,,,,Y,,N,60,0,0,0,1,0,0,0,0,0,"- ","- ",36.71575927734375,-121.66163635253906,MONTEREY,UNINCORPORATED,-121.66163635253906,36.71575927734375
92367051,2024,2024-04-17,9730,2024-02-02,1634,023317,,5,2,9,2700,0,3,5,,2,007,"MAHER RD","TAMARA LN",850.00,S,N,B,-,N,,,,,,,,,,Y,1,1,2,2,A,-,08,22107,,N,A,2,A,B,H,-,A,D,0,,,,,Y,,A,01,2,0,0,0,0,0,0,0,0,"- ","- ",36.838298797607422,-121.67182159423828,MONTEREY,UNINCORPORATED,-121.6717529296875,36.838188171386719
92380252,2024,2024-05-02,9730,2024-04-25,2022,023651,,4,2,2,2703,0,1,2,,1,030,"SOUTHBOUND US-101","FIFTH STREET",1240.00,N,N,B,-,Y,MON,,101," "," ",71.101,H,,L,Y,2,0,1,1,A,-,01,23152,A,N,F,A,A,A,H,-,D,D,0,,,,,Y,Y,A,07,1,0,0,0,0,0,0,0,0,"- ","- ",36.516311645507812,-121.43965911865234,MONTEREY,GONZALES,-121.43960571289062,36.516338348388672
92386101,2024,2024-05-09,9730,2024-05-01,1908,023678,,3,2,9,2700,0,3,5,,2,007,"JOHNSON ROAD","MCGINNIS RD",233.00,W,N,A,-,N,,,,,,,,,,Y,2,0,1,1,A,-,01,23152,A,N,E,I,A,A,H,-,A,D,0,,,,,Y,Y,D,22,1,0,0,0,0,0,0,0,0,"- ","- ",36.857440948486328,-121.70710754394531,MONTEREY,UNINCORPORATED,-121.70703125,36.857372283935547
92388622,2024,2024-05-13,9730,2024-03-01,"545 ",022061,,5,3,9,2700,0,2,4,,2,063,"BLANCO ROAD","COOPER ROAD",2640.00,W,N,C,-,N,,,,,,,,,,N,1,1,0,2,A,-,03,22350,,F,F,A,A,B,H,-,D,D,0,,,,,Y,,M,94,0,0,0,0,0,0,0,0,0,"- ","- ",36.677570343017578,-121.74652862548828,MONTEREY,UNINCORPORATED,-121.74399566650391,36.678363800048828
92398950,2024,2024-05-27,9735,2024-05-24,1457,022891,,5,2,9,2700,0,3,5,,2,004,"CATTLEMEN ROAD",SR-198,13517.00,S,N,A,-,N,,,,,,,,,,Y,2,0,1,1,A,-,08,22107,,N,E,I,A,A,H,-,A,D,0,,,,,Y,,A,01,1,0,0,0,0,0,0,0,0,"- ","- ",36.104011535644531,-120.97920227050781,MONTEREY,UNINCORPORATED,-120.98229217529297,36.104366302490234
92402249,2024,2024-05-30,9730,2024-05-22,1615,020584,,3,2,9,2700,0,3,5,,2,005,"SAN JUAN GRADE RD","STIRLING RD",0.00,,Y,A,-,N,,,,,,,,,,Y,2,0,2,2,A,-,01,23152,A,N,A,C,A,A,H,-,A,D,0,,,,,Y,Y,A,01,1,0,1,0,0,0,0,0,0,"- ","- ",36.7506103515625,-121.62345886230469,MONTEREY,UNINCORPORATED,-121.62349700927734,36.750583648681641
92404634,2024,2024-06-03,9730,2024-05-12,"555 ",019818,,7,3,9,2700,0,1,3,,1,022,SR-1,"VALLEY WAY",680.00,N,N,E,-,Y,MON,,1," "," ",74.228,H,,R,Y,1,1,0,1,A,-,03,22350,,N,E,8,A,A,C,-,B,D,0,,,Y,,Y,,C,02,0,0,0,0,0,0,0,1,0,"- ","- ",36.56201171875,-121.91175079345703,MONTEREY,UNINCORPORATED,-121.91168975830078,36.562000274658203
92419254,2024,2024-06-20,9730,2024-06-12,"330 ",021794,,3,3,9,2700,0,3,5,,2,003,"CACHAGUA ROAD","JAMESBURG ROAD",1584.00,S,N,A,-,N,,,,,,,,,,Y,2,0,1,1,A,-,01,23152,A,F,B,I,A,A,H,-,D,D,0,,,,,Y,Y,D,22,1,0,0,0,0,0,0,0,0,"- ","- ",36.390041351318359,-121.59819030761719,MONTEREY,UNINCORPORATED,,
92424339,2024,2024-06-26,9730,2024-04-14,2252,022500,,7,3,9,2700,0,1,3,,1,074,"STATE ROUTE 1","POTRERO ROAD",1320.00,S,N,B,-,Y,MON,,1," "," ",94.939,H,,R,N,1,1,0,2,A,-,11,21954,A,N,G,B,E,A,H,-,D,D,0,Y,,,,Y,,N,60,0,0,0,1,0,0,0,0,0,"- ","- ",36.787448883056641,-121.78221130371094,MONTEREY,UNINCORPORATED,-121.78215789794922,36.787464141845703
92425194,2024,2024-08-14,9730,2024-05-10,1640,021776,,5,2,9,2700,0,1,3,,1,068,"STATE ROUTE 68 EASTBOUND","SPRECKELS BOULEVARD UNDER-CROSSING",893.00,W,N,A,-,Y,MON,,68," ",R,17.901,H,,R,Y,1,2,0,3,A,-,08,22107,,N,E,8,A,A,H,-,A,D,0,,,,,Y,,A,07,0,0,0,0,0,0,0,0,0,"- ","- ",36.631130218505859,-121.67166137695312,MONTEREY,UNINCORPORATED,-121.67157745361328,36.631038665771484
92428613,2024,2024-07-02,9730,2024-04-01,2000,023678,,1,2,9,2700,0,1,2,,1,030,"NORTHBOUND UNITED STATES 101","SPENCE ROAD",0.00,,Y,A,-,Y,MON,,101," "," ",81.026,H,,R,Y,1,1,1,2,A,-,09,21801,A,N,D,C,A,A,H,-,D,D,0,,,,,Y,,A,01,0,1,0,0,0,0,0,0,0,"- ","- ",36.612831115722656,-121.56697845458984,MONTEREY,UNINCORPORATED,-121.56697082519531,36.612838745117188
92428682,2024,2024-07-02,9730,2024-03-10,"435 ",022137,,7,3,9,2700,0,1,2,,1,030,"US 101 SOUTHBOUND","MORSOLI RD",528.00,N,N,A,-,Y,MON,,101," "," ",63.290,H,,L,Y,1,1,1,1,A,-,01,23152,A,N,E,8,A,A,H,-,D,D,0,,,,,Y,Y,A,07,1,0,0,0,0,0,0,0,0,"- ","- ",36.436759948730469,-121.34493255615234,MONTEREY,UNINCORPORATED,-121.3448486328125,36.436874389648438
92430833,2024,2024-07-04,9730,2024-06-26,2225,022725,,3,3,9,2700,0,3,5,,2,006,"DAVIS ROAD","HITCHCOCK ROAD",30.00,S,N,A,-,N,,,,,,,,,,Y,2,0,1,1,A,-,01,23152,A,N,E,I,A,A,C,D,D,A,0,,,,,Y,Y,D,22,1,0,0,0,0,0,0,0,0,"- ","- ",36.658599853515625,-121.69207000732422,MONTEREY,UNINCORPORATED,-121.69206237792969,36.658641815185547
92430900,2024,2024-07-04,9730,2024-02-24,"450 ",022061,,6,3,9,2700,0,1,2,,1,050,"SOUTHBOUND UNITED STATES-101","LAUREL DRIVE",1056.00,N,N,A,-,Y,MON,,101," ",R,89.773,H,,L,Y,1,1,2,1,A,-,01,23152,A,N,E,I,A,A,H,-,D,D,0,,,,,Y,Y,A,01,2,0,0,0,0,0,0,0,0,"- ","- ",36.704910278320312,-121.66632080078125,MONTEREY,UNINCORPORATED,-121.66626739501953,36.704898834228516
92433809,2024,2024-07-09,9735,2024-07-06,1820,023497,,6,2,4,2706,0,3,5,,2,002,"JOLON RD","BRADELY/LOCKWOOD RD",2376.00,N,N,A,-,N,,,,,,,,,,Y,2,0,3,2,A,-,08,22107,,N,F,I,A,A,H,-,A,D,0,,,,,Y,,A,07,1,2,0,0,0,0,0,0,0,"- ","- ",35.911018371582031,-121.01956939697266,MONTEREY,MONTEREY,-121.07221984863281,35.936702728271484
92433920,2024,2024-07-09,9730,2024-06-30,2135,023678,,7,2,9,2700,0,2,4,,1,075,"SAN JUAN ROAD","ALLSION STREET",4752.00,E,N,A,-,N,,,,,,,,,,N,2,0,1,1,A,-,01,23152,A,N,E,I,A,A,H,-,D,D,0,,,,,Y,Y,D,22,1,0,0,0,0,0,0,0,0,"- ","- ",36.904010772705078,-121.720458984375,MONTEREY,UNINCORPORATED,-121.71994781494141,36.904067993164062
92435049,2024,2024-07-10,9730,2024-05-05,"239 ",023439,,7,3,9,2700,0,3,5,,2,003,"SAN BENANCIO ROAD","CORRAL DE TIERRA ROAD",1056.00,N,N,B,-,N,,,,,,,,,,Y,1,1,3,1,A,-,01,23152,A,N,F,8,A,B,H,-,D,D,0,,,,,Y,Y,D,22,1,0,2,0,0,0,0,0,0,"- ","- ",36.542911529541016,-121.66680908203125,MONTEREY,UNINCORPORATED,-121.66693115234375,36.542949676513672
9245612,2021,2021-04-05,2708,2021-02-09,2014,13133,SALIN,2,5,6,2708,0,0,0,,0,006,"RT 183","W LAKE",85.00,N,N,A,-,Y,MON,5,183,-,-,0.520,H,-,S,Y,2,0,1,2,A,-,11,21954,A,N,D,B,D,A,H,-,C,D,0,Y,,,,Y,Y,N,60,1,0,0,0,1,0,0,0,0,"- ","- ",,,MONTEREY,SALINAS,-121.65460205078125,36.679542541503906
9247284,2021,2021-04-13,2708,2021-01-23,1211,28606,,6,5,6,2708,0,0,0,,0,012,"TOWT ST","CORTEZ ST",200.00,S,N,A,-,N,,,,,,,,,,Y,2,0,2,2,A,-,05,21650,,N,A,C,A,A,H,-,A,A,0,,,,,Y,,A,01,1,1,0,0,0,0,0,0,0,"- ","- ",,,MONTEREY,SALINAS,-121.61038208007812,36.683567047119141
92481371,2024,2024-11-07,9730,2024-07-06,2303,023651,,6,3,9,2700,0,3,5,,2,007,"SALINAS ROAD","WERNER ROAD",1500.00,N,N,B,-,N,,,,,,,,,,Y,2,0,7,2,A,-,01,23152,A,N,A,C,A,A,H,-,D,D,0,,,,,Y,Y,A,07,5,2,0,0,0,0,0,0,0,"- ","- ",36.881431579589844,-121.74710083007812,MONTEREY,UNINCORPORATED,-121.74752807617188,36.880603790283203
9248283,2021,2021-04-14,2706,2021-03-12,1700,177,2706,5,5,4,2706,0,0,0,,0,002,"DEL MONTE AV","DEL MONTE AV 600 BLOCK",0.00,,-,A,-,N,,,,,,,,,,N,2,0,2,2,A,-,08,22100,,N,B,C,A,A,H,-,A,D,0,,,,,Y,,A,01,1,0,1,0,0,0,0,0,0,"- ","- ",,,MONTEREY,MONTEREY,-121.85903930664062,36.605869293212891
9250785,2021,2021-05-03,2708,2021-03-02,1838,06240,,2,5,6,2708,0,0,0,,0,011,"NORTH SANBORN RD","BUCKHORN DR",7.00,S,N,A,-,N,,,,,,,,,,N,2,0,1,2,A,-,03,22350,,N,G,B,B,-,H,-,C,D,0,Y,,,,Y,,A,01,1,0,0,0,1,0,0,0,0,"- ","- ",,,MONTEREY,SALINAS,-121.59852600097656,36.693187713623047
9267810,2021,2021-06-14,2708,2021-04-12,2137,75370,2705,1,5,6,2708,0,0,0,,0,004,"CONSTITUTION BL","INDEPENDENCE DR",15.00,N,N,A,-,N,,,,,,,,,,Y,2,0,1,2,A,-,03,22350,,F,C,C,A,A,H,-,C,A,0,,,,,Y,Y,A,01,1,0,0,0,0,0,0,0,0,"- ","- ",,,MONTEREY,SALINAS,-121.62142944335938,36.700412750244141
9271223,2021,2021-06-08,2708,2021-04-03,2126,25182,,6,5,6,2708,0,0,0,,0,011,"NORTH SANBORN RD","MONTANA ST",100.00,S,N,A,-,N,,,,,,,,,,N,2,0,1,2,A,-,11,21954,A,N,G,-,D,A,H,-,C,A,0,Y,,,,Y,,N,60,1,0,0,0,1,0,0,0,0,"- ","- ",,,MONTEREY,SALINAS,-121.61835479736328,36.684379577636719
9271229,2021,2021-06-08,2708,2021-04-20,2036,06240,,2,5,6,2708,0,0,0,,0,010,"EAST MARKET ST","HEBBRON AV",140.00,E,N,A,-,N,,,,,,,,,,Y,2,0,3,2,A,-,01,23152,B,N,A,C,A,B,H,-,C,A,0,,,,,Y,Y,-,,2,1,0,0,0,0,0,0,0,"- ","- ",,,MONTEREY,SALINAS,-121.63124847412109,36.676502227783203
9279501,2021,2021-06-11,2708,2021-03-21,0455,30424,SALIN,7,5,6,2708,0,0,0,,0,009,"SOUTH SANBORN RD","WORK AV",105.00,S,N,A,-,N,,,,,,,,,,Y,2,0,1,2,A,-,10,21950,A,N,G,B,D,A,H,-,C,A,0,Y,,,,Y,,A,01,1,0,0,0,1,0,0,0,0,"- ","- ",,,MONTEREY,SALINAS,-121.63006591796875,36.664051055908203
9279505,2021,2021-06-11,2708,2021-03-30,1120,79945,,2,5,6,2708,0,0,0,,0,004,"BEACON HILL DR","CHARLESTON WY",45.00,N,N,-,-,N,,,,,,,,,,N,2,0,1,2,A,-,"- ",,A,N,D,G,A,-,-,-,-,D,0,,Y,,,Y,,L,04,1,0,0,0,0,0,1,0,0,"- ","- ",,,MONTEREY,SALINAS,-121.61497497558594,36.699989318847656
9282465,2021,2021-07-07,2708,2021-04-10,1317,53150,,6,5,6,2708,0,0,0,,0,002,"NORTH MAIN ST","ALVIN DR",0.00,,Y,A,-,N,,,,,,,,,,N,2,0,1,2,A,-,03,22350,,N,C,G,A,A,H,-,A,A,0,,,Y,,Y,,C,02,1,0,0,0,0,0,0,0,1,"- ","- ",,,MONTEREY,SALINAS,-121.65367126464844,36.707866668701172
9282506,2021,2021-07-06,2708,2021-05-27,1713,30350,,4,5,6,2708,0,0,0,,0,010,"E ALISAL ST","N HEBBRON AV",0.00,,Y,A,-,N,,,,,,,,,,Y,2,0,1,2,A,-,01,23153,A,N,G,B,B,A,H,-,A,A,0,Y,,,,Y,Y,-,,1,0,0,0,1,0,0,0,0,"- ","- ",,,MONTEREY,SALINAS,-121.63224792480469,36.673381805419922
9292056,2021,2021-07-16,2703,2021-06-15,1207,4074,2703,2,5,2,2703,0,0,0,,0,ALL,"5TH ST","GABILAN CT",0.00,,Y,A,-,N,,,,,,,,,,N,2,0,3,4,A,-,10,21950,A,N,G,B,B,A,H,-,A,A,0,Y,,,,Y,,D,22,1,2,0,0,3,0,0,0,0,"- ","- ",,,MONTEREY,GONZALES,-121.43975830078125,36.511829376220703
9298661,2021,2021-10-09,2706,2021-08-01,1921,818,2706,7,5,4,2706,0,0,0,,0,001,"SCOTT ST","VAB BUREN ST",0.00,,Y,A,F,N,,,,,,,,,,N,2,0,1,2,A,-,11,21954,A,N,G,B,D,A,H,-,A,D,0,Y,,,,Y,,N,60,1,0,0,0,1,0,0,0,0,"- ","- ",,,MONTEREY,MONTEREY,-121.89643096923828,36.603397369384766
9299945,2021,2022-09-23,2701,2021-07-28,1004,216,2701,3,5,2,2701,0,0,0,,0,ALL,"6TH AV","JUNIPERO ST",27.00,E,N,A,-,N,,,,,,,,,,N,2,0,1,2,A,-,10,21950,A,N,H,B,B,A,H,-,A,D,0,Y,,,,Y,,-,,1,0,0,0,1,0,0,0,0,"- ","- ",,,MONTEREY,CARMEL,-121.91996765136719,36.555656433105469
9300515,2021,2021-08-10,2708,2021-06-28,1034,52823,,1,5,6,2708,0,0,0,,0,,"EAST BLANCO RD","LA MESA WY",260.00,E,N,A,-,N,,,,,,,,,,Y,2,0,3,2,A,-,08,22107,,N,A,C,A,A,H,-,A,D,0,,,,,Y,,A,01,3,0,0,0,0,0,0,0,0,"- ","- ",,,MONTEREY,SALINAS,-121.64621734619141,36.652439117431641
9301730,2021,2023-06-17,2708,2021-08-28,0129,16258,SALIN,6,5,6,2708,0,0,0,,0,010,"E ALISAL ST","N WOOD ST",93.00,E,N,A,-,N,,,,,,,,,,Y,1,1,0,2,A,-,01,23153,F,N,G,B,D,A,H,-,C,D,0,Y,,,,Y,Y,A,01,0,0,0,1,0,0,0,0,0,"- ","- ",,,MONTEREY,SALINAS,-121.63508605957031,36.673667907714844
9312513,2021,2021-09-15,2703,2021-07-25,1149,8849,2703,7,5,2,2703,0,0,0,,0,ALL,"HEROLD PKWY","HEREFORD DR",0.00,,Y,A,-,N,,,,,,,,,,Y,2,0,2,1,A,-,00,23103,A,N,E,I,A,A,H,-,A,D,0,,,,,Y,,A,01,2,0,0,0,0,0,0,0,0,"- ","- ",,,MONTEREY,GONZALES,-121.43083190917969,36.509830474853516
9320290,2020,2022-01-25,2708,2020-01-11,0055,58583,,6,5,6,2708,0,0,0,,0,001,"NORTH DAVIS RD","AUTO CENTER CIR",565.00,S,N,A,-,N,,,,,,,,,,Y,1,1,4,1,A,-,01,23152,A,N,E,I,A,A,H,-,C,D,0,,,,,Y,Y,A,07,2,1,1,0,0,0,0,0,0,"- ","- ",,,MONTEREY,SALINAS,-121.66644287109375,36.720638275146484
9321947,2021,2021-09-29,2708,2021-07-20,0951,73185,,2,5,6,2708,0,0,0,,0,006,"NORTH DAVIS RD","WESTRIDGE PKWY",350.00,S,N,A,-,N,,,,,,,,,,Y,2,0,1,2,A,-,08,22107,,N,A,G,A,A,H,-,A,D,0,,Y,,,Y,,L,04,1,0,0,0,0,0,1,0,0,"- ","- ",,,MONTEREY,SALINAS,-121.66696929931641,36.703037261962891
9324818,2021,2021-09-29,2708,2021-08-13,2140,50995,SALIN,5,5,6,2708,0,0,0,,0,004,"EAST LAUREL DR","CONSTITUTION BL",0.00,,Y,B,-,N,,,,,,,,,,Y,2,0,2,3,A,-,01,23153,A,N,C,C,A,A,H,-,C,A,0,,,,,Y,Y,A,08,2,0,0,0,0,0,0,0,0,EO,"- ",,,MONTEREY,SALINAS,-121.63233184814453,36.694511413574219
9337301,2021,2021-11-23,2704,2021-09-02,0105,4823,2704,4,5,3,2704,0,0,0,,0,001,"ELM AV","12TH ST",0.00,E,N,A,-,N,,,,,,,,,,Y,2,0,2,1,A,-,03,22350,,N,E,I,A,A,H,-,D,D,0,,,,,Y,,A,01,1,1,0,0,0,0,0,0,0,"- ","- ",,,MONTEREY,GREENFIELD,-121.24822235107422,36.313739776611328
9337726,2021,2021-10-23,2708,2021-07-09,1715,18925,,5,5,6,2708,0,0,0,,0,008,"EAST GABILAN ST","PAJARO ST",0.00,,Y,A,-,N,,,,,,,,,,N,2,0,1,2,A,-,17,21200,A,N,D,G,A,A,H,-,A,D,0,,Y,,,Y,,L,04,1,0,0,0,0,0,1,0,0,"- ","- ",,,MONTEREY,SALINAS,-121.65296173095703,36.675937652587891
9343375,2021,2021-10-11,2708,2021-08-24,1622,28606,,2,5,6,2708,0,0,0,,0,008,"E MARKET","SHERWOOD DR",229.00,E,N,A,-,N,,,,,,,,,,Y,2,0,2,2,A,-,07,21658,A,N,G,B,F,A,H,-,A,A,0,Y,,,,Y,,A,01,1,0,1,0,1,0,0,0,0,"- ","- ",,,MONTEREY,SALINAS,-121.64924621582031,36.678451538085938
9349223,2021,2021-11-29,2706,2021-10-01,1438,215,2706,5,5,4,2706,0,0,0,,0,003,"CASA VERDE WY","ENCINA AV",86.00,N,N,A,-,N,,,,,,,,,,N,2,0,1,2,A,-,17,22517,,F,H,G,A,A,H,-,A,D,0,,Y,,,Y,,A,07,1,0,0,0,0,0,1,0,0,"- ","- ",,,MONTEREY,MONTEREY,-121.86573028564453,36.600028991699219
9364834,2021,2021-12-08,2708,2021-09-04,2021,45935,MONTE,6,5,6,2708,0,0,0,,0,004,"BORONDA RD","HEMINGWAY DR",0.00,,Y,A,-,N,,,,,,,,,,Y,2,0,4,3,A,-,03,22350,,N,C,C,A,A,H,-,A,D,0,,,,,Y,,A,01,2,1,1,0,0,0,0,0,0,"- ","- ",,,MONTEREY,SALINAS,-121.60972595214844,36.712234497070312
9364835,2021,2021-12-07,2708,2021-09-21,0134,75370,"S PD",2,5,6,2708,0,0,0,,0,004,"EAST BORONDA RD","HEMINGWAY DR",0.00,,Y,A,-,N,,,,,,,,,,Y,2,0,2,2,A,-,12,22450,A,F,D,C,A,A,H,-,E,A,0,,,,,Y,,A,01,1,1,0,0,0,0,0,0,0,"- ","- ",,,MONTEREY,SALINAS,-121.60972595214844,36.712234497070312
9367199,2021,2021-12-03,2708,2021-09-01,0025,28603,2708,3,5,6,2708,0,0,0,,0,007,"SOUTH MAIN ST","ROMIE LN",0.00,,Y,A,-,Y,MON,5,68,-,-,20.490,I,5,W,Y,2,0,1,2,A,-,12,21453,A,F,D,C,A,A,H,-,C,A,0,,,,,Y,,A,01,1,0,0,0,0,0,0,0,0,"- ","- ",,,MONTEREY,SALINAS,-121.65771484375,36.662868499755859
9369633,2021,2021-12-21,2708,2021-10-13,1900,87875,2708,3,5,6,2708,0,0,0,,0,005,"EAST LAUREL DR","GRANADA AV",0.00,,Y,A,-,N,,,,,,,,,,N,2,0,1,2,A,-,09,21801,A,N,D,C,A,A,H,-,C,D,0,,,,,Y,,-,,1,0,0,0,0,0,0,0,0,"- ","- ",,,MONTEREY,SALINAS,-121.64035034179688,36.696788787841797
9370187,2021,2022-08-08,2708,2021-09-10,2359,28603,,5,5,6,2708,0,0,0,,0,008,"FRONT ST","E ALISALS T",0.00,,Y,A,-,N,,,,,,,,,,N,2,0,2,3,A,-,11,21954,A,N,G,B,B,A,H,-,C,A,0,Y,,,,Y,Y,N,60,2,0,0,0,2,0,0,0,0,"- ","- ",,,MONTEREY,SALINAS,-121.64916229248047,36.674640655517578
9370210,2021,2021-12-23,2708,2021-10-16,1941,25182,,6,5,6,2708,0,0,0,,0,011,"KILBRETH AV","DEL MONTE AV",475.00,N,N,A,-,N,,,,,,,,,,N,2,0,2,3,A,-,11,21954,A,F,G,B,E,A,H,-,C,D,0,Y,,,,Y,Y,N,60,1,1,0,0,2,0,0,0,0,"- ","- ",,,MONTEREY,SALINAS,-121.60916137695312,36.689033508300781
9370211,2021,2021-12-23,2708,2021-10-08,0518,53532,,5,5,6,2708,0,0,0,,0,010,"E ALISAL ST","S FILICE ST",108.00,W,N,A,-,N,,,,,,,,,,N,2,0,1,2,A,-,11,21954,A,N,G,B,D,A,H,-,C,D,0,Y,,,,Y,Y,N,60,1,0,0,0,1,0,0,0,0,"- ","- ",,,MONTEREY,SALINAS,-121.63074493408203,36.673225402832031
93768093,2024,2024-08-07,9730,2024-07-31,1530,023651,,3,2,9,2700,0,3,5,,2,007,"MAHER ROAD","MAHER COURT",898.00,N,N,A,-,N,,,,,,,,,,Y,2,0,2,2,A,-,05,21460,,N,A,C,A,A,H,-,A,D,0,,,,,Y,,A,01,1,1,0,0,0,0,0,0,0,"- ","- ",36.836170196533203,-121.66963958740234,MONTEREY,UNINCORPORATED,-121.66972351074219,36.836090087890625
9378031,2021,2022-01-24,2708,2021-11-26,1851,74137,SALIN,5,5,6,2708,0,0,0,,0,008,"SALINAS ST","W GABILAN ST",0.00,,Y,A,-,N,,,,,,,,,,Y,2,0,1,2,A,-,12,21453,A,N,D,C,A,A,H,-,C,A,0,,,,,Y,,D,22,1,0,0,0,0,0,0,0,0,"- ","- ",,,MONTEREY,SALINAS,-121.65642547607422,36.675460815429688
9379120,2021,2022-01-06,2708,2021-10-17,2211,73315,,7,5,6,2708,0,0,0,,0,007,"SOUTH MAIN ST","OAK ST",86.00,S,N,C,-,Y,MON,5,68,-,-,20.660,H,-,W,Y,2,0,2,1,A,-,00,23103,A,N,E,I,A,B,H,-,C,A,0,,,,,Y,,A,01,1,1,0,0,0,0,0,0,0,"- ","- ",,,MONTEREY,SALINAS,-121.65685272216797,36.665248870849609
9379121,2021,2022-01-06,2708,2021-11-01,0648,34273,,1,5,6,2708,0,0,0,,0,007,"RT 183","CLARK ST",110.00,W,N,A,-,Y,MON,5,183,-,-,1.710,H,-,N,N,2,0,1,2,A,-,11,21954,A,N,G,B,D,A,H,-,D,D,0,Y,,,,Y,,N,60,1,0,0,0,1,0,0,0,0,"- ","- ",,,MONTEREY,SALINAS,-121.67124938964844,36.683433532714844
9379388,2022,2022-01-21,2706,2022-01-03,0717,395,2706,1,5,4,2706,0,0,0,,0,003,"RT 68","RT 68 1526",34.00,E,N,B,-,Y,MON,5,68,-,-,5.340,H,-,W,Y,2,0,3,2,A,-,05,21460,A,N,A,C,A,A,H,-,A,D,0,,,,,Y,,A,01,1,1,1,0,0,0,0,0,0,"- ","- ",,,MONTEREY,MONTEREY,-121.85420227050781,36.583446502685547
9379990,2021,2022-02-17,2708,2021-12-24,0102,54215,,5,5,6,2708,0,0,0,,0,005,"RT 101","MAIN ST",40.00,W,N,B,-,Y,MON,5,101,-,R,88.460,R,2,N,Y,2,0,1,1,A,-,03,22350,,N,E,I,A,B,H,-,C,D,0,,,,,Y,,A,01,1,0,0,0,0,0,0,0,0,NO,"- ",,,MONTEREY,SALINAS,-121.65557098388672,36.688861846923828
9386603,2021,2022-01-06,2708,2021-11-05,0808,07903,EAST,5,5,6,2708,0,0,0,,0,011,"BUCKHORN DR","NORTH SANBORN DR",0.00,,Y,A,-,N,,,,,,,,,,,2,0,1,2,A,-,05,21650,1,N,A,G,A,A,H,-,A,D,0,,Y,,,Y,,L,04,1,0,0,0,0,0,1,0,0,"- ","- ",,,MONTEREY,SALINAS,-121.5985107421875,36.693199157714844
9386975,2021,2022-01-11,2708,2021-10-24,1653,85065,2708,7,5,6,2708,0,0,0,,0,012,"EAST LAUREL DR","TOWT DR",640.00,W,N,B,-,N,,,,,,,,,,N,2,0,1,2,A,-,09,21804,A,N,-,C,A,A,H,-,A,D,0,,,Y,,Y,,A,01,1,0,0,0,0,0,0,0,1,"- ","- ",,,MONTEREY,SALINAS,-121.61891937255859,36.680641174316406
94029907,2024,2024-08-12,9730,2024-07-28,1850,022092,,7,2,9,2700,0,3,5,,2,004,"GLORIA ROAD","CAMPHORA GLORIA ROAD",9504.00,E,N,A,-,N,,,,,,,,,,Y,2,0,4,1,A,-,08,22107,,N,F,A,A,A,H,-,A,D,0,,,,,Y,,A,07,1,3,0,0,0,0,0,0,0,"- ","- ",36.519859313964844,-121.33453369140625,MONTEREY,UNINCORPORATED,-121.33757019042969,36.518291473388672