CASE_ID,ACCIDENT_YEAR,PROC_DATE,JURIS,COLLISION_DATE,COLLISION_TIME,OFFICER_ID,REPORTING_DISTRICT,DAY_OF_WEEK,CHP_SHIFT,POPULATION,CNTY_CITY_LOC,SPECIAL_COND,BEAT_TYPE,CHP_BEAT_TYPE,CITY_DIVISION_LAPD,CHP_BEAT_CLASS,BEAT_NUMBER,PRIMARY_RD,SECONDARY_RD,DISTANCE,DIRECTION,INTERSECTION,WEATHER_1,WEATHER_2,STATE_HWY_IND,CALTRANS_COUNTY,CALTRANS_DISTRICT,STATE_ROUTE,ROUTE_SUFFIX,POSTMILE_PREFIX,POSTMILE,LOCATION_TYPE,RAMP_INTERSECTION,SIDE_OF_HWY,TOW_AWAY,COLLISION_SEVERITY,NUMBER_KILLED,NUMBER_INJURED,PARTY_COUNT,PRIMARY_COLL_FACTOR,PCF_CODE_OF_VIOL,PCF_VIOL_CATEGORY,PCF_VIOLATION,PCF_VIOL_SUBSECTION,HIT_AND_RUN,TYPE_OF_COLLISION,MVIW,PED_ACTION,ROAD_SURFACE,ROAD_COND_1,ROAD_COND_2,LIGHTING,CONTROL_DEVICE,CHP_ROAD_TYPE,PEDESTRIAN_ACCIDENT,BICYCLE_ACCIDENT,MOTORCYCLE_ACCIDENT,TRUCK_ACCIDENT,NOT_PRIVATE_PROPERTY,ALCOHOL_INVOLVED,STWD_VEHTYPE_AT_FAULT,CHP_VEHTYPE_AT_FAULT,COUNT_SEVERE_INJ,COUNT_VISIBLE_INJ,COUNT_COMPLAINT_PAIN,COUNT_PED_KILLED,COUNT_PED_INJURED,COUNT_BICYCLIST_KILLED,COUNT_BICYCLIST_INJURED,COUNT_MC_KILLED,COUNT_MC_INJURED,PRIMARY_RAMP,SECONDARY_RAMP,LATITUDE,LONGITUDE,COUNTY,CITY,POINT_X,POINT_Y
9405198,2021,2022-02-15,2708,2021-11-18,1930,87875,2708,4,5,6,2708,0,0,0,,0,010,"JOHN ST","S WOOD ST",0.00,,Y,A,-,N,,,,,,,,,,Y,2,0,1,2,A,-,12,22450,,F,D,C,A,A,H,-,C,A,0,,,,,Y,,A,07,1,0,0,0,0,0,0,0,0,"- ","- ",,,MONTEREY,SALINAS,-121.63593292236328,36.670375823974609
9405567,2021,2022-02-18,2708,2021-12-11,1128,77537,SALIN,6,5,6,2708,0,0,0,,0,006,"LARKIN ST","STOKES WY",9.00,E,N,A,-,N,,,,,,,,,,Y,2,0,1,2,A,-,09,21800,B,F,A,G,A,A,H,-,A,A,0,,Y,,,Y,,A,01,1,0,0,0,0,0,1,0,0,"- ","- ",,,MONTEREY,SALINAS,-121.66664123535156,36.693241119384766
9405570,2021,2022-02-11,2708,2021-12-28,2328,34273,,2,5,6,2708,0,0,0,,0,009,"EAST BLANCO RD","LA MESA WY",1450.00,E,N,C,-,N,,,,,,,,,,Y,2,0,2,2,A,-,01,23152,,N,A,C,A,B,H,-,C,D,0,,,,,Y,Y,A,01,1,1,0,0,0,0,0,0,0,"- ","- ",,,MONTEREY,SALINAS,-121.64228820800781,36.651660919189453
9406361,2021,2022-02-17,2708,2021-09-13,1931,71633,SALIN,1,5,6,2708,0,0,0,,0,006,"NORTH DAVIS RD","LARKIN ST",0.00,,Y,A,-,N,,,,,,,,,,Y,2,0,3,2,A,-,08,22101,D,N,A,C,A,A,H,-,C,A,0,,,,,Y,,-,,1,1,1,0,0,0,0,0,0,"- ","- ",,,MONTEREY,SALINAS,-121.66839599609375,36.693737030029297
94095734,2024,2024-08-12,9730,2024-08-07,"150 ",023216,,3,3,9,2700,0,1,2,,1,030,"US-101 N/B","ESPERANZA RD",663.00,S,N,A,-,Y,MON,,101," "," ",78.697,H,,R,N,2,0,1,1,A,-,01,23152,A,N,E,I,A,A,H,-,D,D,0,,,,,Y,Y,A,07,1,0,0,0,0,0,0,0,0,"- ","- ",36.588310241699219,-121.53803253173828,MONTEREY,UNINCORPORATED,-121.53791809082031,36.588386535644531
9417611,2022,2022-04-27,2706,2022-03-25,1417,142,2706,5,5,4,2706,0,0,0,,0,002,SOLEDAD,"SOLEDAD DR",0.00,,Y,A,-,N,,,,,,,,,,Y,2,0,2,2,A,-,08,22107,,N,F,C,A,A,H,-,A,D,0,,,,,Y,,A,01,1,1,0,0,0,0,0,0,0,"- ","- ",,,MONTEREY,MONTEREY,-121.90792846679688,36.585899353027344
9417940,2021,2022-03-04,2708,2021-11-20,1845,74125,SALIN,6,5,6,2708,0,0,0,,0,009,"HARKINS RD","DAYTON ST",300.00,N,N,A,-,N,,,,,,,,,,Y,2,0,1,2,A,-,01,23152,A,N,D,C,A,A,H,-,C,D,0,,,,,Y,Y,-,,1,0,0,0,0,0,0,0,0,"- ","- ",,,MONTEREY,SALINAS,-121.63134002685547,36.649539947509766
9432391,2021,2022-07-26,2708,2021-06-16,1642,19943,,3,5,6,2708,0,0,0,,0,002,"WEST LAUREL DR","MONROE ST",50.00,E,N,B,-,N,,,,,,,,,,N,2,0,1,2,A,-,03,22350,,N,C,C,A,A,H,-,A,D,0,,,Y,,Y,,C,02,1,0,0,0,0,0,0,0,1,"- ","- ",,,MONTEREY,SALINAS,-121.66126251220703,36.698162078857422
9434381,2021,2022-04-12,2705,2021-05-15,1747,23716,2705,6,5,3,2705,0,0,0,,0,002,"PEARL ST","VANDERHURST AV",261.00,W,N,A,-,N,,,,,,,,,,N,2,0,1,2,A,-,01,23153,A,N,G,B,D,A,H,-,A,D,0,Y,,,,Y,Y,A,07,1,0,0,0,1,0,0,0,0,"- ","- ",,,MONTEREY,"KING CITY",-121.12697601318359,36.210033416748047
9435248,2022,2022-05-05,2706,2022-03-04,2010,530,MPD,5,5,4,2706,0,0,0,,0,003,"OLMSTED RD","GARDEN RD",50.00,W,N,B,-,N,,,,,,,,,,Y,2,0,1,1,A,-,03,22350,,M,A,-,A,A,H,-,C,D,0,,,,,Y,,A,01,1,0,0,0,0,0,0,0,0,"- ","- ",,,MONTEREY,MONTEREY,-121.84897613525391,36.58514404296875
94359970,2024,2024-08-19,9730,2024-07-28,"100 ",023067,,7,3,9,2700,0,3,5,,2,007,"CASTROVILLE BLVD","DOLAN RD",0.00,,Y,A,-,Y,,,,,,,,,,Y,2,0,1,1,A,-,01,23152,A,N,E,I,A,A,H,-,D,D,0,,,,,Y,Y,A,01,1,0,0,0,0,0,0,0,0,"- ","- ",36.796680450439453,-121.724609375,MONTEREY,UNINCORPORATED,-121.72463226318359,36.796607971191406
94382522,2024,2024-09-05,9730,2024-08-27,1700,023288,,2,2,9,2700,0,1,2,,1,070,"US-101 SOUTHBOUND","BLACKIE ROAD",60.00,N,N,A,-,Y,MON,,101," "," ",94.299,H,,L,N,2,0,1,2,C,-,18,,,N,G,B,E,A,H,-,A,D,0,Y,,,Y,Y,,-,"- ",1,0,0,0,1,0,0,0,0,"- ","- ",36.773139953613281,-121.66940307617188,MONTEREY,UNINCORPORATED,-121.66934967041016,36.773143768310547
94384012,2024,2024-09-06,9730,2024-08-30,1206,022317,,5,1,9,2700,0,3,5,,2,005,"RUSSELL ROAD","HARRISON ROAD",792.00,E,N,B,-,N,,,,,,,,,,N,2,0,1,1,A,-,08,22107,,N,E,I,A,A,H,-,A,D,0,,,,,Y,,D,23,1,0,0,0,0,0,0,0,0,"- ","- ",36.733501434326172,-121.65357208251953,MONTEREY,UNINCORPORATED,-121.65365600585938,36.733711242675781
94389627,2024,2024-09-11,9735,2024-09-06,"530 ",023199,,5,3,3,2705,0,1,2,,1,040,"US-101 NORTHBOUND","CANAL STREET",1450.00,S,N,A,-,Y,MON,,101," ",R,40.453,H,,R,N,2,0,3,1,A,-,08,22107,,N,E,I,A,A,H,-,D,D,0,,,,,Y,,A,07,1,2,0,0,0,0,0,0,0,"- ","- ",36.202808380126953,-121.12471771240234,MONTEREY,"KING CITY",-121.12473297119141,36.202743530273438
94392087,2024,2024-09-12,9730,2024-09-06,1320,018886,,5,1,9,2700,0,2,4,,1,075,"SAN JUAN ROAD","ALLISON STREET",3890.00,E,N,A,-,N,,,,,,,,,,Y,2,0,1,2,A,-,09,21804,A,N,C,C,A,A,H,-,A,D,0,,,,Y,Y,,M,46,1,0,0,0,0,0,0,0,0,"- ","- ",36.904140472412109,-121.72280883789062,MONTEREY,UNINCORPORATED,-121.72289276123047,36.904102325439453
94397453,2024,2024-09-17,9730,2024-07-13,1715,021165,,6,2,9,2700,0,1,3,,1,022,"STATE ROUTE 1","SOBERANES CANYON TRAILHEAD",34.00,S,N,B,-,Y,MON,,1," "," ",65.795,H,,R,N,1,1,0,2,A,-,11,21954,A,N,G,B,E,A,H,-,A,A,0,Y,,,,Y,,N,60,0,0,0,1,0,0,0,0,0,"- ","- ",36.454319000244141,-121.924072265625,MONTEREY,UNINCORPORATED,-121.92406463623047,36.454319000244141
94397571,2024,2024-09-17,9730,2024-09-04,1805,020233,,3,2,9,2700,0,3,5,,2,003,"RIVER ROAD","CHUALAR RIVER",8976.00,S,N,A,-,N,,,,,,,,,,Y,2,0,1,1,A,-,08,22107,,N,F,A,A,A,H,-,A,D,0,,,,,Y,,A,01,1,0,0,0,0,0,0,0,0,"- ","- ",36.534191131591797,-121.53945922851562,MONTEREY,UNINCORPORATED,-121.54045867919922,36.534523010253906
94404275,2024,2024-09-23,9730,2024-08-24,"200 ",023646,,6,3,9,2700,0,2,4,,1,073,"SAN MIGUEL CANYON","HAMBEY LN",65.00,S,N,B,-,N,,,,,,,,,,N,2,0,1,1,A,-,01,23152,A,N,E,I,A,A,H,-,D,D,0,,,,,Y,Y,A,01,1,0,0,0,0,0,0,0,0,"- ","- ",36.837600708007812,-121.68369293212891,MONTEREY,UNINCORPORATED,-121.68386840820312,36.838157653808594
94415180,2024,2024-10-01,9730,2024-06-22,"230 ",022092,,6,3,9,2700,0,2,4,,1,023,"CARMEL VALLEY ROAD","KLONDIKE CANYON ROAD",337.00,E,N,A,-,N,,,,,,,,,,Y,1,1,0,1,A,-,08,22107,,N,F,8,A,A,H,-,D,D,0,,,,,Y,,-,"- ",0,0,0,0,0,0,0,0,0,"- ","- ",36.469329833984375,-121.71353149414062,MONTEREY,UNINCORPORATED,-121.71352386474609,36.469661712646484
94422795,2024,2024-10-08,9730,2024-09-22,2235,023829,,7,3,9,2700,0,1,3,,1,074,SR-1,"STRUVE ROAD",488.00,S,N,E,-,Y,MON,,1," "," ",98.212,H,,R,Y,2,0,1,2,A,-,08,22107,,N,A,D,A,A,H,-,D,D,0,,,,Y,Y,,A,01,1,0,0,0,0,0,0,0,0,"- ","- ",36.829158782958984,-121.77192687988281,MONTEREY,UNINCORPORATED,-121.77189636230469,36.829143524169922
94447925,2024,2024-10-28,9730,2024-10-20,"115 ",021358,,7,3,9,2700,0,1,2,,1,070,"US-101 SOUTHBOUND TO BORONDA ROAD","BORONDA ROAD",400.00,N,N,A,-,Y,,,,,,,,,,Y,2,0,1,1,A,-,01,23152,A,N,E,8,A,A,H,-,C,D,0,,,,,Y,Y,A,07,1,0,0,0,0,0,0,0,0,"- ","- ",36.724601745605469,-121.65989685058594,MONTEREY,UNINCORPORATED,-121.65967559814453,36.723094940185547
94463533,2024,2024-12-19,9735,2024-10-16,2010,021431,,3,2,9,2700,0,1,2,,1,040,"US-101 NORTHBOUND","EL CAMINO REAL / THORNE ROAD",40.00,S,N,A,-,Y,MON,,101," "," ",54.779,H,,R,Y,1,1,0,1,A,-,08,22107,,N,E,I,A,A,H,-,D,D,0,,,,,Y,,A,01,0,0,0,0,0,0,0,0,0,"- ","- ",36.339439392089844,-121.25473785400391,MONTEREY,UNINCORPORATED,-121.25479125976562,36.339405059814453
94467760,2024,2024-11-13,9730,2024-07-20,1306,023772,,6,1,9,2700,0,1,2,,1,050,"SOUTHBOUND US-101","LAUREL DRIVE OVERCROSSING",2386.00,S,N,A,-,Y,MON,,101," ",R,88.813,H,,R,Y,1,1,2,6,A,-,01,23152,A,N,G,B,E,A,H,-,A,D,0,Y,,,,Y,Y,A,01,1,1,0,1,1,0,0,0,0,"- ","- ",36.692180633544922,-121.66049957275391,MONTEREY,UNINCORPORATED,-121.66027069091797,36.692371368408203
94482676,2024,2024-11-25,9730,2024-10-05,2310,023829,,6,3,9,2700,0,3,5,,2,003,"SALINAS RIVERBED","GONZALES RIVER ROAD",12936.00,N,N,A,-,N,,,,,,,,,,N,1,1,2,1,A,-,01,23152,A,N,E,I,A,A,G,-,D,D,0,,,Y,,Y,Y,C,06,0,1,1,0,0,0,0,1,2,"- ","- ",36.514190673828125,-121.49777984619141,MONTEREY,UNINCORPORATED,,
94485660,2024,2024-11-27,9730,2024-11-04,1400,023584,,1,2,9,2700,0,3,5,,2,006,"MONTE ROAD","NEPONSET ROAD",2693.00,N,N,A,-,N,,,,,,,,,,Y,1,1,1,2,A,-,08,22107,,N,A,2,A,A,H,-,A,D,0,,,,Y,Y,,D,22,0,0,1,0,0,0,0,0,0,"- ","- ",36.731731414794922,-121.78228759765625,MONTEREY,UNINCORPORATED,-121.78419494628906,36.729827880859375
94486453,2024,2024-11-27,9730,2024-10-06,1700,023646,,7,2,9,2700,0,3,5,,2,006,"RESERVATION ROAD","EAST GARRISON ROAD",300.00,W,N,A,-,N,,,,,,,,,,N,1,1,1,2,A,-,01,23152,A,N,A,C,A,A,H,-,A,D,0,,,,,Y,Y,A,01,1,0,0,0,0,0,0,0,0,"- ","- ",36.655361175537109,-121.73030853271484,MONTEREY,UNINCORPORATED,-121.73365783691406,36.655979156494141
94488761,2024,2024-12-02,9730,2024-09-20,"411 ",022061,,5,3,9,2700,0,1,3,,1,074,SR-1,"STRUVE ROAD",2640.00,N,N,E,-,Y,MON,,1," "," ",97.761,H,,R,Y,1,1,1,2,A,-,11,21954,A,N,G,B,E,B,H,-,D,D,0,Y,,,,Y,Y,N,60,0,1,0,1,0,0,0,0,0,"- ","- ",36.824489593505859,-121.77754211425781,MONTEREY,UNINCORPORATED,-121.77754211425781,36.824497222900391
94506614,2024,2024-12-17,9730,2024-11-14,1747,023317,,4,2,9,2700,0,1,3,,1,068,SR-68,SR-1,528.00,E,N,A,-,Y,,,,,,,,,,Y,2,0,1,2,A,-,11,21954,A,N,G,B,D,A,H,-,C,D,0,Y,,,,Y,,N,60,1,0,0,0,1,0,0,0,0,"- ","- ",36.594928741455078,-121.87138366699219,MONTEREY,UNINCORPORATED,-121.91130065917969,36.573410034179688
94527446,2024,2025-01-06,9730,2024-12-23,1717,024127,,1,2,9,2700,0,1,2,,1,050,"US-101 N/B","NORTH MAIN STREET",420.00,N,N,A,-,Y,MON,,101," ",R,88.367,H,,R,N,2,0,1,2,A,-,03,22350,,N,C,C,A,A,H,-,D,D,0,,,,,Y,,D,22,1,0,0,0,0,0,0,0,0,"- ","- ",36.688079833984375,-121.65435028076172,MONTEREY,UNINCORPORATED,-121.65437316894531,36.688053131103516
94536236,2024,2025-01-13,9730,2024-12-13,1737,022976,,5,2,9,2700,0,3,5,,2,007,"CASTROVILLE BLVD",SR-156,739.00,N,N,A,-,N,,,,,,,,,,N,2,0,1,2,A,-,10,21950,,N,G,B,C,A,H,-,C,A,0,Y,,,,Y,,A,07,1,0,0,0,1,0,0,0,0,"- ","- ",36.770511627197266,-121.74337768554688,MONTEREY,UNINCORPORATED,-121.74343872070312,36.770374298095703
94536856,2024,2025-01-14,9730,2024-12-31,1326,024148,,2,1,9,2700,0,1,3,,1,022,"SR-68 HOLMAN HIGHWAY","SENIC DRIVE O/C",1575.00,N,N,A,-,Y,MON,,68," "," ",2.715,H,,R,Y,2,0,3,2,C,-,18,,,N,A,C,A,A,H,-,A,D,0,,,,,Y,,-,"- ",1,1,1,0,0,0,0,0,0,"- ","- ",36.593330383300781,-121.92153930664062,MONTEREY,UNINCORPORATED,-121.92154693603516,36.593330383300781
94539047,2025,2025-01-15,9730,2025-01-01,1632,023317,,3,2,9,2700,0,3,5,,2,002,"OLMSTED RD","VIA MALPASO",50.00,N,N,A,-,N,,,,,,,,,,N,2,0,1,2,A,-,03,22350,,N,F,A,A,A,H,-,A,D,0,,,Y,,Y,,C,02,1,0,0,0,0,0,0,0,1,"- ","- ",36.579280853271484,-121.84989929199219,MONTEREY,UNINCORPORATED,-121.84983062744141,36.579257965087891
94540298,2025,2025-01-16,9730,2025-01-08,1000,020584,,3,1,9,2700,0,3,5,,2,006,"ESPINOSA RD.","RODGERS RD.",10.00,E,N,A,-,N,,,,,,,,,,Y,2,0,2,2,A,-,03,22350,,N,C,C,A,A,H,-,A,A,0,,,Y,,Y,,C,02,1,0,1,0,0,0,0,0,1,"- ","- ",36.744308471679688,-121.69132232666016,MONTEREY,UNINCORPORATED,-121.69136047363281,36.744289398193359
94544219,2025,2025-01-21,9730,2025-01-10,1514,024061,,5,2,6,2708,0,1,2,,1,050,"ABBOTT STREET","HARRIS ROAD",8712.00,S,N,A,-,N,,,,,,,,,,Y,2,0,1,1,A,-,01,23152,A,N,E,9,A,A,H,-,A,D,0,,,,,Y,Y,D,22,1,0,0,0,0,0,0,0,0,"- ","- ",36.62786865234375,-121.58989715576172,MONTEREY,SALINAS,-121.59028625488281,36.628398895263672
94550173,2025,2025-01-27,9730,2025-01-12,1104,024061,,7,1,9,2700,0,1,3,,1,066,SR-183,"SAN JON ROAD",1487.00,N,N,A,-,N,,,,,,,,,,Y,2,0,3,3,A,-,08,22107,,N,A,C,A,A,H,-,A,D,0,,,,,Y,,A,01,2,1,0,0,0,0,0,0,0,"- ","- ",36.706829071044922,-121.71064758300781,MONTEREY,UNINCORPORATED,-121.71044921875,36.706638336181641
94553120,2025,2025-01-28,9730,2025-01-20,1800,020701,,1,2,6,2708,0,2,4,,2,063,"BLANCO ROAD","LA MESA WAY",420.00,E,N,A,-,N,,,,,,,,,,N,2,0,1,2,A,-,02,22400,A,N,D,G,A,A,H,-,D,D,0,,Y,,,Y,,L,04,1,0,0,0,0,0,1,0,0,"- ","- ",36.652309417724609,-121.6456298828125,MONTEREY,SALINAS,-121.64569854736328,36.652317047119141
94584199,2025,2025-02-19,9730,2025-02-11,1335,020584,,2,1,9,2700,0,1,2,,1,070,"US-101 N/B","BEATRICE DR.",300.00,N,N,B,-,Y,MON,,101," "," ",97.445,H,,R,Y,2,0,1,1,A,-,08,22107,,N,E,I,A,A,H,-,A,D,0,,,,Y,Y,,F,26,1,0,0,0,0,0,0,0,0,"- ","- ",36.809501647949219,-121.64512634277344,MONTEREY,UNINCORPORATED,-121.64514923095703,36.809513092041016
94587748,2025,2025-02-24,9730,2025-02-13,1908,022092,,4,2,9,2700,0,1,2,,1,070,"US-101 SB","BERTA CANYON ROAD",739.00,S,N,B,C,Y,MON,,101," "," ",95.171,H,,L,Y,2,0,2,3,A,-,03,22350,,N,C,C,A,B,H,-,D,D,0,,,,,Y,,A,07,1,0,1,0,0,0,0,0,0,"- ","- ",36.785659790039062,-121.66844177246094,MONTEREY,UNINCORPORATED,-121.66846466064453,36.785663604736328
94596125,2025,2025-03-04,9735,2025-02-28,1208,022891,,5,1,9,2700,0,1,2,,2,044,"US-101 NORTHBOUND","ALVARADO ROAD",11352.00,S,N,B,-,Y,MON,,101," ",R,13.162,H,,R,Y,2,0,1,1,A,-,08,22107,,N,E,I,A,A,H,-,A,D,0,,,,,Y,,-,"- ",1,0,0,0,0,0,0,0,0,"- ","- ",35.9173583984375,-120.85939025878906,MONTEREY,UNINCORPORATED,-120.85929870605469,35.917434692382812
94601434,2025,2025-03-18,9730,2025-02-15,1810,023884,,6,2,9,2700,0,2,4,,1,073,"CASTROVILLE BOULEVARD","ARCHER ROAD",1470.00,W,N,A,-,N,,,,,,,,,,Y,2,0,1,1,A,-,01,23152,A,N,E,I,A,A,H,-,D,D,0,,,,,Y,Y,A,07,1,0,0,0,0,0,0,0,0,"- ","- ",36.794879913330078,-121.70823669433594,MONTEREY,UNINCORPORATED,-121.70806121826172,36.794807434082031
94601753,2025,2025-03-18,9730,2025-03-02,"558 ",024087,,7,3,9,2700,0,1,2,,1,030,"US-101 N/B","OLD STAGE ROAD",1584.00,N,N,C,-,Y,MON,,101," "," ",72.962,H,,R,Y,2,0,2,1,A,-,01,23152,A,N,E,I,A,B,H,-,B,D,0,,,,,Y,Y,A,01,2,0,0,0,0,0,0,0,0,"- ","- ",36.526748657226562,-121.46913909912109,MONTEREY,UNINCORPORATED,-121.46924591064453,36.526668548583984
94603696,2024,2025-03-18,9730,2024-11-08,1009,023750,,5,1,9,2700,0,2,4,,2,063,"WEST BLANCO ROAD","RESEARCH DRIVE",20.00,E,N,A,-,N,,,,,,,,,,Y,1,1,1,2,A,-,08,22107,,N,C,E,A,A,H,-,A,D,0,,,,,Y,,A,01,1,0,0,0,0,0,0,0,0,"- ","- ",36.669551849365234,-121.75508117675781,MONTEREY,UNINCORPORATED,-121.75495147705078,36.669296264648438
94611218,2025,2025-03-19,9730,2025-02-08,1145,021358,,6,1,9,2700,0,1,3,,1,068,SR-68,"TORERO DR",1320.00,W,N,A,-,Y,MON,,68," "," ",14.437,H,,R,Y,2,0,3,3,A,-,00,1,,F,A,2,A,A,H,-,A,D,0,,,,,Y,,A,01,3,0,0,0,0,0,0,0,0,"- ","- ",36.591098785400391,-121.7076416015625,MONTEREY,UNINCORPORATED,-121.70765686035156,36.591114044189453
94612102,2025,2025-03-20,9730,2025-03-02,1150,020701,,7,1,3,2711,0,1,2,,1,030,"US-101 SOUTHBOUND","SR-146 OVERCROSSING",1150.00,S,N,C,-,Y,MON,,101," "," ",61.353,H,,L,Y,2,0,5,1,A,-,08,22107,,N,F,A,A,B,F,-,A,D,0,,,,,Y,,A,07,3,2,0,0,0,0,0,0,0,"- ","- ",36.416400909423828,-121.32186889648438,MONTEREY,SOLEDAD,-121.32178497314453,36.416427612304688
94643217,2025,2025-04-09,9735,2025-04-05,1210,024182,,6,1,9,2700,0,1,3,,2,052,"SR-25 SOUTHBOUND","MILE MARKER 18",845.00,N,N,A,-,Y,SBT,,25," "," ",19.565,H,,L,Y,2,0,1,1,A,-,03,22350,,N,F,A,A,A,H,-,A,D,0,,,Y,,Y,,C,02,1,0,0,0,0,0,0,0,1,"- ","- ",36.506278991699219,-121.1092529296875,MONTEREY,UNINCORPORATED,-121.10924530029297,36.506320953369141
94651479,2025,2025-04-16,9730,2025-04-05,1620,021358,,6,2,9,2700,0,2,4,,1,023,"CARMEL VALLEY ROAD","DRIVEWAY OF 8940 CARMEL VALLEY ROAD",0.00,,Y,A,-,N,,,,,,,,,,Y,2,0,6,2,A,-,09,21804,A,N,D,C,A,A,H,-,A,D,0,,,,,Y,Y,A,08,2,4,0,0,0,0,0,0,0,"- ","- ",36.528629302978516,-121.81918334960938,MONTEREY,UNINCORPORATED,-121.80706024169922,36.522422790527344
94651731,2025,2025-04-16,9730,2025-04-06,2132,022500,,7,2,4,2710,0,1,3,,2,062,"SR-1 NORTHBOUND",SR-218,634.00,S,N,A,-,Y,MON,,1," ",R,79.222,H,,R,Y,2,0,1,2,A,-,05,21651,A,N,B,2,A,A,H,-,D,A,0,,,,,Y,,A,01,1,0,0,0,0,0,0,0,0,"- ","- ",36.608860015869141,-121.85959625244141,MONTEREY,SEASIDE,-121.85960388183594,36.608863830566406
94657213,2025,2025-04-21,9730,2025-04-12,"950 ",023678,,6,1,9,2700,0,3,5,,2,006,"ESPINOSA ROAD","RODGERS ROAD",7392.00,W,N,A,-,N,,,,,,,,,,Y,2,0,1,2,A,-,03,22350,,N,C,C,A,A,H,-,A,D,0,,,,,Y,,D,22,1,0,0,0,0,0,0,0,0,"- ","- ",36.748069763183594,-121.71556091308594,MONTEREY,UNINCORPORATED,-121.71576690673828,36.748058319091797
94657344,2025,2025-04-21,9730,2025-04-05,2206,023651,,6,3,9,2700,0,3,5,,2,006,"DAVIS ROAD",SR-183,1003.00,W,N,A,-,N,,,,,,,,,,Y,2,0,6,2,A,-,01,23152,A,N,A,C,A,A,H,-,C,D,0,,,,,Y,Y,A,01,4,2,0,0,0,0,0,0,0,"- ","- ",36.682010650634766,-121.67520904541016,MONTEREY,UNINCORPORATED,-121.67464447021484,36.684680938720703
94657440,2025,2025-04-21,9730,2025-01-28,"329 ",023750,,2,3,9,2700,0,3,5,,2,003,"ABBOTT STREET","HARRIS ROAD",5069.00,S,N,A,-,N,,,,,,,,,,N,1,1,0,2,A,-,11,21954,A,N,G,B,E,A,H,-,D,D,0,Y,,,,Y,,N,60,0,0,0,1,0,0,0,0,0,"- ","- ",36.635299682617188,-121.59909820556641,MONTEREY,UNINCORPORATED,-121.59908294677734,36.635387420654297
94658867,2024,2025-04-22,9730,2024-12-03,"327 ",022061,,2,3,9,2700,0,1,3,,2,062,"SOUTHBOUND STATE ROUTE-1","DEL MONTE BOULEVARD (MARINA)",2640.00,N,N,A,-,Y,MON,,1," ",R,84.999,H,,L,Y,1,1,0,1,A,-,01,23152,A,N,E,I,A,A,H,-,D,D,0,,,,,Y,Y,D,22,0,0,0,0,0,0,0,0,0,"- ","- ",36.675891876220703,-121.80863189697266,MONTEREY,UNINCORPORATED,-121.80867004394531,36.6759033203125
94668425,2025,2025-04-29,9730,2025-04-21,1636,023317,,1,2,9,2700,0,2,4,,1,023,"CARMEL VALLEY RD","COUNTRY RD",5280.00,E,N,A,-,N,,,,,,,,,,Y,2,0,1,1,A,-,08,22107,,N,E,8,A,A,H,-,A,D,0,,,,,Y,,A,01,1,0,0,0,0,0,0,0,0,"- ","- ",36.441890716552734,-121.65052032470703,MONTEREY,UNINCORPORATED,-121.64913177490234,36.442779541015625
94669094,2025,2025-04-29,9730,2025-04-14,"922 ",020916,,1,1,9,2700,0,1,2,,1,070,"US-101 NORTHBOUND","BLACKIE ROAD",335.00,S,N,A,-,Y,MON,,101," "," ",94.225,H,,R,Y,2,0,2,1,A,-,08,22107,,N,E,8,A,A,H,-,A,D,0,,,,,Y,,A,08,1,1,0,0,0,0,0,0,0,"- ","- ",36.771930694580078,-121.66911315917969,MONTEREY,UNINCORPORATED,-121.66909790039062,36.771930694580078
94685962,2025,2025-05-22,9730,2025-05-02,1442,024127,,5,2,9,2700,0,2,4,,1,075,"SAN JUAN ROAD","MURPHY HILL ROAD",0.00,,Y,A,-,N,,,,,,,,,,Y,1,1,3,2,A,-,09,21802,A,N,D,C,A,A,H,-,A,D,0,,,,,Y,,A,01,0,1,2,0,0,0,0,0,0,"- ","- ",36.896480560302734,-121.67613983154297,MONTEREY,UNINCORPORATED,,
94687388,2025,2025-05-14,9735,2025-05-07,"742 ",024169,,3,1,9,2700,0,3,5,,2,001,"THIRTEENTH ST","PINE AVE",0.00,,Y,A,-,N,,,,,,,,,,Y,2,0,1,2,A,-,12,22450,A,N,D,2,A,A,H,-,A,A,0,,,,,Y,,D,22,1,0,0,0,0,0,0,0,0,"- ","- ",36.324550628662109,-121.26833343505859,MONTEREY,UNINCORPORATED,-121.91594696044922,36.618038177490234