CASE_ID,ACCIDENT_YEAR,PROC_DATE,JURIS,COLLISION_DATE,COLLISION_TIME,OFFICER_ID,REPORTING_DISTRICT,DAY_OF_WEEK,CHP_SHIFT,POPULATION,CNTY_CITY_LOC,SPECIAL_COND,BEAT_TYPE,CHP_BEAT_TYPE,CITY_DIVISION_LAPD,CHP_BEAT_CLASS,BEAT_NUMBER,PRIMARY_RD,SECONDARY_RD,DISTANCE,DIRECTION,INTERSECTION,WEATHER_1,WEATHER_2,STATE_HWY_IND,CALTRANS_COUNTY,CALTRANS_DISTRICT,STATE_ROUTE,ROUTE_SUFFIX,POSTMILE_PREFIX,POSTMILE,LOCATION_TYPE,RAMP_INTERSECTION,SIDE_OF_HWY,TOW_AWAY,COLLISION_SEVERITY,NUMBER_KILLED,NUMBER_INJURED,PARTY_COUNT,PRIMARY_COLL_FACTOR,PCF_CODE_OF_VIOL,PCF_VIOL_CATEGORY,PCF_VIOLATION,PCF_VIOL_SUBSECTION,HIT_AND_RUN,TYPE_OF_COLLISION,MVIW,PED_ACTION,ROAD_SURFACE,ROAD_COND_1,ROAD_COND_2,LIGHTING,CONTROL_DEVICE,CHP_ROAD_TYPE,PEDESTRIAN_ACCIDENT,BICYCLE_ACCIDENT,MOTORCYCLE_ACCIDENT,TRUCK_ACCIDENT,NOT_PRIVATE_PROPERTY,ALCOHOL_INVOLVED,STWD_VEHTYPE_AT_FAULT,CHP_VEHTYPE_AT_FAULT,COUNT_SEVERE_INJ,COUNT_VISIBLE_INJ,COUNT_COMPLAINT_PAIN,COUNT_PED_KILLED,COUNT_PED_INJURED,COUNT_BICYCLIST_KILLED,COUNT_BICYCLIST_INJURED,COUNT_MC_KILLED,COUNT_MC_INJURED,PRIMARY_RAMP,SECONDARY_RAMP,LATITUDE,LONGITUDE,COUNTY,CITY,POINT_X,POINT_Y
94687463,2025,2025-05-14,9730,2025-05-04,2118,023439,,7,2,9,2700,0,3,5,,2,001,"PALO COLORADO ROAD","GARRAPATOS ROAD",5280.00,E,N,A,-,N,,,,,,,,,,N,2,0,1,1,A,-,03,22350,,N,E,9,A,A,H,-,D,D,0,,,Y,,Y,,C,02,1,0,0,0,0,0,0,0,1,"- ","- ",36.386428833007812,-121.87093353271484,MONTEREY,UNINCORPORATED,-121.86930084228516,36.386264801025391
94701838,2025,2025-06-26,9730,2025-05-12,1600,024414,,1,2,9,2700,0,3,5,,2,007,"MORO RD","SAN MIGUEL CANYON",1300.00,E,N,A,-,N,,,,,,,,,,Y,2,0,1,2,A,-,09,21804,A,N,D,C,A,A,H,-,A,D,0,,,Y,,Y,,-,"- ",1,0,0,0,0,0,0,0,1,"- ","- ",36.803478240966797,-121.66207885742188,MONTEREY,UNINCORPORATED,-121.66243743896484,36.803398132324219
94704146,2025,2025-05-28,9730,2025-05-17,"4   ",024087,,6,3,9,2700,0,1,3,,2,062,SR-1,"LIGHTFIGHTER DRIVE",1584.00,N,N,B,-,Y,MON,,1," ",R,83.208,H,,R,Y,2,0,1,1,A,-,08,22107,,N,E,I,A,A,H,-,D,D,0,,,,,Y,,-,"- ",1,0,0,0,0,0,0,0,0,"- ","- ",36.651851654052734,-121.81497955322266,MONTEREY,UNINCORPORATED,-121.81507110595703,36.651824951171875
94711514,2025,2025-06-03,9730,2025-05-23,1402,019127,,5,2,9,2700,0,3,5,,2,004,"OLD STAGE RD","IVERSON RD",8448.00,S,N,A,-,N,,,,,,,,,,Y,2,0,1,1,A,-,03,22350,,N,E,I,A,A,H,-,A,D,0,,,,,Y,,A,01,1,0,0,0,0,0,0,0,0,"- ","- ",36.536949157714844,-121.46269989013672,MONTEREY,UNINCORPORATED,-121.46295166015625,36.537338256835938
94713503,2025,2025-06-04,9730,2025-05-27,1155,023317,,2,1,9,2700,0,3,5,,2,006,"RESERVATION RD","PANZIERA RD",500.00,W,N,A,-,N,,,,,,,,,,Y,2,0,3,2,A,-,08,22107,,N,A,C,A,A,H,-,A,D,0,,,,,Y,,A,01,2,1,0,0,0,0,0,0,0,"- ","- ",36.654861450195312,-121.72930908203125,MONTEREY,UNINCORPORATED,-121.72776794433594,36.654560089111328
94713545,2025,2025-06-04,9730,2025-05-26,1250,023317,,1,1,9,2700,0,3,5,,2,003,"POPPY RD","LILAC LN",150.00,W,N,A,-,N,,,,,,,,,,N,2,0,1,1,A,-,03,22350,,N,F,A,A,A,H,-,A,D,0,,,Y,,Y,,C,03,1,0,0,0,0,0,0,0,1,"- ","- ",36.477268218994141,-121.72283172607422,MONTEREY,UNINCORPORATED,-121.72265625,36.477298736572266
94715967,2025,2025-06-06,9735,2025-06-02,1709,024377,,1,2,9,2700,0,3,5,,2,001,"CENTRAL AVENUE SOUTHBOUND","TEAGUE AVENUE",3696.00,S,N,A,-,N,,,,,,,,,,N,2,0,1,1,C,-,18,,,N,F,A,A,A,H,-,A,D,0,,Y,,,Y,,-,"- ",1,0,0,0,0,0,1,0,0,"- ","- ",36.244228363037109,-121.18914031982422,MONTEREY,UNINCORPORATED,-121.18921661376953,36.244293212890625
94727407,2025,2025-06-16,9730,2025-01-17,"530 ",022500,,5,3,9,2700,0,2,4,,1,073,"HALL ROAD","LAS LOMAS DRIVE",0.00,,Y,B,-,N,,,,,,,,,,N,1,1,0,2,C,-,18,,,N,G,B,E,A,H,-,C,A,0,Y,,,,Y,,-,"- ",0,0,0,1,0,0,0,0,0,"- ","- ",36.865261077880859,-121.73377990722656,MONTEREY,UNINCORPORATED,-121.73368072509766,36.865261077880859
9472814,2021,2022-07-21,2708,2021-09-01,2039,98751,SALIN,3,5,6,2708,0,0,0,,0,003,"E BURONDA RD","NATIVIDAD RD",0.00,W,N,A,-,N,,,,,,,,,,Y,2,0,2,1,A,-,07,21658,A,N,E,I,A,A,H,-,C,A,0,,,,,Y,,A,01,1,0,1,0,0,0,0,0,0,"- ","- ",,,MONTEREY,SALINAS,-121.62348937988281,36.715541839599609
94728785,2025,2025-06-17,9730,2025-01-17,"528 ",022500,,5,3,9,2700,0,2,4,,1,073,"HALL ROAD","LAS LOMAS DRIVE",0.00,,Y,B,-,N,,,,,,,,,,N,2,0,1,2,A,-,11,21954,A,N,G,B,D,A,H,-,C,A,0,Y,,,,Y,,N,60,1,0,0,0,1,0,0,0,0,"- ","- ",36.865261077880859,-121.73377990722656,MONTEREY,UNINCORPORATED,-121.73368072509766,36.865261077880859
94739736,2025,2025-06-25,9730,2025-06-15,"24  ",023610,,7,3,9,2700,0,2,4,,1,075,"SAN JUAN RD","SAN MIGUEL CANYON RD",5808.00,W,N,A,-,N,,,,,,,,,,Y,2,0,2,1,A,-,01,23152,A,F,E,I,A,A,H,-,D,D,0,,,,,Y,Y,A,01,2,0,0,0,0,0,0,0,0,"- ","- ",36.9039306640625,-121.70990753173828,MONTEREY,UNINCORPORATED,-121.70952606201172,36.903995513916016
94740955,2025,2025-06-26,9730,2025-06-18,2304,024087,,3,3,9,2700,0,1,3,,1,074,SR-1,"SALINAS ROAD O/C",85.00,N,N,B,-,Y,MON,,1," ",T,101.066,H,,L,Y,2,0,2,1,A,-,01,23152,A,N,E,I,A,A,H,-,C,D,0,,,,,Y,Y,A,01,2,0,0,0,0,0,0,0,0,"- ","- ",36.8702392578125,-121.77033996582031,MONTEREY,UNINCORPORATED,-121.77021026611328,36.870231628417969
94746294,2025,2025-07-02,9730,2025-06-21,1636,021358,,6,2,9,2700,0,1,3,,2,062,SR-1,"FREMONT STREET",120.00,S,N,A,-,Y,,,,,,,,,,N,2,0,1,1,A,-,03,22350,,N,F,0,A,A,H,-,A,D,0,,,Y,,Y,,C,02,1,0,0,0,0,0,0,0,1,"- ","- ",36.595069885253906,-121.86723327636719,MONTEREY,UNINCORPORATED,-121.84141540527344,36.623977661132812
9475059,2022,2022-10-26,2708,2022-01-04,1504,80368,SALIN,2,5,6,2708,0,0,0,,0,008,"E ALISAL ST","WORK ST",5.00,W,N,B,-,N,,,,,,,,,,N,2,0,1,2,A,-,10,21950,A,N,G,B,B,A,H,-,A,A,0,Y,,,,Y,,D,22,1,0,0,0,1,0,0,0,0,"- ","- ",,,MONTEREY,SALINAS,-121.64344787597656,36.674480438232422
94753460,2025,2025-07-08,9730,2025-06-29,2500,023651,,7,4,9,2700,0,3,5,,2,006,"DAVIS ROAD","RESERVATION ROAD",55.00,S,N,B,-,N,,,,,,,,,,Y,2,0,1,1,A,-,01,23152,A,N,E,I,A,A,H,-,C,A,0,,,,,Y,Y,A,01,1,0,0,0,0,0,0,0,0,"- ","- ",36.641529083251953,-121.70681762695312,MONTEREY,UNINCORPORATED,-121.70659637451172,36.641731262207031
94754988,2025,2025-07-09,9730,2025-06-25,2050,020233,,3,2,9,2700,0,1,2,,1,030,"US-101 SOUTHBOUND","OLD STAGE ROAD",10560.00,N,N,B,-,Y,MON,,101," "," ",75.105,H,,L,Y,2,0,2,3,A,-,01,23152,A,N,A,C,A,A,H,-,D,D,0,,,,,Y,Y,A,01,1,1,0,0,0,0,0,0,0,"- ","- ",36.548721313476562,-121.49624633789062,MONTEREY,UNINCORPORATED,-121.49626922607422,36.548702239990234
94790586,2024,2025-08-05,9730,2024-11-10,"945 ",023884,,7,1,9,2700,0,1,3,,1,022,SR-1,"SOLEDAD DRIVE OVERCROSS",765.00,S,N,A,-,Y,MON,,1," ",R,75.866,H,,R,N,1,1,0,2,A,-,07,21658,A,F,B,C,A,A,H,-,A,D,0,,,,,Y,,A,01,0,0,0,0,0,0,0,0,0,"- ","- ",36.581291198730469,-121.90213012695312,MONTEREY,UNINCORPORATED,-121.90211486816406,36.581264495849609
94797998,2025,2025-08-11,9730,2025-03-20,1205,019770,,4,1,9,2700,0,1,3,,1,012,"STATE ROUTE 1","JULIA PFEIFER BURNS",4224.00,S,N,A,-,Y,MON,,1," "," ",35.074,H,,R,Y,1,1,0,1,A,-,08,22107,,N,E,I,A,A,H,-,A,D,0,,,,,Y,,A,01,0,0,0,0,0,0,0,0,0,"- ","- ",36.150161743164062,-121.66304016113281,MONTEREY,UNINCORPORATED,-121.66297912597656,36.150196075439453
94798941,2025,2025-08-15,9735,2025-02-04,2347,022742,,2,3,9,2700,0,1,2,,2,044,"US-101 (SOUTHBOUND)","JOLON ROAD",198.00,N,N,B,C,Y,MON,,101," ",R,9.708,H,,L,Y,1,2,2,1,A,-,01,23152,F,N,E,I,A,B,H,-,D,D,0,,,,,Y,,A,08,0,2,0,0,0,0,0,0,0,"- ","- ",35.874221801757812,-120.83622741699219,MONTEREY,UNINCORPORATED,-120.83615112304688,35.874282836914062
94806760,2025,2025-08-18,9730,2025-04-11,"106 ",023288,,5,3,9,2700,0,3,5,,2,003,"ABBOTT STREET","HARRIS ROAD",8712.00,S,N,A,-,N,,,,,,,,,,Y,1,1,1,2,A,-,05,21460,A,N,A,C,A,A,H,-,D,D,0,,,,,Y,,A,01,1,0,0,0,0,0,0,0,0,"- ","- ",36.628391265869141,-121.59030151367188,MONTEREY,UNINCORPORATED,-121.59028625488281,36.628398895263672
9482809,2022,2022-07-27,2708,2022-01-13,1919,74125,,4,5,6,2708,0,0,0,,0,009,"SOUTH MAIN ST","ROMIE LN",10.00,E,N,A,-,N,,,,,,,,,,N,2,0,1,2,A,-,10,21950,A,F,G,B,B,A,H,-,C,A,0,Y,,,,Y,Y,-,,1,0,0,0,1,0,0,0,0,"- ","- ",,,MONTEREY,SALINAS,-121.65773010253906,36.662654876708984
9482812,2022,2022-07-27,2708,2022-01-01,0642,73315,,6,5,6,2708,0,0,0,,0,009,"EAST ROMIE LN","ALAMEDA AV",0.00,,Y,A,-,N,,,,,,,,,,Y,2,0,2,2,A,-,09,21802,A,N,D,C,A,A,H,-,C,D,0,,,,,Y,,A,01,1,1,0,0,0,0,0,0,0,"- ","- ",,,MONTEREY,SALINAS,-121.64852905273438,36.660511016845703
94834500,2025,2025-09-08,9730,2025-02-09,"404 ",022092,,7,3,9,2700,0,1,2,,1,070,"US-101 S/B","ECHO VALLEY ROAD",5280.00,N,N,A,-,Y,MON,,101," "," ",99.567,H,,L,Y,1,1,0,1,A,-,01,23152,A,N,E,I,A,A,H,-,D,D,0,,,,,Y,Y,A,01,0,0,0,0,0,0,0,0,0,"- ","- ",36.833980560302734,-121.63018035888672,MONTEREY,UNINCORPORATED,-121.63023376464844,36.833980560302734
9485032,2022,2022-08-31,2706,2022-08-18,0025,007,2706,4,5,4,2706,0,0,0,,0,003,"DEL MONTE AV","PALO VERDE AV",48.00,W,N,A,-,N,,,,,,,,,,Y,2,0,1,1,A,-,01,23152,B,N,A,I,A,A,H,-,C,D,0,,,,,Y,Y,A,07,1,0,0,0,0,0,0,0,0,"- ","- ",,,MONTEREY,MONTEREY,-121.86952972412109,36.600788116455078
9485287,2022,2022-10-06,2704,2022-07-05,1916,6209,2704,2,5,3,2704,0,0,0,,0,002,"5TH ST","RT 101",0.00,,Y,A,-,Y,MON,5,101,-,-,53.530,R,4,S,Y,2,0,2,3,-,-,"- ",,A,N,D,D,A,A,H,-,A,A,0,,,,,Y,,A,01,1,0,1,0,0,0,0,0,0,"- ","- ",,,MONTEREY,GREENFIELD,-121.24002838134766,36.325733184814453
9485350,2022,2022-08-29,2704,2022-07-22,1649,7866,2704,5,5,3,2704,0,0,0,,0,001,"ELM AV","ELMWOOD DR",131.00,E,N,A,-,N,,,,,,,,,,N,2,0,1,2,D,-,00,,,F,G,B,F,A,H,-,A,D,0,Y,,,,Y,,-,"- ",1,0,0,0,1,0,0,0,0,"- ","- ",,,MONTEREY,GREENFIELD,-121.24517822265625,36.3154296875
9489631,2022,2022-09-08,2710,2022-07-26,1612,40428,7,2,5,4,2710,0,0,0,,0,02A,"MONTEREY RD",MINDANAO,114.00,S,N,A,-,N,,,,,,,,,,N,2,0,1,2,A,-,08,22107,,F,G,G,A,A,H,-,A,D,0,,Y,,,Y,,D,22,1,0,0,0,0,0,1,0,0,"- ","- ",,,MONTEREY,SEASIDE,-121.82846832275391,36.633621215820312
9495599,2022,2022-10-07,2710,2022-08-23,1924,40397,,2,5,4,2710,0,0,0,,0,002,"NOCHE BUENA ST","NOCHE BUENA ST 1800",0.00,,-,A,-,N,,,,,,,,,,Y,2,0,1,2,A,-,03,22350,,N,A,C,A,A,H,-,A,D,0,,,Y,,Y,,C,02,1,0,0,0,0,0,0,0,1,"- ","- ",,,MONTEREY,SEASIDE,-121.83769226074219,36.610675811767578
9499426,2022,2022-10-20,2704,2022-09-15,1530,4823,2704,4,5,3,2704,0,0,0,,0,002,"ELM AV","4TH ST",0.00,,Y,A,-,N,,,,,,,,,,N,2,0,1,2,A,-,11,21954,A,N,G,B,C,A,H,-,A,D,0,Y,,,,Y,,N,60,1,0,0,0,1,0,0,0,0,"- ","- ",,,MONTEREY,GREENFIELD,-121.23532104492188,36.320911407470703
9509369,2022,2022-11-09,2703,2022-10-27,0657,6521,2703,4,5,2,2703,0,0,0,,0,ALL,"ALTA ST","10TH ST",9.00,W,N,A,-,N,,,,,,,,,,N,2,0,2,2,C,-,18,,,N,G,B,C,A,B,-,A,D,0,Y,,Y,,Y,,-,"- ",1,0,1,0,1,0,0,0,1,"- ","- ",,,MONTEREY,GONZALES,-121.45041656494141,36.510826110839844
9509637,2022,2022-12-27,2712,2022-11-06,1949,1241,1241,7,5,3,2712,0,0,0,,0,001,"DEL MONTE BL",PALM,0.00,,N,A,-,N,,,,,,,,,,N,2,0,1,1,A,-,01,21200,5,N,H,G,A,A,H,-,C,D,0,,Y,,,Y,Y,L,04,1,0,0,0,0,0,1,0,0,"- ","- ",,,MONTEREY,MARINA,-121.80368041992188,36.683452606201172
9510330,2022,2023-01-11,2706,2022-11-16,0736,284,2706,3,5,4,2706,0,0,0,,0,001,"LIGHTHOUSE AV","PRESCOTT AV",0.00,,Y,A,-,N,,,,,,,,,,Y,2,0,1,2,A,-,12,21453,A,N,D,C,A,A,H,-,A,A,0,,,,,Y,,D,22,1,0,0,0,0,0,0,0,0,"- ","- ",,,MONTEREY,MONTEREY,-121.90269470214844,36.614707946777344
9512388,2022,2022-11-21,2712,2022-10-18,2352,1237,2712,2,5,3,2712,0,0,0,,0,001,"DEL MONTE BL","BEACH RD",475.00,S,N,A,-,N,,,,,,,,,,N,2,0,1,1,A,-,01,21200,5,N,H,I,A,A,H,-,C,D,0,,Y,,,Y,Y,L,04,1,0,0,0,0,0,1,0,0,"- ","- ",,,MONTEREY,MARINA,-121.79806518554688,36.692276000976562
9512394,2022,2022-11-01,2706,2022-10-19,1448,103,2706,3,5,4,2706,0,0,0,,0,002,"MADISON ST","PACIFIC ST",166.00,W,N,A,-,N,,,,,,,,,,N,2,0,1,2,A,-,08,22107,,N,C,G,A,A,H,-,A,A,0,,Y,,,Y,,L,04,1,0,0,0,0,0,1,0,0,"- ","- ",,,MONTEREY,MONTEREY,-121.89764404296875,36.596935272216797
9516957,2022,2022-12-30,2706,2022-11-16,2309,215,2706,3,5,4,2706,0,0,0,,0,003,"GARDEN RD","FAIRGROUND RD",2600.00,S,N,A,-,N,,,,,,,,,,Y,2,0,1,1,A,-,03,22350,,N,F,A,A,A,H,-,D,D,0,,,Y,,Y,,C,02,1,0,0,0,0,0,0,0,1,"- ","- ",,,MONTEREY,MONTEREY,-121.86463165283203,36.587570190429688
9517422,2022,2022-12-29,2710,2022-10-01,1659,40428,,6,5,4,2710,0,0,0,,0,02B,"MINGO AV","KENNETH ST",0.00,,Y,A,-,N,,,,,,,,,,N,2,0,1,2,A,-,12,22450,A,N,H,G,A,A,H,-,A,D,0,,Y,,,Y,Y,L,04,1,0,0,0,0,0,1,0,0,"- ","- ",,,MONTEREY,SEASIDE,-121.83695983886719,36.6119384765625
9528155,2022,2022-12-28,2710,2022-09-15,0813,40386,3,4,5,4,2710,0,0,0,,0,02A,"GENERAL SIM MOORE BL","SAN PABLO AV",0.00,,Y,A,-,N,,,,,,,,,,Y,2,0,1,2,A,-,09,21453,C,N,D,C,A,A,H,-,A,A,0,,,,,Y,,A,01,1,0,0,0,0,0,0,0,0,"- ","- ",,,MONTEREY,SEASIDE,,
9539255,2022,2023-01-31,2701,2022-12-09,1810,195,2701,5,5,2,2701,0,0,0,,0,00N,"JUNIPERO AV","6TH AV",0.00,,Y,A,-,N,,,,,,,,,,N,2,0,1,2,A,-,10,21950,A,N,G,B,B,A,G,-,D,A,0,Y,,,,Y,,A,01,1,0,0,0,1,0,0,0,0,"- ","- ",,,MONTEREY,CARMEL,-121.92005920410156,36.555652618408203
9556984,2023,2023-04-28,2712,2023-04-01,"18  ",1252,2712,6,5,3,2712,0,0,0,,0,02A,"DEL MONTE BL","REINDOLLAR AV",482.00,S,N,A,-,N,,,,,,,,,,Y,2,0,1,1,A,-,08,22107,,N,A,I,A,A,H,-,C,D,0,,,,,Y,Y,A,01,1,0,0,0,0,0,0,0,0,"- ","- ",36.680881500244141,-121.80516052246094,MONTEREY,MARINA,-121.80671691894531,36.679813385009766
9568429,2022,2023-05-08,2702,2022-12-02,1131,2001,,5,5,1,2702,0,0,0,,0,0D2,"CANYON DEL REY BL","FREMONT BL",0.00,,Y,A,-,Y,MON,5,218,-,-,0.060,H,-,E,N,2,0,1,2,A,-,09,21804,A,N,D,C,A,A,H,-,A,A,0,,,Y,,Y,,A,08,1,0,0,0,0,0,0,0,1,"- ","- ",,,MONTEREY,"DEL REY OAKS",-121.85005950927734,36.598247528076172
9579879,2023,2023-06-07,2710,2023-04-17,1226,40411,MARIN,1,5,4,2710,0,0,0,,0,008,"HILBY AV","MESCAL ST",0.00,,Y,A,-,N,,,,,,,,,,N,2,0,1,1,D,-,00,,,F,H,C,A,A,H,-,A,A,0,,,,,Y,,-,"- ",1,0,0,0,0,0,0,0,0,"- ","- ",,,MONTEREY,SEASIDE,-121.82723236083984,36.602218627929688
9594291,2023,2023-07-05,2710,2023-05-06,2114,40428,2710,6,5,4,2710,0,0,0,,0,01B,"BROADWAY AV","POLE 482",89.00,E,N,A,-,N,,,,,,,,,,N,2,0,1,2,A,-,11,21954,A,N,G,B,D,A,H,-,C,D,0,Y,,,,Y,,N,60,1,0,0,0,1,0,0,0,0,"- ","- ",,,MONTEREY,SEASIDE,,
9597053,2023,2023-08-04,2712,2023-07-13,2011,1073,2712,4,5,3,2712,0,0,0,,0,01B,"DEL MONTE BL","BEACH RD",0.00,,Y,A,-,N,,,,,,,,,,N,2,0,1,2,A,-,09,21803,A,N,B,C,A,A,H,-,B,A,0,,,Y,,Y,,A,07,1,0,0,0,0,0,0,0,1,"- ","- ",36.693611145019531,-121.79720306396484,MONTEREY,MARINA,-121.79739379882812,36.693458557128906
9598086,2023,2023-08-10,2712,2023-07-27,1209,1252,2712,4,5,3,2712,0,0,0,,0,02A,"REINDOLLAR AV","SUNSET AV",158.00,E,N,A,-,N,,,,,,,,,,Y,2,0,1,3,C,-,18,,,N,A,E,A,A,H,-,A,D,0,,,,,Y,,-,"- ",1,0,0,0,0,0,0,0,0,"- ","- ",36.679531097412109,-121.80284881591797,MONTEREY,MARINA,-121.8023681640625,36.679271697998047
9605841,2023,2023-08-23,2712,2023-07-24,"746 ",1215,2712,1,5,3,2712,0,0,0,,0,04B,"IMJIN PKWY","3RD AVE",2.00,W,N,B,-,N,,,,,,,,,,Y,2,0,1,2,A,-,08,22107,,N,B,C,A,A,H,-,A,-,0,,,Y,Y,Y,,G,25,1,0,0,0,0,0,0,0,1,"- ","- ",,,MONTEREY,MARINA,-121.8045654296875,36.666469573974609
9606709,2023,2023-09-06,2711,2023-06-15,1746,8182,2711,4,5,3,2711,0,0,0,,0,002,"OAK ST","MONTEREY ST",0.00,,Y,A,-,N,,,,,,,,,,N,2,0,1,2,A,-,10,21950,A,N,A,B,B,A,H,-,A,A,0,Y,,,,Y,,D,22,1,0,0,0,1,0,0,0,0,"- ","- ",,,MONTEREY,SOLEDAD,-121.32341003417969,36.424808502197266
9606985,2023,2023-10-20,2711,2023-08-25,2119,7178,2711,5,5,3,2711,0,0,0,,0,001,"BENITO ST","FRONT ST",0.00,,Y,A,-,N,,,,,,,,,,N,2,0,1,2,A,-,10,21950,A,N,G,B,B,A,H,-,C,D,0,Y,,,,Y,,D,22,1,0,0,0,1,0,0,0,0,"- ","- ",,,MONTEREY,SOLEDAD,-121.33132171630859,36.428157806396484
9614110,2023,2023-09-20,2704,2023-08-19,1648,9104,2703,6,5,3,2704,0,0,0,,0,001,"EL CAMINO REAL","OAK AV",85.00,S,N,A,-,N,,,,,,,,,,N,2,0,1,2,C,-,18,,,N,G,B,E,A,H,-,A,D,0,Y,,,,Y,,-,"- ",1,0,0,0,1,0,0,0,0,"- ","- ",,,MONTEREY,GREENFIELD,-121.24325561523438,36.320655822753906
9618698,2023,2023-12-07,2710,2023-10-22,"516 ",40422,2710,7,5,4,2710,0,0,0,,0,01B,"FREMONT BL","DEL MONTE BL",96.00,N,N,A,-,N,,,,,,,,,,N,2,0,1,2,D,-,00,,,F,B,B,D,B,H,-,C,D,0,Y,,,,Y,,-,"- ",1,0,0,0,1,0,0,0,0,"- ","- ",,,MONTEREY,SEASIDE,-121.84101867675781,36.622493743896484
9624077,2023,2023-10-17,2710,2023-08-30,"746 ",40386,10,3,5,4,2710,0,0,0,,0,02A,"NOCHE BUENA ST","WANDA AV",0.00,,Y,A,-,N,,,,,,,,,,N,1,1,0,2,A,-,09,21801,A,N,G,B,E,A,G,-,A,A,0,Y,,,,Y,,D,22,0,0,0,1,0,0,0,0,0,"- ","- ",,,MONTEREY,SEASIDE,-121.83786010742188,36.603889465332031
9624226,2023,2023-11-13,2708,2023-05-27,2142,25182,,6,5,6,2708,0,0,0,,0,006,"NORTH DAVIS RD","WESTRIDGE PKWY",1063.00,N,N,A,-,N,,,,,,,,,,Y,1,1,3,2,A,-,01,23152,A,N,A,C,A,A,H,-,C,D,0,,,,,Y,Y,A,01,2,1,0,0,0,0,0,0,0,"- ","- ",,,MONTEREY,SALINAS,-121.66593170166016,36.706794738769531
9636090,2023,2024-02-01,2702,2023-11-24,2040,230,DRO,5,5,1,2702,0,0,0,,0,0D3,"RT 68","RT 218",158.00,W,N,A,-,Y,MON,5,68,-,-,6.780,H,-,W,Y,2,0,1,3,A,-,01,23152,B,N,A,C,A,A,H,-,C,D,0,,,,,Y,Y,D,22,1,0,0,0,0,0,0,0,0,"- ","- ",,,MONTEREY,"DEL REY OAKS",-121.82845306396484,36.581161499023438
9640198,2024,2024-07-23,2712,2024-01-28,1821,1062,2712,7,5,3,2712,0,0,0,,0,02B,"RESERVATION RD","CRESCENT AV",177.00,E,N,A,-,N,,,,,,,,,,Y,1,1,0,2,-,-,"- ",,,N,G,B,D,A,H,-,C,D,0,Y,,,,Y,Y,-,"- ",0,0,0,1,0,0,0,0,0,"- ","- ",36.68389892578125,-121.79176330566406,MONTEREY,MARINA,-121.79122161865234,36.683704376220703
9640624,2023,2025-06-23,2708,2023-09-04,2028,19003,,1,5,6,2708,0,0,0,,0,012,"E ALISAL ST","EUCALYPTUS DR",152.00,E,N,A,-,N,,,,,,,,,,Y,1,1,0,2,A,-,11,21954,A,N,G,B,D,A,H,-,C,D,0,Y,,,,Y,Y,N,60,0,0,0,1,0,0,0,0,0,"- ","- ",,,MONTEREY,SALINAS,-121.62467956542969,36.672615051269531
9646684,2023,2024-03-30,2711,2023-08-29,1843,06389,2711,2,5,3,2711,0,0,0,,0,001,"MARKET ST",AMADOR,179.00,N,N,A,-,N,,,,,,,,,,N,2,0,1,2,A,-,11,21950,B,N,G,B,D,A,H,-,A,D,0,Y,,,,Y,,-,"- ",1,0,0,0,1,0,0,0,0,"- ","- ",,,MONTEREY,SOLEDAD,-121.33238220214844,36.432708740234375
9669909,2024,2024-05-10,2710,2024-01-02,1746,40432,SALIN,2,5,4,2710,0,0,0,,0,0IB,"FREMONT BL",BROADWAY,0.00,,N,A,-,N,,,,,,,,,,N,2,0,2,2,A,-,11,21954,A,N,H,B,D,A,H,-,C,D,0,Y,,Y,,Y,Y,N,60,1,1,0,0,1,0,0,0,1,"- ","- ",,,MONTEREY,SEASIDE,-121.84564971923828,36.609157562255859
9697474,2024,2024-07-17,2707,2024-04-17,1624,2349,2707,3,5,3,2707,0,0,0,,0,002,"EARLDLEY AV","CENTRAL AV",52.00,S,N,A,-,N,,,,,,,,,,N,2,0,1,3,A,-,08,22107,,N,E,E,A,A,H,-,A,D,0,,,,,Y,,A,01,1,0,0,0,0,0,0,0,0,"- ","- ",,,MONTEREY,"PACIFIC GROVE",-121.90524291992188,36.617362976074219
9702341,2024,2024-07-15,2710,2024-05-23,"410 ",40427,2710,4,5,4,2710,0,0,0,,0,01A,"CANYON DEL REY BL","FREMONT BL",118.00,W,N,A,-,Y,MON,5,218,-,L,0.900,H,-,W,N,2,0,1,2,A,-,10,21954,B,F,G,B,D,A,H,-,C,A,0,Y,,,,Y,Y,A,07,1,0,0,0,1,0,0,0,0,"- ","- ",,,MONTEREY,SEASIDE,-121.85103607177734,36.599166870117188
9735049,2024,2024-10-14,2710,2024-08-06,1546,40443,SEASI,2,5,4,2710,0,0,0,,0,002,"MINGO AV","LUXTON ST",127.11,E,N,A,-,N,,,,,,,,,,Y,2,0,2,4,A,-,11,21954,A,N,A,B,D,A,H,-,A,D,0,Y,,,,Y,,N,60,1,0,1,0,1,0,0,0,0,"- ","- ",,,MONTEREY,SEASIDE,-121.8353271484375,36.611923217773438
9770428,2024,2025-01-02,2704,2024-11-23,1725,06935,,6,5,3,2704,0,0,0,,0,001,"TYLER AV","HEIDI DR",0.00,W,N,A,-,N,,,,,,,,,,N,2,0,1,2,B,-,22,,,N,B,E,A,A,H,-,D,D,0,,,,,Y,,A,01,1,0,0,0,0,0,0,0,0,"- ","- ",,,MONTEREY,GREENFIELD,-121.24153900146484,36.314010620117188
9774728,2025,2025-07-07,2707,2025-01-06,1205,2179,2707,1,5,3,2707,0,0,0,,0,001,"AUSTIN AV","AUSTIN AV 1113",0.00,,N,A,-,N,,,,,,,,,,N,2,0,1,2,A,-,21,22106,,N,E,B,A,A,H,-,A,A,0,,,,,Y,,A,01,1,0,0,0,0,0,0,0,0,"- ","- ",,,MONTEREY,"PACIFIC GROVE",,